pgc,a,e_a,b,e_b,pa,e_pa,z,e_z
1,11.393,,10.863226,,139.74,1.5739560485559634,0.0816721680169819,1.43432567297e-05
1,10.219,,9.743816,,139.74,1.2388784397520523,0.0816721680169819,1.43432567297e-05
1,9.4025,,8.965283,,139.74,1.6585979199113825,0.0816721680169819,1.43432567297e-05
1,7.4265,0.0151,7.0811677,0.01439785,139.74,1.497368029059364,0.0816721680169819,1.43432567297e-05
1,9.5893,0.0187,9.143397,0.01783045,139.74,0.8941773478876496,0.0816721680169819,1.43432567297e-05
1,12.0945,0.0234,11.532105,0.0223119,139.74,1.775622351636756,0.0816721680169819,1.43432567297e-05
1,14.9587,0.0201,14.263121,0.01916535,139.74,1.561139701990353,0.0816721680169819,1.43432567297e-05
1,18.2661,0.0148,17.416727,0.0141118,139.74,1.5860643052769539,0.0816721680169819,1.43432567297e-05
1,22.0542,0.0238,21.028679,0.0226933,139.74,0.9281136326755459,0.0816721680169819,1.43432567297e-05
1,26.3818,0.0348,25.155046,0.0331818,139.74,1.250385937895567,0.0816721680169819,1.43432567297e-05
1,31.0034,0.0516,29.561743,0.0492006,139.74,1.1707980242325813,0.0816721680169819,1.43432567297e-05
1,35.8787,0.0987,34.21034,0.09411045,139.74,1.7267649888486019,0.0816721680169819,1.43432567297e-05
2,55.99139,4.2545233,35.32818,3.520512,163.5,1.4438651200806647,0.0167339099638056,2.13481024108e-05
3,,,,,,,0.0298673290840425,9.67335876075e-05
4,16.857,,3.6225693,,62.18,1.243414198827331,0.0148826292354559,1.23418716814e-05
4,16.556,,3.5578845,,62.18,1.027238721784777,0.0148826292354559,1.23418716814e-05
4,16.904,,3.6326697,,62.18,1.3545847870158347,0.0148826292354559,1.23418716814e-05
4,10.1945,0.0547,2.190798,0.01175503,62.18,0.8638172561041754,0.0148826292354559,1.23418716814e-05
4,15.0254,0.0664,3.2289584,0.01426936,62.18,1.627631171992582,0.0148826292354559,1.23418716814e-05
4,19.4072,0.0974,4.170607,0.02093126,62.18,1.4316643991220648,0.0148826292354559,1.23418716814e-05
4,23.8829,0.1313,5.1324353,0.02821637,62.18,1.5580877400853739,0.0148826292354559,1.23418716814e-05
4,28.5906,0.1577,6.1441197,0.03388973,62.18,1.1545259681298683,0.0148826292354559,1.23418716814e-05
4,32.6488,0.1623,7.0162272,0.03487827,62.18,1.7706980243949033,0.0148826292354559,1.23418716814e-05
4,35.683,0.1742,7.668277,0.03743558,62.18,1.6931211213221977,0.0148826292354559,1.23418716814e-05
4,38.5413,0.1892,8.282525,0.04065908,62.18,1.5783834970737618,0.0148826292354559,1.23418716814e-05
4,41.6941,0.2414,8.960062,0.05187686,62.18,0.9946387078519676,0.0148826292354559,1.23418716814e-05
4,25.652002,2.126373,5.677031,0.62962353,63.25,1.2667210037270342,0.0148826292354559,1.23418716814e-05
5,5.2865,,4.6811957,,114.32,0.8438037657872288,0.0345745855954788,5.33702552317e-05
5,4.8631,,4.306275,,114.32,0.9542894920675479,0.0345745855954788,5.33702552317e-05
5,5.0072,,4.4338756,,114.32,1.4830489532424547,0.0345745855954788,5.33702552317e-05
5,12.1358,0.0175,10.746251,0.01549625,114.32,1.5447621559078173,0.0345745855954788,5.33702552317e-05
5,15.0346,0.0181,13.313138,0.01602755,114.32,1.7675097324342102,0.0345745855954788,5.33702552317e-05
5,18.351,0.0204,16.249811,0.0180642,114.32,1.1258253581381519,0.0345745855954788,5.33702552317e-05
5,21.8374,0.0284,19.337017,0.0251482,114.32,1.170459706034869,0.0345745855954788,5.33702552317e-05
5,25.4341,0.0242,22.521896,0.0214291,114.32,1.2695558112758079,0.0345745855954788,5.33702552317e-05
5,29.3382,0.033,25.978975,0.0292215,114.32,0.9894713590842857,0.0345745855954788,5.33702552317e-05
5,33.6754,0.0551,29.819567,0.04879105,114.32,0.9299215053354717,0.0345745855954788,5.33702552317e-05
5,38.4367,0.142,34.035698,0.125741,114.32,1.275704926225934,0.0345745855954788,5.33702552317e-05
5,43.4885,0.1402,38.509068,0.1241471,114.32,1.026909349050884,0.0345745855954788,5.33702552317e-05
6,3.2154,,2.1488519,,89.16,1.4698139946825104,0.0200168000890802,0.0002999999970354
6,3.5376,,2.3641782,,89.16,1.2371519188723308,0.0200168000890802,0.0002999999970354
6,3.6691,,2.4520595,,89.16,1.6326781960578374,0.0200168000890802,0.0002999999970354
6,8.5704,0.0691,5.727598,0.04617953,89.16,1.500265102002249,0.0200168000890802,0.0002999999970354
6,9.759,0.0916,6.5219398,0.06121628,89.16,1.112366641382041,0.0200168000890802,0.0002999999970354
6,10.8742,0.0786,7.2672276,0.05252838,89.16,1.6322598013952012,0.0200168000890802,0.0002999999970354
6,12.0094,0.0604,8.025882,0.04036532,89.16,1.6047643574968018,0.0200168000890802,0.0002999999970354
6,13.1633,0.0883,8.797033,0.05901089,89.16,1.1874783790301744,0.0200168000890802,0.0002999999970354
6,14.2917,0.1048,9.551143,0.07003784,89.16,1.0883281039302442,0.0200168000890802,0.0002999999970354
6,15.533,0.1179,10.380704,0.07879257,89.16,1.4824955039749756,0.0200168000890802,0.0002999999970354
6,16.94,0.1069,11.321002,0.07144127,89.16,0.9397524836093099,0.0200168000890802,0.0002999999970354
6,18.1055,0.1383,12.099906,0.09242589,89.16,0.9999082024751084,0.0200168000890802,0.0002999999970354
6,12.026002,5.2889605,8.652095,3.9436364,89.64,0.8073622697510056,0.0200168000890802,0.0002999999970354
7,5.9666,,5.1288896,,162.18,1.5869243775021384,0.0237664417828683,8.672666157e-06
7,5.5306,,4.7541037,,162.18,1.4648508565920322,0.0237664417828683,8.672666157e-06
7,5.4603,,4.693674,,162.18,1.505165378626335,0.0237664417828683,8.672666157e-06
7,8.0866,0.0147,6.9512415,0.01263612,162.18,1.580729031021968,0.0237664417828683,8.672666157e-06
7,9.9842,0.0136,8.582418,0.01169056,162.18,1.25891577553834,0.0237664417828683,8.672666157e-06
7,12.2361,0.0217,10.518151,0.01865332,162.18,1.368741195952894,0.0237664417828683,8.672666157e-06
7,14.8364,0.0187,12.753369,0.01607452,162.18,0.9397969981276575,0.0237664417828683,8.672666157e-06
7,17.6527,0.0277,15.174261,0.02381092,162.18,0.9145300735359735,0.0237664417828683,8.672666157e-06
7,20.6586,0.03,17.758133,0.025788,162.18,1.4684029617904717,0.0237664417828683,8.672666157e-06
7,23.8414,0.0408,20.494068,0.03507168,162.18,1.2710962061431326,0.0237664417828683,8.672666157e-06
7,27.2397,0.0647,23.415247,0.05561612,162.18,1.3652361064811889,0.0237664417828683,8.672666157e-06
7,30.6418,0.0842,26.339691,0.07237832,162.18,1.5649988574160256,0.0237664417828683,8.672666157e-06
7,17.223494,2.617465,13.935458,2.288139,161.14,1.4347183200005909,0.0237664417828683,8.672666157e-06
8,9.618808,3.6765885,5.446547,2.1815813,84.8,1.353579400657996,0.0567058961836858,0.0002001384571189
9,16.110954,1.9661326,9.249564,1.1991309,117.98,1.3592071607454135,0.0586659188070701,0.0003098810495289
10,16.754107,2.198932,13.186249,1.8662418,131.38,1.1039500980626122,0.0236593677083097,9.0062307294e-06
11,13.338938,2.303553,6.578415,1.2126405,30.53,0.8308178345679395,0.0567058961836858,0.0002001384571189
12,21.776,,5.2567263,,167.04,1.2367173892323624,0.021836773492147,1.63446409828e-05
12,20.119,,4.8567266,,167.04,1.0145846728195291,0.021836773492147,1.63446409828e-05
12,18.441,,4.4516573,,167.04,1.208528643724636,0.021836773492147,1.63446409828e-05
12,24.1526,0.1897,5.8304377,0.04579358,167.04,1.6534030732681662,0.021836773492147,1.63446409828e-05
12,29.117,0.2362,7.028844,0.05701868,167.04,1.0339394858653408,0.021836773492147,1.63446409828e-05
12,34.2786,0.2304,8.274854,0.05561856,167.04,0.8583027416890661,0.021836773492147,1.63446409828e-05
12,38.7014,0.2579,9.342518,0.06225706,167.04,1.0813838920219965,0.021836773492147,1.63446409828e-05
12,43.1218,0.2765,10.409602,0.0667471,167.04,1.0935937577666837,0.021836773492147,1.63446409828e-05
12,48.033,0.2701,11.595166,0.06520214,167.04,1.461916514726895,0.021836773492147,1.63446409828e-05
12,54.4022,0.3361,13.132691,0.08113454,167.04,1.3570321523412785,0.021836773492147,1.63446409828e-05
12,62.0381,0.4993,14.975997,0.12053102,167.04,1.5838982091064135,0.021836773492147,1.63446409828e-05
12,69.9495,0.5319,16.885809,0.12840065,167.04,1.4643135403273875,0.021836773492147,1.63446409828e-05
12,42.768227,3.446712,9.356668,0.96566594,168.2,1.2063868614400706,0.021836773492147,1.63446409828e-05
13,9.905,0.041,5.326909,0.0220498,132.96,1.6140203846660346,0.0168316442436987,0.0001234187152233
13,12.8563,0.0929,6.9141183,0.04996162,132.96,0.966972919907704,0.0168316442436987,0.0001234187152233
13,16.87024,2.6414711,13.400508,2.2691085,95.0,0.8227120731338605,0.0168316442436987,0.0001234187152233
14,27.332,,16.145012,,10.47,0.8900478607756418,0.0387001063248896,3.60249229176e-05
14,25.865,,15.278456,,10.47,1.5223593505964503,0.0387001063248896,3.60249229176e-05
14,25.03,,14.785221,,10.47,1.2618772302513874,0.0387001063248896,3.60249229176e-05
14,17.0418,0.0495,10.066591,0.02923965,10.47,0.9612717790336018,0.0387001063248896,3.60249229176e-05
14,22.313,0.0641,13.180289,0.03786387,10.47,1.3010447751033636,0.0387001063248896,3.60249229176e-05
14,28.8484,0.0772,17.04075,0.04560204,10.47,0.9523121027131685,0.0387001063248896,3.60249229176e-05
14,36.5777,0.0665,21.606447,0.03928155,10.47,1.496320375077736,0.0387001063248896,3.60249229176e-05
14,45.2321,0.083,26.718601,0.0490281,10.47,1.2461562755740307,0.0387001063248896,3.60249229176e-05
14,54.9355,0.1205,32.4504,0.07117935,10.47,1.1810212260964825,0.0387001063248896,3.60249229176e-05
14,65.4662,0.1423,38.670883,0.08405661,10.47,1.1015120891478767,0.0387001063248896,3.60249229176e-05
14,76.2577,0.2009,45.04542,0.11867163,10.47,1.4302825931188885,0.0387001063248896,3.60249229176e-05
14,87.3164,0.1883,51.577797,0.11122881,10.47,1.1618126105533904,0.0387001063248896,3.60249229176e-05
14,46.4645,4.17255,24.838264,2.9970033,9.5,0.887649919316101,0.0387001063248896,3.60249229176e-05
15,8.4129,,7.6717234,,82.19,0.9180059021205154,0.0376593863478713,0.0001000692285594
15,7.5572,,6.891411,,82.19,1.7618976645495146,0.0376593863478713,0.0001000692285594
15,6.9206,,6.310895,,82.19,1.708580690707607,0.0376593863478713,0.0001000692285594
15,9.3039,0.0228,8.484226,0.02079132,82.19,1.4997071338107495,0.0376593863478713,0.0001000692285594
15,11.8085,0.0307,10.768171,0.02799533,82.19,1.0658699614595197,0.0376593863478713,0.0001000692285594
15,14.2028,0.0318,12.951533,0.02899842,82.19,1.769176377347724,0.0376593863478713,0.0001000692285594
15,16.3085,0.0363,14.871721,0.03310197,82.19,1.5787509039657945,0.0376593863478713,0.0001000692285594
15,18.0044,0.0297,16.418213,0.02708343,82.19,1.5168901891589956,0.0376593863478713,0.0001000692285594
15,19.7077,0.0347,17.97145,0.03164293,82.19,1.2493615021437887,0.0376593863478713,0.0001000692285594
15,21.2029,0.0289,19.334925,0.02635391,82.19,1.072241561845159,0.0376593863478713,0.0001000692285594
15,22.8493,0.0649,20.836277,0.05918231,82.19,0.8963909621534993,0.0376593863478713,0.0001000692285594
15,24.565,0.0826,22.400824,0.07532294,82.19,1.7026023965438417,0.0376593863478713,0.0001000692285594
16,12.736,,6.2737536,,36.28,1.2557762898336111,0.0189017430184984,2.46837433628e-05
16,12.059,,5.9402633,,36.28,1.0023633647952304,0.0189017430184984,2.46837433628e-05
16,11.639,,5.7333713,,36.28,1.1059566241506524,0.0189017430184984,2.46837433628e-05
16,16.2373,0.0654,7.998494,0.03221604,36.28,1.379219568941896,0.0189017430184984,2.46837433628e-05
16,19.3893,0.1011,9.551169,0.04980186,36.28,0.9767727829392318,0.0189017430184984,2.46837433628e-05
16,22.3288,0.0906,10.9991665,0.04462956,36.28,1.6566142840923757,0.0189017430184984,2.46837433628e-05
16,25.2622,0.1294,12.4441595,0.06374244,36.28,1.5585195298352101,0.0189017430184984,2.46837433628e-05
16,28.1863,0.079,13.884571,0.0389154,36.28,1.519462955950937,0.0189017430184984,2.46837433628e-05
16,31.0239,0.0997,15.282373,0.04911222,36.28,1.2320930397751038,0.0189017430184984,2.46837433628e-05
16,33.7821,0.0992,16.641062,0.04886592,36.28,1.4273088407024432,0.0189017430184984,2.46837433628e-05
16,36.2254,0.129,17.844631,0.0635454,36.28,1.3840979689127355,0.0189017430184984,2.46837433628e-05
16,38.5895,0.1102,19.009188,0.05428452,36.28,1.4498466015548201,0.0189017430184984,2.46837433628e-05
16,27.804895,3.6493187,13.493396,1.9870033,38.5,0.8844443211398891,0.0189017430184984,2.46837433628e-05
17,,,,,,,0.0303750136369341,0.0003999433552324
18,28.387115,3.5950062,20.564648,2.9224186,23.5,0.8416141738618925,0.0178990493483328,0.0001200830742713
19,12.650895,1.718656,5.3966126,0.81151485,175.47,1.2939908192445189,,
20,11.977,,8.421029,,145.0,1.1298612123327854,0.0246377111995259,3.10214614897e-05
20,11.74,,8.254394,,145.0,0.9445241888660469,0.0246377111995259,3.10214614897e-05
20,11.688,,8.217833,,145.0,0.9034029677225517,0.0246377111995259,3.10214614897e-05
20,13.5825,0.0356,9.549856,0.02503036,145.0,1.3876445721777122,0.0246377111995259,3.10214614897e-05
20,16.9449,0.0573,11.9139595,0.04028763,145.0,0.9705929685368861,0.0246377111995259,3.10214614897e-05
20,19.7204,0.0491,13.865414,0.03452221,145.0,1.7251201183767972,0.0246377111995259,3.10214614897e-05
20,22.1791,0.0573,15.594125,0.04028763,145.0,1.3810611397003951,0.0246377111995259,3.10214614897e-05
20,24.4125,0.0454,17.164429,0.03192074,145.0,1.1468698045348371,0.0246377111995259,3.10214614897e-05
20,26.6294,0.0401,18.723131,0.02819431,145.0,1.3909154914814168,0.0246377111995259,3.10214614897e-05
20,29.1536,0.0674,20.497896,0.04738894,145.0,0.8228038710296975,0.0246377111995259,3.10214614897e-05
20,31.7992,0.0542,22.358017,0.03810802,145.0,1.7585592132414454,0.0246377111995259,3.10214614897e-05
20,34.7832,0.0839,24.456068,0.05899009,145.0,1.2823034369429003,0.0246377111995259,3.10214614897e-05
20,26.008856,2.75483,16.90913,2.0767207,132.53,1.5827352272502861,0.0246377111995259,3.10214614897e-05
21,9.356668,2.04673,5.6379504,1.2857286,27.48,0.8827299999224386,0.1012296980466399,1.50103842839e-05
23,26.604,,14.062875,,122.34,1.2866583308381605,0.0379095594192699,0.0002268235847347
23,25.93,,13.706598,,122.34,1.290706994354521,0.0379095594192699,0.0002268235847347
23,25.453,,13.454455,,122.34,1.737826454974983,0.0379095594192699,0.0002268235847347
23,15.8575,0.0627,8.382275,0.03314322,122.34,1.3717280523760755,0.0379095594192699,0.0002268235847347
23,21.6999,0.0913,11.470567,0.04826118,122.34,1.273489401056954,0.0379095594192699,0.0002268235847347
23,28.4002,0.0752,15.012345,0.03975072,122.34,1.0669756630918936,0.0379095594192699,0.0002268235847347
23,36.1955,0.0922,19.132942,0.04873692,122.34,1.1315689973425522,0.0379095594192699,0.0002268235847347
23,44.7125,0.1109,23.635027,0.05862174,122.34,1.320672402471538,0.0379095594192699,0.0002268235847347
23,53.6327,0.1679,28.350245,0.08875194,122.34,1.2389114603050468,0.0379095594192699,0.0002268235847347
23,63.0941,0.1727,33.35154,0.09128922,122.34,0.8216120798803305,0.0379095594192699,0.0002268235847347
23,73.0842,0.1755,38.63231,0.0927693,122.34,1.6262919241943579,0.0379095594192699,0.0002268235847347
23,83.4232,0.2035,44.097504,0.1075701,122.34,1.6961607718397667,0.0379095594192699,0.0002268235847347
23,43.064682,3.8672438,21.833395,2.5361845,127.51,0.9402490889986108,0.0379095594192699,0.0002268235847347
24,6.3098,,3.8666453,,168.47,1.3540361435390493,0.033209641317928,0.0002301592256867
24,5.7621,,3.531015,,168.47,0.9085757411354436,0.033209641317928,0.0002301592256867
24,5.8771,,3.601487,,168.47,1.4722400930398116,0.033209641317928,0.0002301592256867
24,8.6641,0.0447,5.3093605,0.02739216,168.47,1.0812337838390085,0.033209641317928,0.0002301592256867
24,10.4673,0.0551,6.4143615,0.03376528,168.47,1.4594226346919017,0.033209641317928,0.0002301592256867
24,12.3884,0.0695,7.5916114,0.0425896,168.47,1.5269946142868827,0.033209641317928,0.0002301592256867
24,14.1979,0.0801,8.700473,0.04908528,168.47,1.5686474919176572,0.033209641317928,0.0002301592256867
24,15.9923,0.0823,9.800081,0.05043344,168.47,0.9077409459558966,0.033209641317928,0.0002301592256867
24,17.9956,0.0898,11.027703,0.05502944,168.47,1.7160118451376078,0.033209641317928,0.0002301592256867
24,20.246,0.0948,12.406749,0.05809344,168.47,1.0302139908948809,0.033209641317928,0.0002301592256867
24,23.1113,0.1379,14.162604,0.08450512,168.47,0.8374125561761798,0.033209641317928,0.0002301592256867
24,26.6023,0.1945,16.30189,0.1191896,168.47,1.3548524693914834,0.033209641317928,0.0002301592256867
24,15.564001,1.8635467,13.555678,1.8434237,147.48,1.170922283862439,0.033209641317928,0.0002301592256867
25,7.3198,,4.6641765,,23.47,1.629789743132413,0.0389969783696159,0.0001034048695114
25,6.9023,,4.3981457,,23.47,1.608251472064302,0.0389969783696159,0.0001034048695114
25,6.8824,,4.385465,,23.47,1.1171388928227155,0.0389969783696159,0.0001034048695114
25,10.2038,0.0442,6.5018616,0.02816424,23.47,1.7528993950697451,0.0389969783696159,0.0001034048695114
25,13.4396,0.0663,8.563713,0.04224636,23.47,1.0909178381401188,0.0389969783696159,0.0001034048695114
25,17.6185,0.0711,11.226508,0.04530492,23.47,1.3150571292317146,0.0389969783696159,0.0001034048695114
25,22.2634,0.0906,14.186238,0.05773032,23.47,1.0559650905676028,0.0389969783696159,0.0001034048695114
25,27.151,0.0765,17.300617,0.0487458,23.47,1.7360435700489634,0.0389969783696159,0.0001034048695114
25,31.5748,0.064,20.119463,0.0407808,23.47,0.9646078175820182,0.0389969783696159,0.0001034048695114
25,35.5786,0.0787,22.670685,0.05014764,23.47,0.844910619392329,0.0389969783696159,0.0001034048695114
25,39.7727,0.1108,25.343164,0.07060176,23.47,1.235097060003038,0.0389969783696159,0.0001034048695114
25,43.9077,0.2209,27.977987,0.14075749,23.47,1.792375564055837,0.0389969783696159,0.0001034048695114
25,25.241854,3.4291694,14.194538,2.4252417,30.32,1.691677266254914,0.0389969783696159,0.0001034048695114
27,8.2504,,3.961842,,138.3,1.5486080194569491,0.037689073552344,8.37245891672e-05
27,6.9932,,3.3581347,,138.3,1.690792490878525,0.037689073552344,8.37245891672e-05
27,6.3298,,3.0395699,,138.3,1.6934466396978634,0.037689073552344,8.37245891672e-05
27,10.7207,0.0957,5.1480803,0.04595514,138.3,1.3188583603864492,0.037689073552344,8.37245891672e-05
27,13.8303,0.1219,6.64131,0.05853638,138.3,1.115929051830793,0.037689073552344,8.37245891672e-05
27,17.5104,0.1372,8.408494,0.06588344,138.3,1.572012432110988,0.037689073552344,8.37245891672e-05
27,21.8207,0.1637,10.4783,0.07860874,138.3,1.4616612631677612,0.037689073552344,8.37245891672e-05
27,26.166,0.2259,12.564913,0.10847718,138.3,1.1736577288737102,0.037689073552344,8.37245891672e-05
27,29.534,0.14,14.182227,0.067228,138.3,0.8944666680615153,0.037689073552344,8.37245891672e-05
27,32.2174,0.1499,15.470796,0.07198198,138.3,1.546789611349026,0.037689073552344,8.37245891672e-05
27,34.5424,0.1556,16.587261,0.07471912,138.3,1.0624605159228646,0.037689073552344,8.37245891672e-05
27,36.7465,0.1548,17.64567,0.07433496,138.3,1.7368131505337794,0.037689073552344,8.37245891672e-05
27,22.809788,2.7836385,11.275122,1.5940708,141.67,1.0409705750056848,0.037689073552344,8.37245891672e-05
28,7.3716,,5.5043736,,177.83,0.9227579324114861,0.0228558118029773,2.06809732661e-05
28,7.1598,,5.346223,,177.83,1.6311126721249063,0.0228558118029773,2.06809732661e-05
28,6.9128,,5.161788,,177.83,0.9532843166244941,0.0228558118029773,2.06809732661e-05
28,4.4013,0.016,3.2864506,0.0119472,177.83,0.9792683081577391,0.0228558118029773,2.06809732661e-05
28,6.4838,0.0201,4.8414536,0.01500867,177.83,1.3993827915208437,0.0228558118029773,2.06809732661e-05
28,8.6365,0.0308,6.4488745,0.02299836,177.83,1.6745620408374644,0.0228558118029773,2.06809732661e-05
28,10.7103,0.0296,7.997381,0.02210232,177.83,0.9964346657145733,0.0228558118029773,2.06809732661e-05
28,12.4913,0.0347,9.327253,0.02591049,177.83,1.110323672900095,0.0228558118029773,2.06809732661e-05
28,14.1696,0.0477,10.5804405,0.03561759,177.83,1.5774048382411776,0.0228558118029773,2.06809732661e-05
28,15.7057,0.051,11.727447,0.0380817,177.83,1.7718264260609673,0.0228558118029773,2.06809732661e-05
28,17.1642,0.0567,12.816508,0.04233789,177.83,1.3007411862023424,0.0228558118029773,2.06809732661e-05
28,18.8325,0.0901,14.062228,0.06727767,177.83,0.9438975025512508,0.0228558118029773,2.06809732661e-05
28,13.87143,2.4274514,10.817359,2.0946336,1.0,0.8139362877082016,0.0228558118029773,2.06809732661e-05
29,15.8168955,1.9302467,13.618249,1.7763225,13.32,1.0296560299988553,0.0423202774500751,1.50103842839e-05
30,,,,,,,0.0263762472636986,1.83460252359e-05
31,7.7355,,6.4815755,,19.39,1.4776586736128574,0.019985159199702,0.0002398325895373
31,7.4062,,6.205655,,19.39,0.9218325046285312,0.019985159199702,0.0002398325895373
31,7.2242,,6.0531573,,19.39,1.306329931620633,0.019985159199702,0.0002398325895373
31,13.4587,0.0202,11.277044,0.01692558,19.39,1.4942624356428866,0.019985159199702,0.0002398325895373
31,17.3856,0.0381,14.567394,0.03192399,19.39,1.3811166092209024,0.019985159199702,0.0002398325895373
31,21.3912,0.0477,17.923687,0.03996783,19.39,0.9997756516600577,0.019985159199702,0.0002398325895373
31,25.0777,0.0543,21.012606,0.04549797,19.39,1.6041245261822628,0.019985159199702,0.0002398325895373
31,28.4406,0.0704,23.83038,0.05898816,19.39,1.5154071296158018,0.019985159199702,0.0002398325895373
31,31.7884,0.0604,26.6355,0.05060916,19.39,1.5389840039155418,0.019985159199702,0.0002398325895373
31,35.063,0.0676,29.379288,0.05664204,19.39,0.9310577515573133,0.019985159199702,0.0002398325895373
31,38.0799,0.0787,31.907148,0.06594273,19.39,0.9237538036503447,0.019985159199702,0.0002398325895373
31,41.1638,0.1597,34.49115,0.13381264,19.39,1.7275625510065078,0.019985159199702,0.0002398325895373
31,28.387115,2.4838223,22.548687,2.4202867,43.2,1.1975781938249406,0.019985159199702,0.0002398325895373
32,7.8935,,2.6711605,,134.83,1.10094869178094,,
32,7.6725,,2.596374,,134.83,1.2885840453515334,,
32,6.8911,,2.3319483,,134.83,1.4628642127635825,,
32,9.4833,0.1779,3.2091486,0.06020136,134.83,1.7556232570469699,,
32,11.657,0.1532,3.9447289,0.05184288,134.83,1.086446226882055,,
32,13.4506,0.132,4.551683,0.0446688,134.83,1.7248084293120272,,
32,14.806,0.1285,5.01035,0.0434844,134.83,0.8248594913862564,,
32,15.7525,0.1314,5.330646,0.04446576,134.83,1.3551980423268248,,
32,17.2632,0.15,5.841867,0.05076,134.83,1.433975111681085,,
32,18.5161,0.2639,6.265848,0.08930376,134.83,0.9058974037507533,,
32,20.1465,0.25,6.8175755,0.0846,134.83,0.9403395970639127,,
32,21.2699,0.1802,7.1977344,0.06097968,134.83,1.2191143193163039,,
32,12.6217985,2.0634563,5.384201,0.9373916,113.99,1.7662319121431818,,
33,21.934172,3.4343603,18.11846,3.4250498,35.07,1.396042553234373,0.0255346650515137,9.64000222398e-05
34,6.2828,,4.9106364,,82.84,1.7330232216002113,0.0674449922285903,0.0002698533581051
34,5.6745,,4.4351892,,82.84,1.6043609156129708,0.0674449922285903,0.0002698533581051
34,5.2974,,4.1404476,,82.84,1.2673816015552917,0.0674449922285903,0.0002698533581051
34,7.6056,0.0231,5.944537,0.01805496,82.84,1.5847634492521876,0.0674449922285903,0.0002698533581051
34,9.4607,0.039,7.394483,0.0304824,82.84,0.8178367839769878,0.0674449922285903,0.0002698533581051
34,11.2182,0.0551,8.768146,0.04306616,82.84,0.909143996765735,0.0674449922285903,0.0002698533581051
34,12.8631,0.0624,10.053799,0.04877184,82.84,1.6294286148827364,0.0674449922285903,0.0002698533581051
34,14.351,0.0528,11.216742,0.04126848,82.84,1.5968170883251618,0.0674449922285903,0.0002698533581051
34,15.8281,0.0618,12.371243,0.04830288,82.84,1.0326407419664339,0.0674449922285903,0.0002698533581051
34,17.3445,0.0825,13.556461,0.064482,82.84,1.3307695905990535,0.0674449922285903,0.0002698533581051
34,19.2863,0.0669,15.074172,0.05228904,82.84,1.406015820700011,0.0674449922285903,0.0002698533581051
34,21.4744,0.0925,16.784391,0.072298,82.84,1.6677389537760112,0.0674449922285903,0.0002698533581051
35,,,,,,,0.0010991148771949,1.13346296388e-05
36,5.751,,4.3178506,,135.22,1.2125715692736803,0.0326992882522748,0.0001034048695114
36,5.6615,,4.250654,,135.22,1.1741840434071826,0.0326992882522748,0.0001034048695114
36,6.2518,,4.6938515,,135.22,1.22588208637351,0.0326992882522748,0.0001034048695114
36,11.2613,0.0439,8.454984,0.03296012,135.22,1.4519310255799742,0.0326992882522748,0.0001034048695114
36,13.1527,0.0442,9.875047,0.03318536,135.22,1.667490631752325,0.0326992882522748,0.0001034048695114
36,15.2195,0.054,11.426801,0.0405432,135.22,1.2538968820762997,0.0326992882522748,0.0001034048695114
36,17.5674,0.0411,13.189604,0.03085788,135.22,1.0478395629513582,0.0326992882522748,0.0001034048695114
36,20.3159,0.0642,15.253178,0.04820136,135.22,1.036662362997581,0.0326992882522748,0.0001034048695114
36,23.552,0.0464,17.682842,0.03483712,135.22,1.5460142802434464,0.0326992882522748,0.0001034048695114
36,27.0993,0.0864,20.346155,0.06486912,135.22,1.6165687634239103,0.0326992882522748,0.0001034048695114
36,30.8515,0.0865,23.163305,0.0649442,135.22,0.905278079854125,0.0326992882522748,0.0001034048695114
36,34.6843,0.0995,26.040972,0.0747046,135.22,0.8665588569551782,0.0326992882522748,0.0001034048695114
36,20.1893,3.0216928,15.279926,2.5336883,153.5,1.3944336637564518,0.0326992882522748,0.0001034048695114
37,8.609,,6.091728,,159.02,0.9461732441926983,0.0258645599416647,0.000173453329503
37,8.4919,,6.008868,,159.02,1.6246641904563415,0.0258645599416647,0.000173453329503
37,9.4704,,6.701255,,159.02,1.1103346739240745,0.0258645599416647,0.000173453329503
37,7.6889,0.0349,5.4406657,0.02469524,159.02,0.9438719329711427,0.0258645599416647,0.000173453329503
37,9.805,0.0373,6.938018,0.02639348,159.02,1.7209704724874504,0.0258645599416647,0.000173453329503
37,12.3422,0.0463,8.73334,0.03276188,159.02,0.9655317227352782,0.0258645599416647,0.000173453329503
37,15.3143,0.0515,10.836399,0.0364414,159.02,1.0847200823379355,0.0258645599416647,0.000173453329503
37,18.7793,0.0481,13.288233,0.03403556,159.02,0.9536133951920587,0.0258645599416647,0.000173453329503
37,22.6174,0.0596,16.004072,0.04217296,159.02,0.915490063665355,0.0258645599416647,0.000173453329503
37,26.7582,0.0693,18.934103,0.04903668,159.02,0.8211480163364401,0.0258645599416647,0.000173453329503
37,30.7514,0.0724,21.759691,0.05123024,159.02,0.8553954091642602,0.0258645599416647,0.000173453329503
37,34.65,0.1459,24.51834,0.10323884,159.02,0.9746414709358527,0.0258645599416647,0.000173453329503
37,16.29751,3.3773763,11.671354,2.5670218,147.33,0.8533819326271754,0.0258645599416647,0.000173453329503
38,29.404,,26.360685,,91.87,1.3911438161109713,0.0036902195851771,7.3384102534e-06
38,30.011,,26.904861,,91.87,1.4807145267995065,0.0036902195851771,7.3384102534e-06
38,30.705,,27.527033,,91.87,1.1936304568320284,0.0036902195851771,7.3384102534e-06
38,6.9711,0.0074,6.2495914,0.0066341,91.87,1.1179910969520495,0.0036902195851771,7.3384102534e-06
38,14.2789,0.0156,12.801034,0.0139854,91.87,1.3045262370222301,0.0036902195851771,7.3384102534e-06
38,22.0632,0.0169,19.77966,0.01515085,91.87,1.6750049422346085,0.0036902195851771,7.3384102534e-06
38,30.8164,0.0264,27.626904,0.0236676,91.87,1.651131626822206,0.0036902195851771,7.3384102534e-06
38,39.6066,0.0527,35.507317,0.04724555,91.87,0.843475062012792,0.0036902195851771,7.3384102534e-06
38,47.4585,0.0783,42.546547,0.07019595,91.87,0.9814984095965241,0.0036902195851771,7.3384102534e-06
38,54.1373,0.0887,48.53409,0.07951955,91.87,1.036744871104396,0.0036902195851771,7.3384102534e-06
38,60.2773,0.1463,54.0386,0.13115795,91.87,1.049387575832212,0.0036902195851771,7.3384102534e-06
38,66.0429,0.1851,59.20746,0.16594215,91.87,1.3712326517427726,0.0036902195851771,7.3384102534e-06
39,11.531,,9.352794,,168.27,1.2162624257031922,0.0409116362760533,3.4023537074e-05
39,11.071,,8.979688,,168.27,0.849254119927594,0.0409116362760533,3.4023537074e-05
39,10.789,,8.7509575,,168.27,1.1736141384595715,0.0409116362760533,3.4023537074e-05
39,11.9691,0.0388,9.708137,0.03147068,168.27,1.3237529487176372,0.0409116362760533,3.4023537074e-05
39,15.6607,0.0375,12.702394,0.03041625,168.27,0.901671902903716,0.0409116362760533,3.4023537074e-05
39,19.599,0.0286,15.896749,0.02319746,168.27,1.6334585537885598,0.0409116362760533,3.4023537074e-05
39,23.0183,0.0409,18.670143,0.03317399,168.27,0.8519618664651043,0.0409116362760533,3.4023537074e-05
39,26.5236,0.0371,21.513292,0.03009181,168.27,1.724841869018062,0.0409116362760533,3.4023537074e-05
39,29.9824,0.0533,24.318726,0.04323163,168.27,0.8991131415798755,0.0409116362760533,3.4023537074e-05
39,33.3148,0.068,27.021635,0.0551548,168.27,1.6435749515977527,0.0409116362760533,3.4023537074e-05
39,36.4066,0.0837,29.529394,0.06788907,168.27,1.7026531439276171,0.0409116362760533,3.4023537074e-05
39,39.4283,0.1265,31.980293,0.10260415,168.27,1.7795706805865927,0.0409116362760533,3.4023537074e-05
39,27.171978,3.065724,23.233854,2.9930165,164.0,1.6020258802735936,0.0409116362760533,3.4023537074e-05
40,10.044,,7.246746,,141.31,1.5794775407713288,0.0242807976176638,2.86865134595e-05
40,9.0165,,6.505405,,141.31,1.4424832759955477,0.0242807976176638,2.86865134595e-05
40,8.5055,,6.1367183,,141.31,1.5789963545781291,0.0242807976176638,2.86865134595e-05
40,12.8303,0.0385,9.257061,0.02777775,141.31,0.9345522084131471,0.0242807976176638,2.86865134595e-05
40,15.6906,0.0568,11.320768,0.0409812,141.31,1.3360680359476373,0.0242807976176638,2.86865134595e-05
40,18.6079,0.0592,13.4256,0.0427128,141.31,1.3142228701904144,0.0242807976176638,2.86865134595e-05
40,21.471,0.0662,15.491326,0.0477633,141.31,1.6575721441225575,0.0242807976176638,2.86865134595e-05
40,24.5154,0.057,17.68786,0.0411255,141.31,1.262799365593516,0.0242807976176638,2.86865134595e-05
40,27.8648,0.0761,20.104454,0.05490615,141.31,1.1850894961003535,0.0242807976176638,2.86865134595e-05
40,31.6955,0.0732,22.868303,0.0528138,141.31,1.4395632712371103,0.0242807976176638,2.86865134595e-05
40,36.1439,0.0835,26.077824,0.06024525,141.31,1.0664633175008462,0.0242807976176638,2.86865134595e-05
40,41.3329,0.1236,29.821688,0.0891774,141.31,0.9397684109539569,0.0242807976176638,2.86865134595e-05
40,24.78114,3.4236407,17.263199,2.761122,132.51,1.2778772740237458,0.0242807976176638,2.86865134595e-05
41,8.396944,2.2621574,6.0272784,1.6762922,109.66,1.216889368594885,0.0736682975527022,0.0001427654301999
42,2.9692,,1.9050387,,59.87,1.0325699405288737,0.0295894701927424,0.0001347598995498
42,2.7842,,1.7863427,,59.87,1.167511810115128,0.0295894701927424,0.0001347598995498
42,2.7295,,1.7512472,,59.87,1.1663924498262475,0.0295894701927424,0.0001347598995498
42,7.5057,0.0487,4.815657,0.03124592,59.87,1.1274955644125455,0.0295894701927424,0.0001347598995498
42,8.7884,0.0571,5.6386375,0.03663536,59.87,1.179464079726929,0.0295894701927424,0.0001347598995498
42,10.0596,0.054,6.4542394,0.0346464,59.87,1.4857433454559454,0.0295894701927424,0.0001347598995498
42,11.318,0.065,7.2616286,0.041704,59.87,1.0968764745712853,0.0295894701927424,0.0001347598995498
42,12.7043,0.0873,8.151079,0.05601168,59.87,1.7488579267153406,0.0295894701927424,0.0001347598995498
42,14.1309,0.0523,9.066385,0.03355568,59.87,1.716348019538178,0.0295894701927424,0.0001347598995498
42,15.5999,0.0736,10.008896,0.04722176,59.87,1.2809104283000785,0.0295894701927424,0.0001347598995498
42,17.1751,0.0753,11.019545,0.04831248,59.87,1.1283612050046887,0.0295894701927424,0.0001347598995498
42,18.8432,0.0752,12.089797,0.04824832,59.87,1.3354347898300032,0.0295894701927424,0.0001347598995498
42,13.095475,2.3821223,7.890804,1.5228604,64.0,1.6485604887736245,0.0295894701927424,0.0001347598995498
43,32.15,,10.42946,,151.16,1.4525873405601022,0.0105623070744494,2.50173071399e-05
43,31.284,,10.14853,,151.16,1.6043918279470775,0.0105623070744494,2.50173071399e-05
43,30.691,,9.956161,,151.16,1.3327222760657402,0.0105623070744494,2.50173071399e-05
43,20.5431,0.131,6.6641817,0.0424964,151.16,1.432917629267621,0.0105623070744494,2.50173071399e-05
43,28.1147,0.2059,9.120409,0.06679396,151.16,1.0881556141824618,0.0105623070744494,2.50173071399e-05
43,38.2395,0.2207,12.404894,0.07159508,151.16,1.5348931623102908,0.0105623070744494,2.50173071399e-05
43,50.3716,0.3188,16.340548,0.10341872,151.16,1.0024045931257184,0.0105623070744494,2.50173071399e-05
43,63.2278,0.3888,20.511099,0.12612672,151.16,1.4947981288184984,0.0105623070744494,2.50173071399e-05
43,75.6888,0.2183,24.553446,0.07081652,151.16,1.660719068325894,0.0105623070744494,2.50173071399e-05
43,84.9957,0.2329,27.572605,0.07555276,151.16,0.932102837301544,0.0105623070744494,2.50173071399e-05
43,93.4105,0.2802,30.302366,0.09089688,151.16,1.4143797405419198,0.0105623070744494,2.50173071399e-05
43,102.1499,0.334,33.13743,0.1083496,151.16,0.8950957482299347,0.0105623070744494,2.50173071399e-05
43,60.55099,3.625019,14.761186,1.225958,143.65,1.5257156282714268,0.0105623070744494,2.50173071399e-05
44,,,,,,,0.0680951086501315,0.0002998741266729
45,21.191,,9.669454,,32.8,1.735939822700626,0.0677135113252248,0.0006327710784113
45,19.722,,8.999148,,32.8,0.9374079300378022,0.0677135113252248,0.0006327710784113
45,16.511,,7.5339694,,32.8,1.7588802459090804,0.0677135113252248,0.0006327710784113
45,13.3722,0.0746,6.1017346,0.03403998,32.8,1.6008841760850967,0.0677135113252248,0.0006327710784113
45,16.9101,0.1339,7.7160788,0.06109857,32.8,1.393682004466354,0.0677135113252248,0.0006327710784113
45,21.3161,0.1481,9.726537,0.06757803,32.8,1.5826241046295468,0.0677135113252248,0.0006327710784113
45,26.7171,0.1061,12.191012,0.04841343,32.8,1.5951148389830858,0.0677135113252248,0.0006327710784113
45,33.2032,0.1172,15.15062,0.05347836,32.8,1.7460270628173302,0.0677135113252248,0.0006327710784113
45,40.7682,0.1339,18.60253,0.06109857,32.8,1.0533833538391872,0.0677135113252248,0.0006327710784113
45,49.2614,0.1842,22.477978,0.08405046,32.8,1.3900758953583092,0.0677135113252248,0.0006327710784113
45,58.3551,0.2648,26.627432,0.12082824,32.8,0.8950491975644013,0.0677135113252248,0.0006327710784113
45,68.1021,0.245,31.074987,0.1117935,32.8,1.4161657000241212,0.0677135113252248,0.0006327710784113
45,30.417341,4.342388,12.886093,1.9835453,30.77,0.9712913040927889,0.0677135113252248,0.0006327710784113
46,,,,,,,0.0732480067927526,0.0002128138901915
47,9.1945,,7.179985,,148.0,1.3724305140338497,0.0255273266414193,1.13411795548e-05
47,9.8456,,7.688429,,148.0,1.2659851529812274,0.0255273266414193,1.13411795548e-05
47,11.022,,8.6070795,,148.0,1.322631775513123,0.0255273266414193,1.13411795548e-05
47,11.3624,0.0216,8.872898,0.01686744,148.0,1.5639233900065879,0.0255273266414193,1.13411795548e-05
47,13.8797,0.0234,10.838657,0.01827306,148.0,1.5992447165120667,0.0255273266414193,1.13411795548e-05
47,16.7983,0.0221,13.117792,0.01725789,148.0,1.2921532155754292,0.0255273266414193,1.13411795548e-05
47,20.3328,0.0369,15.877884,0.02881521,148.0,1.3995934415226123,0.0255273266414193,1.13411795548e-05
47,24.4184,0.041,19.068329,0.0320169,148.0,1.7312362356901019,0.0255273266414193,1.13411795548e-05
47,29.0113,0.0769,22.654924,0.06005121,148.0,0.9197335885011229,0.0255273266414193,1.13411795548e-05
47,33.83,0.0735,26.417847,0.05739615,148.0,0.9171035659001106,0.0255273266414193,1.13411795548e-05
47,40.2322,0.137,31.417324,0.1069833,148.0,0.8877090119107685,0.0255273266414193,1.13411795548e-05
47,47.2388,0.2377,36.88878,0.18561994,148.0,1.4578632850405278,0.0255273266414193,1.13411795548e-05
47,20.612053,2.8476603,17.38286,2.6334844,155.5,1.2186083007903794,0.0255273266414193,1.13411795548e-05
49,7.7303,,7.267255,,98.13,1.5743214161418433,0.0390770337524635,1.76788976817e-05
49,7.2494,,6.8151608,,98.13,1.4712314133085926,0.0390770337524635,1.76788976817e-05
49,6.8751,,6.4632816,,98.13,1.1336377583282382,0.0390770337524635,1.76788976817e-05
49,6.2905,0.0231,5.913699,0.02171631,98.13,1.6983665473615357,0.0390770337524635,1.76788976817e-05
49,8.337,0.0178,7.8376136,0.01673378,98.13,1.5625321470706524,0.0390770337524635,1.76788976817e-05
49,9.8812,0.0188,9.289316,0.01767388,98.13,1.0705349409101759,0.0390770337524635,1.76788976817e-05
49,11.549,0.0193,10.857215,0.01814393,98.13,1.164192017772054,0.0390770337524635,1.76788976817e-05
49,13.3144,0.0253,12.516868,0.02378453,98.13,1.114439980204263,0.0390770337524635,1.76788976817e-05
49,15.516,0.0429,14.586592,0.04033029,98.13,0.9576116486249997,0.0390770337524635,1.76788976817e-05
49,18.0043,0.0527,16.925842,0.04954327,98.13,0.9477833725421917,0.0390770337524635,1.76788976817e-05
49,20.2269,0.0719,19.015308,0.06759319,98.13,1.7361274633757442,0.0390770337524635,1.76788976817e-05
49,22.4891,0.1283,21.142002,0.12061483,98.13,1.2379040371987533,0.0390770337524635,1.76788976817e-05
51,6.0583,,2.4687572,,53.51,1.1833198227774098,0.0500643014841954,0.0001064069450958
51,5.3117,,2.1645176,,53.51,1.5296857086773779,0.0500643014841954,0.0001064069450958
51,5.0298,,2.0496435,,53.51,1.3529930652529,0.0500643014841954,0.0001064069450958
51,8.3842,0.0713,3.4165616,0.02905475,53.51,1.7361399868384622,0.0500643014841954,0.0001064069450958
51,9.844,0.102,4.01143,0.041565,53.51,1.5803014939093922,0.0500643014841954,0.0001064069450958
51,11.4156,0.1161,4.651857,0.04731075,53.51,1.2793695641245404,0.0500643014841954,0.0001064069450958
51,13.1441,0.1148,5.3562207,0.046781,53.51,1.1763594734808263,0.0500643014841954,0.0001064069450958
51,15.1035,0.1154,6.1546764,0.0470255,53.51,1.786631544924322,0.0500643014841954,0.0001064069450958
51,17.1237,0.156,6.9779077,0.06357,53.51,1.5177602360036435,0.0500643014841954,0.0001064069450958
51,19.5447,0.1649,7.964465,0.06719675,53.51,1.7511946600038413,0.0500643014841954,0.0001064069450958
51,22.1479,0.167,9.0252695,0.0680525,53.51,0.9184785772170414,0.0500643014841954,0.0001064069450958
51,25.2966,0.2129,10.308365,0.08675675,53.51,1.6505336791907825,0.0500643014841954,0.0001064069450958
51,17.463097,2.3724058,5.4591026,1.0399768,44.46,1.4370738839912076,0.0500643014841954,0.0001064069450958
52,10.165324,1.5214242,6.5181036,1.0348241,104.62,0.9219216783351126,,
53,10.785,,8.382102,,139.79,1.3882579999692206,0.0225052359389241,9.6733590789e-06
53,10.847,,8.430288,,139.79,1.4860963651054488,0.0225052359389241,9.6733590789e-06
53,10.831,,8.417853,,139.79,0.8123026858886029,0.0225052359389241,9.6733590789e-06
53,3.8528,0.0269,2.9943962,0.02090668,139.79,1.2543179618417466,0.0225052359389241,9.6733590789e-06
53,7.396,0.0329,5.7481713,0.02556988,139.79,1.625399511196321,0.0225052359389241,9.6733590789e-06
53,10.4488,0.0297,8.120808,0.02308284,139.79,1.09535902534409,0.0225052359389241,9.6733590789e-06
53,13.3977,0.0402,10.412692,0.03124344,139.79,1.2585480817985513,0.0225052359389241,9.6733590789e-06
53,16.1429,0.0389,12.546262,0.03023308,139.79,1.2423141270678932,0.0225052359389241,9.6733590789e-06
53,18.8763,0.0466,14.67066,0.03621752,139.79,1.1019273914424916,0.0225052359389241,9.6733590789e-06
53,22.0438,0.0471,17.13244,0.03660612,139.79,1.7184418955155543,0.0225052359389241,9.6733590789e-06
53,25.5632,0.06,19.86772,0.046632,139.79,1.581294035431516,0.0225052359389241,9.6733590789e-06
53,29.4482,0.1465,22.88714,0.1138598,139.79,0.9105884109961105,0.0225052359389241,9.6733590789e-06
53,18.583233,2.8668947,13.744257,2.3232238,114.45,1.797034657837573,0.0225052359389241,9.6733590789e-06
54,34.68337,2.5555649,11.223318,1.0820016,7.83,1.6792000243077454,0.0294647172211383,0.0001397633609778
55,15.085,,4.612993,,11.42,1.083908437864039,0.0159406945454244,1.23418716814e-05
55,14.623,,4.4717135,,11.42,1.6368965796609383,0.0159406945454244,1.23418716814e-05
55,14.333,,4.3830314,,11.42,0.9064195318713829,0.0159406945454244,1.23418716814e-05
55,5.7149,0.0336,1.7476164,0.01027488,11.42,1.7991047304742387,0.0159406945454244,1.23418716814e-05
55,10.7995,0.0645,3.3024871,0.0197241,11.42,1.465684736106537,0.0159406945454244,1.23418716814e-05
55,15.0597,0.0957,4.605256,0.02926506,11.42,1.450125015558797,0.0159406945454244,1.23418716814e-05
55,19.1129,0.0741,5.8447247,0.02265978,11.42,0.8904407269841328,0.0159406945454244,1.23418716814e-05
55,23.0548,0.1178,7.050158,0.03602324,11.42,1.6970333988966253,0.0159406945454244,1.23418716814e-05
55,26.6457,0.1116,8.148255,0.03412728,11.42,0.8289995032044695,0.0159406945454244,1.23418716814e-05
55,30.0256,0.115,9.1818285,0.035167,11.42,1.040828058041147,0.0159406945454244,1.23418716814e-05
55,33.5712,0.1778,10.266073,0.05437124,11.42,0.943021875166635,0.0159406945454244,1.23418716814e-05
55,37.0642,0.1669,11.334232,0.05103802,11.42,1.5767679406922186,0.0159406945454244,1.23418716814e-05
55,23.127104,1.9170765,7.016512,0.7270252,11.0,0.9982042272128979,0.0159406945454244,1.23418716814e-05
56,,,,,,,0.0740552319031321,0.0001437661199406
57,8.396944,1.566109,6.253473,1.2294213,97.95,1.4562690393274902,0.029117476998037,1.2008307109e-05
58,12.626,,7.717011,,83.75,0.8361627104946963,0.0284736982943046,0.0003956070118152
58,12.005,,7.337456,,83.75,0.8054298341287005,0.0284736982943046,0.0003956070118152
58,11.728,,7.168154,,83.75,0.851657917014399,0.0284736982943046,0.0003956070118152
58,11.6126,0.0472,7.097621,0.02884864,83.75,1.4059251776477277,0.0284736982943046,0.0003956070118152
58,15.6402,0.0819,9.55929,0.05005728,83.75,1.6014818108594153,0.0284736982943046,0.0003956070118152
58,19.7562,0.1181,12.074989,0.07218272,83.75,1.0385528206273884,0.0284736982943046,0.0003956070118152
58,23.4815,0.0874,14.351892,0.05341888,83.75,1.6494088429230729,0.0284736982943046,0.0003956070118152
58,27.7133,0.1116,16.93837,0.06820992,83.75,0.8572319401532604,0.0284736982943046,0.0003956070118152
58,31.7549,0.0817,19.408594,0.04993504,83.75,1.6009638536416761,0.0284736982943046,0.0003956070118152
58,36.446,0.1604,22.275795,0.09803648,83.75,1.7277954301722804,0.0284736982943046,0.0003956070118152
58,41.4664,0.2319,25.344263,0.14173728,83.75,1.5721083991043807,0.0284736982943046,0.0003956070118152
58,46.1548,0.2852,28.209814,0.17431425,83.75,1.4981207839786372,0.0284736982943046,0.0003956070118152
58,22.290575,2.0017118,15.963248,2.3019228,87.3,1.6379802186553831,0.0284736982943046,0.0003956070118152
59,10.967844,1.5657724,8.130575,1.2736017,88.5,0.8401512995470665,,
60,5.6756,,3.5131965,,163.6,1.0017821107190554,0.0288299447479762,0.0002735225580625
60,5.5723,,3.4492538,,163.6,0.9249236793056431,0.0288299447479762,0.0002735225580625
60,5.7418,,3.5541742,,163.6,1.3045309901929865,0.0288299447479762,0.0002735225580625
60,5.7789,0.0518,3.5771391,0.0320642,163.6,1.5451881283288444,0.0288299447479762,0.0002735225580625
60,7.5052,0.0749,4.6457186,0.0463631,163.6,1.4300118445763987,0.0288299447479762,0.0002735225580625
60,9.3484,0.0675,5.7866597,0.0417825,163.6,1.651131099761935,0.0288299447479762,0.0002735225580625
60,11.2913,0.0908,6.9893146,0.0562052,163.6,0.9552129924410909,0.0288299447479762,0.0002735225580625
60,13.1802,0.0966,8.158544,0.0597954,163.6,1.5346210919351617,0.0288299447479762,0.0002735225580625
60,15.1535,0.1022,9.380016,0.0632618,163.6,0.9930414908689041,0.0288299447479762,0.0002735225580625
60,17.5595,0.1054,10.86933,0.0652426,163.6,1.0707587513178003,0.0288299447479762,0.0002735225580625
60,20.2257,0.1281,12.519709,0.0792939,163.6,1.509904697281304,0.0288299447479762,0.0002735225580625
60,23.4073,0.1593,14.489119,0.0986067,163.6,1.780204784898682,0.0288299447479762,0.0002735225580625
60,12.1652565,1.5966576,7.7467804,1.089848,158.83,1.4115436059770696,0.0288299447479762,0.0002735225580625
61,8.7017,,6.1025023,,82.31,0.8545003149912956,0.0369452256200521,7.00484599916e-05
61,8.3868,,5.881663,,82.31,1.4163089699275329,0.0369452256200521,7.00484599916e-05
61,8.0776,,5.6648207,,82.31,0.8423505515801671,0.0369452256200521,7.00484599916e-05
61,11.3999,0.0333,7.99475,0.02335329,82.31,1.6841457113668172,0.0369452256200521,7.00484599916e-05
61,13.5312,0.0507,9.48943,0.03555591,82.31,1.5095782851006208,0.0369452256200521,7.00484599916e-05
61,15.6882,0.0568,11.002134,0.03983384,82.31,0.9731278464225033,0.0369452256200521,7.00484599916e-05
61,17.8402,0.0662,12.5113325,0.04642606,82.31,0.8917210058241981,0.0369452256200521,7.00484599916e-05
61,19.9155,0.0914,13.966741,0.06409882,82.31,0.983533228880319,0.0369452256200521,7.00484599916e-05
61,21.9693,0.0688,15.40707,0.04824944,82.31,1.7800271795541924,0.0369452256200521,7.00484599916e-05
61,23.7794,0.0583,16.676493,0.04088579,82.31,1.2585606424584899,0.0369452256200521,7.00484599916e-05
61,25.4154,0.0957,17.82382,0.06711441,82.31,1.584080948341408,0.0369452256200521,7.00484599916e-05
61,27.0438,0.1136,18.965816,0.07966768,82.31,1.436408342107777,0.0369452256200521,7.00484599916e-05
61,16.677128,4.4544587,11.120421,3.0280857,75.8,1.3724131499586374,0.0369452256200521,7.00484599916e-05
62,30.20795,2.8518114,6.1111264,0.73184747,8.98,0.9451302546650497,0.0358011007735224,0.0001307571278626
63,12.117,,9.118043,,77.8,1.746024453558095,0.029233557303166,6.33771780876e-05
63,11.948,,8.99087,,77.8,1.101342632514718,0.029233557303166,6.33771780876e-05
63,11.328,,8.52432,,77.8,1.3780172158075423,0.029233557303166,6.33771780876e-05
63,15.0338,0.0247,11.312935,0.01858675,77.8,1.4997759445890662,0.029233557303166,6.33771780876e-05
63,18.9828,0.032,14.284557,0.02408,77.8,1.449233155245309,0.029233557303166,6.33771780876e-05
63,23.4563,0.0356,17.650866,0.026789,77.8,1.7405944096955186,0.029233557303166,6.33771780876e-05
63,28.5424,0.0348,21.478155,0.026187,77.8,0.948438989920058,0.029233557303166,6.33771780876e-05
63,34.3523,0.0468,25.850105,0.035217,77.8,1.308352738446942,0.029233557303166,6.33771780876e-05
63,40.6784,0.0712,30.610497,0.053578,77.8,1.204034390740766,0.029233557303166,6.33771780876e-05
63,47.4266,0.1252,35.688515,0.094213,77.8,1.2741687294826183,0.029233557303166,6.33771780876e-05
63,53.947,0.1587,40.595116,0.11942175,77.8,0.9192175261977447,0.029233557303166,6.33771780876e-05
63,59.5922,0.2142,44.843132,0.1611855,77.8,0.9340946098727654,0.029233557303166,6.33771780876e-05
64,8.0735,,6.3974414,,116.4,1.0780755457812574,0.0520199877743422,0.00010974259241
64,7.6592,,6.06915,,116.4,1.1047046037608315,0.0520199877743422,0.00010974259241
64,7.5041,,5.946249,,116.4,1.22790321368135,0.0520199877743422,0.00010974259241
64,9.6033,0.0078,7.609655,0.00618072,116.4,1.4109875470366284,0.0520199877743422,0.00010974259241
64,12.0376,0.0104,9.538594,0.00824096,116.4,1.434629117418263,0.0520199877743422,0.00010974259241
64,14.9431,0.0129,11.840913,0.01022196,116.4,1.2118108965855703,0.0520199877743422,0.00010974259241
64,18.2769,0.0222,14.482615,0.01759128,116.4,1.2087831094286972,0.0520199877743422,0.00010974259241
64,21.992,0.0188,17.42646,0.01489712,116.4,1.017628526696962,0.0520199877743422,0.00010974259241
64,26.0824,0.0287,20.667694,0.02274188,116.4,1.3883062484090083,0.0520199877743422,0.00010974259241
64,30.4833,0.0459,24.154966,0.03637116,116.4,1.117040911317238,0.0520199877743422,0.00010974259241
64,35.0166,0.0709,27.747154,0.05618116,116.4,0.8360598342773637,0.0520199877743422,0.00010974259241
64,39.7398,0.1243,31.489817,0.09849532,116.4,1.2184000441568603,0.0520199877743422,0.00010974259241
64,19.729734,2.3623285,16.185318,2.1502743,108.32,1.2741326750901703,0.0520199877743422,0.00010974259241
65,15.775,,4.4595923,,156.08,1.025592868204211,0.0196902885395469,0.0002001384571189
65,15.339,,4.336335,,156.08,1.3724579331221158,0.0196902885395469,0.0002001384571189
65,14.701,,4.1559725,,156.08,1.365771900431921,0.0196902885395469,0.0002001384571189
65,22.0524,0.1803,6.2342134,0.05097081,156.08,1.5020021811103714,0.0196902885395469,0.0002001384571189
65,25.1961,0.2158,7.1229377,0.06100666,156.08,1.44794848220121,0.0196902885395469,0.0002001384571189
65,29.0192,0.1661,8.203728,0.04695647,156.08,1.4524330565210315,0.0196902885395469,0.0002001384571189
65,32.0037,0.2172,9.047446,0.06140244,156.08,1.1162141518240432,0.0196902885395469,0.0002001384571189
65,35.1548,0.2423,9.938262,0.06849821,156.08,1.5874322219859538,0.0196902885395469,0.0002001384571189
65,39.6807,0.2906,11.217734,0.08215262,156.08,1.3491443835996795,0.0196902885395469,0.0002001384571189
65,44.4395,0.2369,12.563046,0.06697163,156.08,1.2314181951798902,0.0196902885395469,0.0002001384571189
65,49.652,0.3391,14.03662,0.09586357,156.08,1.4260124809410573,0.0196902885395469,0.0002001384571189
65,55.757,0.3899,15.762504,0.11022473,156.08,1.1606573344502542,0.0196902885395469,0.0002001384571189
65,38.73658,3.2109935,8.093218,0.84990156,157.03,1.3127392446067583,0.0196902885395469,0.0002001384571189
66,8.2363,,7.4044337,,36.75,1.5367056884822203,0.0500276094337236,0.0001124111026267
66,7.6883,,6.911782,,36.75,1.6864028867237078,0.0500276094337236,0.0001124111026267
66,7.6211,,6.851369,,36.75,1.7210571972951918,0.0500276094337236,0.0001124111026267
66,8.2197,0.0024,7.38951,0.0021576,36.75,1.3036329251830994,0.0500276094337236,0.0001124111026267
66,10.0704,0.0042,9.053289,0.0037758,36.75,1.3202751147405691,0.0500276094337236,0.0001124111026267
66,12.2136,0.0069,10.980026,0.0062031,36.75,1.5998704107638364,0.0500276094337236,0.0001124111026267
66,14.8161,0.0109,13.319674,0.0097991,36.75,1.1144506917442012,0.0500276094337236,0.0001124111026267
66,17.9647,0.0184,16.150265,0.0165416,36.75,1.6373823623450687,0.0500276094337236,0.0001124111026267
66,21.5899,0.0247,19.40932,0.0222053,36.75,1.2941416465174234,0.0500276094337236,0.0001124111026267
66,25.469,0.0437,22.896631,0.0392863,36.75,0.9158567243352684,0.0500276094337236,0.0001124111026267
66,29.4604,0.0637,26.4849,0.0572663,36.75,0.8720591470729437,0.0500276094337236,0.0001124111026267
66,32.9295,0.0891,29.60362,0.0801009,36.75,1.641993211039463,0.0500276094337236,0.0001124111026267
67,,,,,,,0.0662404922808298,0.0001647806681177
68,23.180418,2.29512,13.6811075,1.5215783,27.22,1.080611436133656,0.0256123854856949,2.06809732661e-05
69,32.118,,14.218638,,22.38,1.134130040501546,0.0490055690460365,6.33771780876e-05
69,28.004,,12.39737,,22.38,0.9729944451915938,0.0490055690460365,6.33771780876e-05
69,28.017,,12.403126,,22.38,1.1138933698019893,0.0490055690460365,6.33771780876e-05
69,14.442,0.1155,6.3934736,0.05113185,22.38,1.5426925667250857,0.0490055690460365,6.33771780876e-05
69,18.7826,0.1723,8.315057,0.07627721,22.38,0.8146828435600708,0.0490055690460365,6.33771780876e-05
69,23.1684,0.2396,10.256651,0.10607092,22.38,1.6271734245206866,0.0490055690460365,6.33771780876e-05
69,28.1945,0.1742,12.481705,0.07711834,22.38,1.6565480235745582,0.0490055690460365,6.33771780876e-05
69,35.2203,0.2233,15.592027,0.09885491,22.38,1.1722615731915482,0.0490055690460365,6.33771780876e-05
69,42.8688,0.311,18.978018,0.1376797,22.38,0.9536128990606348,0.0490055690460365,6.33771780876e-05
69,50.6479,0.3123,22.421825,0.13825521,22.38,1.400840407945081,0.0490055690460365,6.33771780876e-05
69,59.9365,0.2348,26.533888,0.10394596,22.38,0.9196725558648944,0.0490055690460365,6.33771780876e-05
69,67.7958,0.2086,30.0132,0.09234722,22.38,1.1649193610782524,0.0490055690460365,6.33771780876e-05
69,41.794704,3.4644911,28.518145,3.0355628,18.81,1.7584291809009724,0.0490055690460365,6.33771780876e-05
70,33.298,,4.049037,,109.95,1.795464472583637,0.0226940332168062,5.3370256027e-06
70,31.067,,3.7777472,,109.95,1.5721048913545856,0.0226940332168062,5.3370256027e-06
70,27.853,,3.3869247,,109.95,1.1109615099207661,0.0226940332168062,5.3370256027e-06
70,27.6815,0.1473,3.3660705,0.01791168,109.95,1.4876650491660925,0.0226940332168062,5.3370256027e-06
70,36.5583,0.3086,4.4454894,0.03752576,109.95,1.5054063654840126,0.0226940332168062,5.3370256027e-06
70,45.2907,0.2397,5.507349,0.02914752,109.95,1.18784169516365,0.0226940332168062,5.3370256027e-06
70,53.0825,0.2118,6.454832,0.02575488,109.95,1.4408886345861593,0.0226940332168062,5.3370256027e-06
70,62.178,0.3094,7.560845,0.03762304,109.95,0.8107276449756763,0.0226940332168062,5.3370256027e-06
70,71.0293,0.4368,8.637163,0.05311488,109.95,1.0090576586022415,0.0226940332168062,5.3370256027e-06
70,81.231,0.3782,9.877689,0.04598912,109.95,1.325088302967261,0.0226940332168062,5.3370256027e-06
70,93.1574,0.3759,11.32794,0.04570944,109.95,0.9637513042582959,0.0226940332168062,5.3370256027e-06
70,102.9881,0.4603,12.523353,0.05597248,109.95,0.9659068678765337,0.0226940332168062,5.3370256027e-06
70,53.471363,3.447426,7.6404905,0.67222303,110.15,1.636304290550238,0.0226940332168062,5.3370256027e-06
71,14.491764,1.7685316,6.1111264,0.8245881,12.0,1.7891330026836054,,
73,15.845,,14.681977,,78.14,1.3559694280284484,0.023065623618857,4.23626394539e-05
73,14.681,,13.603415,,78.14,1.6390697308817135,0.023065623618857,4.23626394539e-05
73,13.846,,12.829703,,78.14,1.7903216643262727,0.023065623618857,4.23626394539e-05
73,13.0996,0.0206,12.138089,0.01908796,78.14,0.9415958885687747,0.023065623618857,4.23626394539e-05
73,17.7464,0.0263,16.443813,0.02436958,78.14,1.2482456132543511,0.023065623618857,4.23626394539e-05
73,21.9516,0.0285,20.340353,0.0264081,78.14,1.19257271584192,0.023065623618857,4.23626394539e-05
73,25.6472,0.015,23.764696,0.013899,78.14,0.8800492836461851,0.023065623618857,4.23626394539e-05
73,29.2481,0.0457,27.10129,0.04234562,78.14,1.5553301727947444,0.023065623618857,4.23626394539e-05
73,32.6358,0.0449,30.240332,0.04160434,78.14,1.233779027322593,0.023065623618857,4.23626394539e-05
73,35.85,0.0601,33.21861,0.05568866,78.14,1.2693269341904014,0.023065623618857,4.23626394539e-05
73,39.1103,0.0926,36.239605,0.08580316,78.14,0.9506729738132402,0.023065623618857,4.23626394539e-05
73,42.5516,0.1316,39.428314,0.12194056,78.14,0.9809266522308682,0.023065623618857,4.23626394539e-05
73,35.902214,2.645373,30.347383,2.674581,115.63,1.707103622156215,0.023065623618857,4.23626394539e-05
74,5.6085,,5.1514072,,94.88,0.8446490889742789,0.0431995524050174,1.5343948061e-05
74,5.624,,5.165644,,94.88,1.0328522849437063,0.0431995524050174,1.5343948061e-05
74,5.698,,5.233613,,94.88,1.0920593303145285,0.0431995524050174,1.5343948061e-05
74,6.3704,0.0307,5.8512125,0.02819795,94.88,1.2901975424015864,0.0431995524050174,1.5343948061e-05
74,7.7877,0.0299,7.1530023,0.02746315,94.88,1.386445173014796,0.0431995524050174,1.5343948061e-05
74,9.1946,0.0149,8.44524,0.01368565,94.88,1.2932899758506666,0.0431995524050174,1.5343948061e-05
74,10.2515,0.0213,9.416002,0.01956405,94.88,0.8841153345568821,0.0431995524050174,1.5343948061e-05
74,11.4749,0.036,10.539696,0.033066,94.88,1.0436674540557136,0.0431995524050174,1.5343948061e-05
74,12.8141,0.0431,11.769751,0.03958735,94.88,1.6435883847625412,0.0431995524050174,1.5343948061e-05
74,14.2766,0.0498,13.113057,0.0457413,94.88,1.437588700478459,0.0431995524050174,1.5343948061e-05
74,15.7392,0.0658,14.456455,0.0604373,94.88,1.4491490501342743,0.0431995524050174,1.5343948061e-05
74,17.4954,0.0995,16.069525,0.09139075,94.88,1.4702032553513549,0.0431995524050174,1.5343948061e-05
75,21.688,,17.582462,,176.44,1.562903019039529,0.0386000370963301,0.0001067405104634
75,20.923,,16.962276,,176.44,0.8581084817214474,0.0386000370963301,0.0001067405104634
75,20.098,,16.29345,,176.44,1.1666083849326125,0.0386000370963301,0.0001067405104634
75,18.0539,0.0224,14.636296,0.01815968,176.44,1.3395274352616786,0.0386000370963301,0.0001067405104634
75,23.5553,0.0303,19.096281,0.02456421,176.44,1.138456483297326,0.0386000370963301,0.0001067405104634
75,30.0959,0.0333,24.398746,0.02699631,176.44,1.6444788732871864,0.0386000370963301,0.0001067405104634
75,37.4621,0.0375,30.370525,0.03040125,176.44,1.282572508587294,0.0386000370963301,0.0001067405104634
75,45.5115,0.0558,36.89617,0.04523706,176.44,1.5686275894593793,0.0386000370963301,0.0001067405104634
75,54.556,0.0762,44.22855,0.06177534,176.44,1.652015516881169,0.0386000370963301,0.0001067405104634
75,64.3121,0.1023,52.13782,0.08293461,176.44,1.3047914829034981,0.0386000370963301,0.0001067405104634
75,74.6005,0.0968,60.478626,0.07847576,176.44,1.70955224387135,0.0386000370963301,0.0001067405104634
75,84.9594,0.1394,68.87659,0.11301158,176.44,1.3871239405369806,0.0386000370963301,0.0001067405104634
75,44.578068,3.592568,37.76776,3.740441,174.56,1.6502742988337218,0.0386000370963301,0.0001067405104634
76,17.872,,8.5267315,,42.58,1.1405907955915242,0.0230009121843885,1.60110772057e-05
76,15.912,,7.591615,,42.58,1.2988169585314853,0.0230009121843885,1.60110772057e-05
76,15.032,,7.171767,,42.58,1.3314110410045776,0.0230009121843885,1.60110772057e-05
76,18.2388,0.0996,8.701732,0.04751916,42.58,0.9049797158960706,0.0230009121843885,1.60110772057e-05
76,22.863,0.1189,10.907937,0.05672719,42.58,1.1985525067015406,0.0230009121843885,1.60110772057e-05
76,27.8364,0.1254,13.280746,0.05982834,42.58,1.7173376725516762,0.0230009121843885,1.60110772057e-05
76,32.9459,0.1589,15.718489,0.07581119,42.58,1.4308322403647424,0.0230009121843885,1.60110772057e-05
76,38.3902,0.1129,18.315964,0.05386459,42.58,0.9775065824369675,0.0230009121843885,1.60110772057e-05
76,44.212,0.1675,21.093546,0.07991425,42.58,1.138855635609605,0.0230009121843885,1.60110772057e-05
76,50.0849,0.2001,23.895506,0.09546771,42.58,0.9916030096626999,0.0230009121843885,1.60110772057e-05
76,56.0931,0.2804,26.762018,0.13377884,42.58,0.8248231317985726,0.0230009121843885,1.60110772057e-05
76,62.8749,0.2832,29.997614,0.13511471,42.58,1.7274604585040267,0.0230009121843885,1.60110772057e-05
76,37.6809,2.5161407,15.070277,1.2843909,45.0,1.2482073282568715,0.0230009121843885,1.60110772057e-05
77,,,,,,,0.0423126054758855,0.0001300899971273
79,8.5458,,6.6956344,,26.6,1.3984771915577365,0.0298689969045185,1.83460252359e-05
79,8.3648,,6.5538206,,26.6,0.8073144562930157,0.0298689969045185,1.83460252359e-05
79,8.2096,,6.4322214,,26.6,1.0780221066008138,0.0298689969045185,1.83460252359e-05
79,11.0782,0.0255,8.6797695,0.01997925,26.6,1.5030334656988926,0.0298689969045185,1.83460252359e-05
79,13.127,0.033,10.285005,0.0258555,26.6,1.4337697730692631,0.0298689969045185,1.83460252359e-05
79,15.0928,0.0317,11.825209,0.02483695,26.6,1.7818059475425354,0.0298689969045185,1.83460252359e-05
79,16.949,0.0417,13.279542,0.03267195,26.6,1.420357709658044,0.0298689969045185,1.83460252359e-05
79,18.8929,0.0422,14.8025875,0.0330637,26.6,1.277505873627733,0.0298689969045185,1.83460252359e-05
79,20.8967,0.0514,16.372564,0.0402719,26.6,1.5614325631840078,0.0298689969045185,1.83460252359e-05
79,22.8151,0.0413,17.875631,0.03235855,26.6,1.7033278719640532,0.0298689969045185,1.83460252359e-05
79,24.8153,0.0578,19.442787,0.0452863,26.6,1.5206959467183516,0.0298689969045185,1.83460252359e-05
79,27.3995,0.1023,21.467508,0.08015205,26.6,1.7632112235493795,0.0298689969045185,1.83460252359e-05
79,20.1893,2.6962798,17.223494,2.5047765,15.89,1.5820051707381773,0.0298689969045185,1.83460252359e-05
80,11.223,,5.0368824,,179.86,1.6668014382619265,0.0307649500642207,3.9026998502e-05
80,9.4928,,4.260369,,179.86,0.9141040711836372,0.0307649500642207,3.9026998502e-05
80,8.6276,,3.872067,,179.86,1.5324135029937878,0.0307649500642207,3.9026998502e-05
80,16.9166,0.1257,7.5921702,0.05641416,179.86,1.2400886995273686,0.0307649500642207,3.9026998502e-05
80,20.9532,0.1431,9.403796,0.06422328,179.86,1.3531038024112751,0.0307649500642207,3.9026998502e-05
80,25.2378,0.2258,11.326725,0.10133904,179.86,1.4541024094823567,0.0307649500642207,3.9026998502e-05
80,29.3942,0.1291,13.192117,0.05794008,179.86,1.7698151167055696,0.0307649500642207,3.9026998502e-05
80,33.874,0.1647,15.202651,0.07391736,179.86,1.7845780814316248,0.0307649500642207,3.9026998502e-05
80,38.2806,0.1431,17.180334,0.06422328,179.86,1.0882282454879053,0.0307649500642207,3.9026998502e-05
80,42.5164,0.1489,19.08136,0.06682632,179.86,1.5337534974379161,0.0307649500642207,3.9026998502e-05
80,47.4037,0.1912,21.27478,0.08581056,179.86,1.5499835379352687,0.0307649500642207,3.9026998502e-05
80,52.3823,0.2121,23.509176,0.09519048,179.86,1.1464928613130487,0.0307649500642207,3.9026998502e-05
80,27.109484,3.2459385,15.244783,2.0731235,1.0,0.9238697748642211,0.0307649500642207,3.9026998502e-05
81,13.003,,9.096899,,55.11,0.8409469602857198,0.0177589524283496,7.67197418956e-05
81,11.827,,8.274169,,55.11,1.5773431275291787,0.0177589524283496,7.67197418956e-05
81,11.391,,7.9691434,,55.11,1.2896997418169058,0.0177589524283496,7.67197418956e-05
81,17.7696,0.0601,12.431612,0.04204596,55.11,1.7855401694949262,0.0177589524283496,7.67197418956e-05
81,22.1024,0.0733,15.462839,0.05128068,55.11,1.264973456193653,0.0177589524283496,7.67197418956e-05
81,26.8692,0.0851,18.797693,0.05953596,55.11,1.7779169790738403,0.0177589524283496,7.67197418956e-05
81,32.1636,0.0811,22.501654,0.05673756,55.11,1.21157600219406,0.0177589524283496,7.67197418956e-05
81,38.2527,0.0532,26.76159,0.03721872,55.11,1.5936821505599728,0.0177589524283496,7.67197418956e-05
81,45.2496,0.0982,31.65662,0.06870072,55.11,0.8848192723118321,0.0177589524283496,7.67197418956e-05
81,53.3279,0.1188,37.308197,0.08311248,55.11,1.355461710137764,0.0177589524283496,7.67197418956e-05
81,62.4678,0.2103,43.702473,0.14712588,55.11,1.6020597869857243,0.0177589524283496,7.67197418956e-05
81,71.9041,0.4155,50.304108,0.2906838,55.11,1.7247016672198887,0.0177589524283496,7.67197418956e-05
81,35.491245,3.840916,23.995028,3.022667,52.5,1.6225830906174317,0.0177589524283496,7.67197418956e-05
82,10.303,,7.477917,,170.13,0.8369707272011743,0.0314207370753803,7.13827151e-05
82,9.7092,,7.0469375,,170.13,1.1727023413067341,0.0314207370753803,7.13827151e-05
82,9.3698,,6.800601,,170.13,0.8486984723138513,0.0314207370753803,7.13827151e-05
82,15.1952,0.0329,11.028676,0.02387882,170.13,0.909282291114558,0.0314207370753803,7.13827151e-05
82,18.3624,0.0506,13.32743,0.03672548,170.13,1.4753056286674842,0.0314207370753803,7.13827151e-05
82,21.9696,0.0594,15.945536,0.04311252,170.13,1.5132581963116982,0.0314207370753803,7.13827151e-05
82,26.2143,0.0554,19.026339,0.04020932,170.13,1.5737206827516264,0.0314207370753803,7.13827151e-05
82,30.9852,0.0711,22.489058,0.05160438,170.13,1.665456548055663,0.0314207370753803,7.13827151e-05
82,36.1421,0.0536,26.231936,0.03890288,170.13,1.53943146847651,0.0314207370753803,7.13827151e-05
82,41.4621,0.0806,30.093193,0.05849948,170.13,1.600871592106632,0.0314207370753803,7.13827151e-05
82,46.935,0.0731,34.065422,0.05305598,170.13,0.8489637098232793,0.0314207370753803,7.13827151e-05
82,52.8416,0.0821,38.352432,0.05958818,170.13,1.0345351504412985,0.0314207370753803,7.13827151e-05
82,33.35195,3.0718284,23.341097,2.5937116,175.96,1.4218977733752458,0.0314207370753803,7.13827151e-05
83,24.204,,6.89814,,42.02,1.6581253046248232,0.0018079173959739,1.63250548571e-05
83,22.536,,6.42276,,42.02,0.8045001249396592,0.0018079173959739,1.63250548571e-05
83,22.0,,6.27,,42.02,1.31462934211635,0.0018079173959739,1.63250548571e-05
83,1.4434,0.0769,0.411369,0.0219165,42.02,1.4772873993643971,0.0018079173959739,1.63250548571e-05
83,5.0072,0.1231,1.427052,0.0350835,42.02,0.8296072891286133,0.0018079173959739,1.63250548571e-05
83,10.4604,0.2852,2.981214,0.081282,42.02,1.2013555575533879,0.0018079173959739,1.63250548571e-05
83,16.8434,0.3314,4.800369,0.094449,42.02,1.6956348813836968,0.0018079173959739,1.63250548571e-05
83,20.7051,0.2422,5.9009533,0.069027,42.02,1.4716128088558587,0.0018079173959739,1.63250548571e-05
83,24.5387,0.1995,6.9935293,0.0568575,42.02,1.0376583633605974,0.0018079173959739,1.63250548571e-05
83,27.3925,0.2182,7.8068624,0.062187,42.02,1.6527811296319128,0.0018079173959739,1.63250548571e-05
83,29.92,0.2829,8.5272,0.0806265,42.02,1.1480314234095144,0.0018079173959739,1.63250548571e-05
83,17.38286,2.641684,5.890081,0.97234076,40.0,1.6533446711440596,0.0018079173959739,1.63250548571e-05
84,26.799164,2.7768312,9.207066,1.0713896,149.66,1.0989436511189057,,
85,6.5181036,3.4969778,5.677031,3.094827,30.0,1.390320250883149,0.0660156700806662,0.0002064761800174
86,6.3231,,5.69079,,149.48,1.1969400677478341,,
86,6.1554,,5.53986,,149.48,1.074825050755067,,
86,5.9661,,5.36949,,149.48,1.6865575621718691,,
86,6.8419,0.024,6.15771,0.0216,149.48,0.9875936819394914,,
86,8.7655,0.022,7.88895,0.0198,149.48,0.8848115912357631,,
86,10.1977,0.0171,9.17793,0.01539,149.48,1.1419269385456605,,
86,11.4023,0.0206,10.26207,0.01854,149.48,1.5176391476415676,,
86,12.4974,0.0251,11.24766,0.02259,149.48,1.6074316059762817,,
86,13.5932,0.0293,12.23388,0.02637,149.48,1.7987433700667648,,
86,14.6841,0.0304,13.21569,0.02736,149.48,1.096362057011165,,
86,15.8314,0.0597,14.24826,0.05373,149.48,1.207941951131282,,
86,17.1011,0.0953,15.39099,0.08577,149.48,0.9368212780296263,,
86,12.563807,1.7068249,10.767658,1.5700343,130.87,1.3748719296230336,,
87,4.5422,,1.8418621,,36.8,1.7975800372629172,0.0652017736883827,0.0002064761800174
87,4.0062,,1.6245141,,36.8,1.5008810101206587,0.0652017736883827,0.0002064761800174
87,3.3663,,1.3650347,,36.8,1.3952128404133717,0.0652017736883827,0.0002064761800174
87,7.4431,0.0263,3.018177,0.01066465,36.8,1.192369092921794,0.0652017736883827,0.0002064761800174
87,8.9356,0.0301,3.623386,0.01220555,36.8,1.7152987602855547,0.0652017736883827,0.0002064761800174
87,10.4412,0.0334,4.2339067,0.0135437,36.8,1.2969165961303495,0.0652017736883827,0.0002064761800174
87,11.8837,0.036,4.8188405,0.014598,36.8,0.9343669133130615,0.0652017736883827,0.0002064761800174
87,13.1718,0.0352,5.341165,0.0142736,36.8,1.1653784631991335,0.0652017736883827,0.0002064761800174
87,14.4017,0.0309,5.8398895,0.01252995,36.8,0.8671666688477669,0.0652017736883827,0.0002064761800174
87,15.5961,0.0371,6.3242188,0.01504405,36.8,1.0019790376887816,0.0652017736883827,0.0002064761800174
87,17.0883,0.056,6.9293056,0.022708,36.8,0.8176687809999122,0.0652017736883827,0.0002064761800174
87,18.8546,0.0968,7.64554,0.0392524,36.8,1.2532799165001633,0.0652017736883827,0.0002064761800174
87,15.385841,2.3381958,5.6120462,0.90316945,40.33,1.434540264951797,0.0652017736883827,0.0002064761800174
88,9.1877,,7.779226,,78.8,1.1432924623789078,,
88,8.7823,,7.4359736,,78.8,1.2203817715052772,,
88,8.7894,,7.441985,,78.8,1.759209272844576,,
88,3.2197,0.0114,2.72612,0.00965238,78.8,1.5519631215749157,,
88,5.0949,0.0132,4.313852,0.01117644,78.8,1.3408566369449513,,
88,7.3513,0.0223,6.2243457,0.01888141,78.8,1.0845408751118253,,
88,9.8176,0.022,8.312562,0.0186274,78.8,1.6969967987729953,,
88,12.3361,0.0292,10.444976,0.02472364,78.8,1.0350971168806595,,
88,14.7412,0.0359,12.481374,0.03039653,78.8,1.1253427305166772,,
88,16.6027,0.0257,14.057507,0.02176019,78.8,1.7090648144229486,,
88,18.2625,0.0435,15.462859,0.03683145,78.8,1.3295420552850725,,
88,19.9512,0.0834,16.892681,0.07061478,78.8,1.5423179494179768,,
88,15.708014,1.7361138,12.767952,1.5287634,91.23,1.390744794163766,,
89,13.606,,5.568936,,71.53,1.4534392090094952,0.018215935238771,0.0001267543561753
89,13.661,,5.5914474,,71.53,1.0993832915148256,0.018215935238771,0.0001267543561753
89,13.738,,5.6229634,,71.53,1.0413720616266628,0.018215935238771,0.0001267543561753
89,10.2204,0.0482,4.18321,0.01972826,71.53,1.1224923471686652,0.018215935238771,0.0001267543561753
89,13.6487,0.0829,5.586413,0.03393097,71.53,0.9554415640834225,0.018215935238771,0.0001267543561753
89,17.5082,0.1011,7.166106,0.04138023,71.53,1.6743143652908075,0.018215935238771,0.0001267543561753
89,21.5669,0.1025,8.8273325,0.04195325,71.53,1.083246933250114,0.018215935238771,0.0001267543561753
89,25.8489,0.1005,10.579955,0.04113465,71.53,1.3614893944143847,0.018215935238771,0.0001267543561753
89,30.7006,0.112,12.565756,0.0458416,71.53,1.591974425141374,0.018215935238771,0.0001267543561753
89,35.9374,0.1651,14.709178,0.06757543,71.53,1.5838241093757137,0.018215935238771,0.0001267543561753
89,42.095,0.2013,17.229483,0.08239209,71.53,1.238386258584193,0.018215935238771,0.0001267543561753
89,48.5814,0.281,19.884367,0.1150133,71.53,1.2762573085867257,0.018215935238771,0.0001267543561753
89,22.393463,2.6812685,8.976794,1.2110828,66.66,1.794701748935025,0.018215935238771,0.0001267543561753
90,12.562,,5.6993794,,107.09,1.474597476979024,0.0389649562164769,0.000131090686868
90,11.397,,5.170819,,107.09,1.6146384431178826,0.0389649562164769,0.000131090686868
90,10.531,,4.7779145,,107.09,1.702553969219232,0.0389649562164769,0.000131090686868
90,17.5753,0.0275,7.9739137,0.01247675,107.09,1.5875898362293392,0.0389649562164769,0.000131090686868
90,20.9712,0.0359,9.514633,0.01628783,107.09,0.9851793449535676,0.0389649562164769,0.000131090686868
90,23.7522,0.035,10.776373,0.0158795,107.09,1.3621707337375724,0.0389649562164769,0.000131090686868
90,26.3319,0.0354,11.946783,0.01606098,107.09,0.9018941573145449,0.0389649562164769,0.000131090686868
90,28.9217,0.0269,13.121776,0.01220453,107.09,1.4529221265639984,0.0389649562164769,0.000131090686868
90,31.6258,0.0382,14.348625,0.01733134,107.09,1.755349428187811,0.0389649562164769,0.000131090686868
90,34.8515,0.0498,15.812125,0.02259426,107.09,1.3127320643001115,0.0389649562164769,0.000131090686868
90,38.716,0.0593,17.565449,0.02690441,107.09,1.2329724928677672,0.0389649562164769,0.000131090686868
90,42.9928,0.1331,19.505833,0.06038747,107.09,0.8358427514181632,0.0389649562164769,0.000131090686868
90,33.12236,2.2117443,14.22726,1.1181496,106.46,1.7597745223292205,0.0389649562164769,0.000131090686868
91,30.69879,3.2515824,20.659569,2.5135913,34.38,0.9030026841301588,0.0432065572510166,0.0001167474333194
92,9.0216,,2.925705,,49.71,0.841079093304847,0.0179580901931829,9.50657671315e-05
92,8.9881,,2.914841,,49.71,1.0460666115049384,0.0179580901931829,9.50657671315e-05
92,9.0266,,2.9273264,,49.71,0.8655304339183825,0.0179580901931829,9.50657671315e-05
92,7.7062,0.0277,2.4991207,0.00898311,49.71,1.2551178424117624,0.0179580901931829,9.50657671315e-05
92,10.2999,0.0478,3.3402576,0.01550154,49.71,1.3160878012571124,0.0179580901931829,9.50657671315e-05
92,12.7767,0.0512,4.1434836,0.01660416,49.71,1.1125699490285839,0.0179580901931829,9.50657671315e-05
92,15.2172,0.0599,4.934938,0.01942557,49.71,0.8509604825748861,0.0179580901931829,9.50657671315e-05
92,17.5405,0.1031,5.688384,0.03343533,49.71,0.9116003682492267,0.0179580901931829,9.50657671315e-05
92,19.7095,0.0905,6.391791,0.02934915,49.71,1.1845043779899282,0.0179580901931829,9.50657671315e-05
92,21.9759,0.1154,7.1267843,0.03742422,49.71,0.8605284508265362,0.0179580901931829,9.50657671315e-05
92,23.9537,0.1381,7.768185,0.04478583,49.71,1.4981897256099135,0.0179580901931829,9.50657671315e-05
92,25.8816,0.1817,8.393403,0.05892531,49.71,1.007020541524812,0.0179580901931829,9.50657671315e-05
92,15.385841,2.3736231,5.6379504,0.9283619,47.5,1.1020715687836384,0.0179580901931829,9.50657671315e-05
93,5.7698,,2.1417499,,48.31,1.1941257771780975,0.0662625075111129,0.0002064761800174
93,4.9989,,1.8555917,,48.31,1.2166096330691478,0.0662625075111129,0.0002064761800174
93,5.0199,,1.8633869,,48.31,0.8016607076748006,0.0662625075111129,0.0002064761800174
93,5.9548,0.0846,2.2104218,0.03140352,48.31,0.9120703709986976,0.0662625075111129,0.0002064761800174
93,7.5169,0.1051,2.7902732,0.03901312,48.31,1.662764563740878,0.0662625075111129,0.0002064761800174
93,9.3045,0.1198,3.4538305,0.04446976,48.31,0.8012330625119082,0.0662625075111129,0.0002064761800174
93,11.3893,0.1601,4.2277083,0.05942912,48.31,1.3081673558128752,0.0662625075111129,0.0002064761800174
93,13.2333,0.2161,4.912201,0.08021632,48.31,1.2895020065072083,0.0662625075111129,0.0002064761800174
93,14.6248,0.187,5.4287257,0.0694144,48.31,1.133094161010638,0.0662625075111129,0.0002064761800174
93,15.6671,0.1231,5.8156276,0.04569472,48.31,1.2313270201464497,0.0662625075111129,0.0002064761800174
93,16.9543,0.1501,6.293436,0.05571712,48.31,1.5805811375265844,0.0662625075111129,0.0002064761800174
93,18.1676,0.1567,6.743813,0.05816704,48.31,1.6412037062149565,0.0662625075111129,0.0002064761800174
93,11.943215,2.2825224,3.9547703,0.79766315,55.0,1.06034854341525,0.0662625075111129,0.0002064761800174
94,32.3684,4.769984,3.8736577,0.7526749,53.5,1.1224904409677299,0.0136697901853154,1.76788976817e-05
95,15.926534,2.4570372,13.967583,2.2782547,22.09,1.0424828530283328,0.0407548611513102,0.0001234187152233
96,18.885,,4.407759,,154.92,1.2798634005510652,0.0491813573242059,7.3384102534e-06
96,16.548,,3.8623033,,154.92,1.483258357658813,0.0491813573242059,7.3384102534e-06
96,14.675,,3.425145,,154.92,1.0282528754634206,0.0491813573242059,7.3384102534e-06
96,20.3738,0.0905,4.7552447,0.0211227,154.92,1.1307357420548667,0.0491813573242059,7.3384102534e-06
96,25.2975,0.0958,5.9044366,0.02235972,154.92,1.7303846175891504,0.0491813573242059,7.3384102534e-06
96,29.9842,0.1152,6.9983125,0.02688768,154.92,0.8485692898469581,0.0491813573242059,7.3384102534e-06
96,34.4507,0.1093,8.040793,0.02551062,154.92,1.2607696052395663,0.0491813573242059,7.3384102534e-06
96,38.9498,0.1014,9.090883,0.02366676,154.92,1.511558041596778,0.0491813573242059,7.3384102534e-06
96,43.7355,0.1391,10.207866,0.03246594,154.92,0.9504540115574741,0.0491813573242059,7.3384102534e-06
96,48.782,0.193,11.385718,0.0450462,154.92,0.8473740200054819,0.0491813573242059,7.3384102534e-06
96,53.6924,0.1788,12.531806,0.04173192,154.92,0.9382053716385308,0.0491813573242059,7.3384102534e-06
96,60.4164,0.3456,14.101188,0.08066304,154.92,1.718823193530683,0.0491813573242059,7.3384102534e-06
96,32.21968,3.1159196,11.970747,1.3913509,154.6,0.8092597818211235,0.0491813573242059,7.3384102534e-06
98,,,,,,,0.7799996089294549,0.0002001384571189
99,17.581,,3.6445413,,37.97,0.8312835129016446,0.0324371068734491,0.000131090686868
99,16.772,,3.4768355,,37.97,0.9106294675622033,0.0324371068734491,0.000131090686868
99,16.92,,3.507516,,37.97,1.4201492866282963,0.0324371068734491,0.000131090686868
99,21.8018,0.2382,4.519513,0.04937886,37.97,1.0416389087390858,0.0324371068734491,0.000131090686868
99,26.1799,0.3799,5.4270935,0.07875327,37.97,1.3692120504306768,0.0324371068734491,0.000131090686868
99,30.0192,0.2924,6.22298,0.06061452,37.97,1.3901953827661262,0.0324371068734491,0.000131090686868
99,33.9049,0.1919,7.028486,0.03978087,37.97,1.649435333089779,0.0324371068734491,0.000131090686868
99,36.9108,0.2571,7.651609,0.05329683,37.97,0.804741392911874,0.0324371068734491,0.000131090686868
99,41.229,0.2945,8.546772,0.06104985,37.97,1.653369459342367,0.0324371068734491,0.000131090686868
99,45.3392,0.209,9.398816,0.0433257,37.97,1.419119086426974,0.0324371068734491,0.000131090686868
99,51.0288,0.4337,10.57827,0.08990601,37.97,0.9627434861049576,0.0324371068734491,0.000131090686868
99,57.1269,0.3487,11.842406,0.07228551,37.97,1.572937388135284,0.0324371068734491,0.000131090686868
99,40.468887,2.4227595,7.872656,0.6538462,43.65,1.6554915417905858,0.0324371068734491,0.000131090686868
100,31.777613,2.999997,19.325077,2.0107813,103.1,1.0542634837541573,0.0261514250635351,0.0001267543561753
101,9.6712,,5.135407,,80.53,1.718793680902681,0.0177749635049191,5.33702552317e-05
101,9.3574,,4.9687796,,80.53,1.254457430298658,0.0177749635049191,5.33702552317e-05
101,9.3301,,4.954283,,80.53,1.4034244543333214,0.0177749635049191,5.33702552317e-05
101,22.4396,0.078,11.915427,0.041418,80.53,1.7846495336176438,0.0177749635049191,5.33702552317e-05
101,28.1411,0.1487,14.9429245,0.0789597,80.53,1.1615360786391995,0.0177749635049191,5.33702552317e-05
101,34.3347,0.1949,18.231726,0.1034919,80.53,1.613159345820113,0.0177749635049191,5.33702552317e-05
101,40.4335,0.1276,21.470188,0.0677556,80.53,1.1183991178284596,0.0177749635049191,5.33702552317e-05
101,45.8114,0.1729,24.325853,0.0918099,80.53,1.5992135222414912,0.0177749635049191,5.33702552317e-05
101,50.9983,0.1626,27.080097,0.0863406,80.53,1.4007339188626426,0.0177749635049191,5.33702552317e-05
101,55.4587,0.1863,29.44857,0.0989253,80.53,1.0163556952254016,0.0177749635049191,5.33702552317e-05
101,60.3269,0.183,32.033585,0.097173,80.53,1.2140260937892364,0.0177749635049191,5.33702552317e-05
101,65.1386,0.2346,34.588596,0.1245726,80.53,1.1176356343635616,0.0177749635049191,5.33702552317e-05
101,25.889357,2.8613975,15.244783,1.950633,80.21,0.8781083930803639,0.0177749635049191,5.33702552317e-05
102,49.217693,3.059854,13.247113,1.1864691,4.0,0.8298347700996975,0.0167756054757054,1.0340486633e-05
103,40.881,,17.517508,,117.98,1.146478655407181,,
103,39.108,,16.757778,,117.98,0.8190341478174866,,
103,37.128,,15.909348,,117.98,0.9654877575817751,,
103,6.6976,0.0936,2.8699217,0.0401076,117.98,1.5251833208508687,,
103,10.3216,0.1549,4.422806,0.06637465,117.98,1.508091235683588,,
103,13.5324,0.1465,5.7986336,0.06277525,117.98,1.5385803864573826,,
103,17.6408,0.1502,7.559083,0.0643607,117.98,1.1171531711299787,,
103,21.8162,0.175,9.348242,0.0749875,117.98,1.6900194571176956,,
103,27.6312,0.2322,11.83997,0.0994977,117.98,1.3938305480284476,,
103,35.281,0.2753,15.1179085,0.11796605,117.98,0.9260263417466266,,
103,44.5496,0.3362,19.089504,0.1440617,117.98,0.9437186614555342,,
103,53.9884,0.4856,23.13403,0.2080796,117.98,1.4930954269297017,,
103,27.804895,9.091286,12.945572,4.7323875,135.0,0.9729439364420781,,
105,6.8072,,2.5561037,,52.53,1.3072927015820435,,
105,6.425,,2.4125874,,52.53,1.7917744759287109,,
105,5.9535,,2.2355392,,52.53,0.8040076047333395,,
105,8.8456,0.0567,3.3215227,0.02129085,52.53,0.816579801897557,,
105,10.6405,0.057,3.9955077,0.0214035,52.53,1.7930845819305066,,
105,12.3021,0.0647,4.6194386,0.02429485,52.53,1.3846388341341656,,
105,13.9555,0.0782,5.24029,0.0293641,52.53,0.9269099755185132,,
105,15.5175,0.058,5.8268213,0.021779,52.53,1.6973021997540938,,
105,17.0737,0.0801,6.4111743,0.03007755,52.53,1.6803803001276922,,
105,18.5467,0.0937,6.964286,0.03518435,52.53,1.3362004131113752,,
105,20.2431,0.1148,7.601284,0.0431074,52.53,1.4217920298607565,,
105,21.9326,0.1077,8.235691,0.04044135,52.53,1.0731871915008764,,
105,14.6258545,2.6605048,7.3302917,1.4146862,50.5,0.8505196963720052,,
106,33.505898,2.4688058,5.795905,0.49666303,79.08,1.3945676088908643,0.0299080239036567,0.000131090686868
107,7.34719,1.4379901,6.1818895,1.2611645,160.0,1.094755193202763,,
108,8.8012,,6.08691,,146.69,1.4636210466603519,0.0175274589462821,8.50588442755e-05
108,9.0719,,6.274126,,146.69,1.6362451768426012,0.0175274589462821,8.50588442755e-05
108,9.5681,,6.617298,,146.69,0.8181605439143641,0.0175274589462821,8.50588442755e-05
108,9.9865,0.0552,6.9066634,0.03817632,146.69,1.3957137746857273,0.0175274589462821,8.50588442755e-05
108,12.2378,0.058,8.463662,0.0401128,146.69,1.0312805396868523,0.0175274589462821,8.50588442755e-05
108,14.3928,0.0709,9.954061,0.04903444,146.69,1.6738884979038016,0.0175274589462821,8.50588442755e-05
108,16.7996,0.0708,11.618604,0.04896528,146.69,1.0536645065618284,0.0175274589462821,8.50588442755e-05
108,19.3705,0.1219,13.396638,0.08430604,146.69,1.4107701332354183,0.0175274589462821,8.50588442755e-05
108,22.3519,0.0949,15.458574,0.06563284,146.69,1.3535408400896114,0.0175274589462821,8.50588442755e-05
108,25.6286,0.1445,17.72474,0.0999362,146.69,1.196166500059249,0.0175274589462821,8.50588442755e-05
108,28.9805,0.1183,20.042913,0.08181628,146.69,1.477620763599794,0.0175274589462821,8.50588442755e-05
108,32.5938,0.2035,22.541872,0.1407406,146.69,1.525769634715434,0.0175274589462821,8.50588442755e-05
108,18.75518,2.504753,13.035307,1.9202502,148.5,1.3669377953193869,0.0175274589462821,8.50588442755e-05
109,4.864,,2.891648,,46.85,1.5584222371847543,0.0161151485672131,0.0001140789231027
109,4.7962,,2.851341,,46.85,1.7834170759929378,0.0161151485672131,0.0001140789231027
109,6.1623,,3.6634874,,46.85,1.2192723879008052,0.0161151485672131,0.0001140789231027
109,16.7824,0.0345,9.977137,0.02051025,46.85,1.3145830518855308,0.0161151485672131,0.0001140789231027
109,20.228,0.0555,12.025546,0.03299475,46.85,0.8124698779412133,0.0161151485672131,0.0001140789231027
109,24.2615,0.0498,14.423462,0.0296061,46.85,1.5960285563103784,0.0161151485672131,0.0001140789231027
109,28.8105,0.0548,17.127842,0.0325786,46.85,1.3202300670459939,0.0161151485672131,0.0001140789231027
109,33.6301,0.0754,19.993095,0.0448253,46.85,1.2079614303605652,0.0161151485672131,0.0001140789231027
109,38.6355,0.0852,22.968805,0.0506514,46.85,0.8940719630893958,0.0161151485672131,0.0001140789231027
109,42.9113,0.2003,25.510767,0.11907835,46.85,1.6896564216753973,0.0161151485672131,0.0001140789231027
109,46.7231,0.2508,27.776882,0.1491006,46.85,1.1950072400405565,0.0161151485672131,0.0001140789231027
109,49.7785,0.3028,29.593319,0.1800146,46.85,1.4825815982092205,0.0161151485672131,0.0001140789231027
109,42.473812,4.0097823,20.802774,2.3781838,47.0,0.9493741563681508,0.0161151485672131,0.0001140789231027
110,20.641,,14.53952,,80.57,1.7615496295410327,0.013167442657947,1.40096913621e-05
110,23.852,,16.80135,,80.57,0.978441761821831,0.013167442657947,1.40096913621e-05
110,21.541,,15.17348,,80.57,0.9995419928994904,0.013167442657947,1.40096913621e-05
110,0.907,0.0233,0.6388908,0.01641252,80.57,1.658982860557714,0.013167442657947,1.40096913621e-05
110,3.5485,0.0407,2.4995635,0.02866908,80.57,1.7125827441419312,0.013167442657947,1.40096913621e-05
110,8.5756,0.0692,6.0406528,0.04874448,80.57,1.0121474075233015,0.013167442657947,1.40096913621e-05
110,14.6234,0.0841,10.300723,0.05924004,80.57,1.269800888174828,0.013167442657947,1.40096913621e-05
110,20.6846,0.0779,14.570232,0.05487276,80.57,1.5334949045628299,0.013167442657947,1.40096913621e-05
110,25.9949,0.0704,18.310808,0.04958976,80.57,1.6783657338108018,0.013167442657947,1.40096913621e-05
110,30.8457,0.0851,21.72771,0.05994444,80.57,1.1790526950373053,0.013167442657947,1.40096913621e-05
110,34.7639,0.0828,24.487692,0.05832432,80.57,1.3170194868494294,0.013167442657947,1.40096913621e-05
110,38.9408,0.1549,27.4299,0.10911156,80.57,1.541716410519735,0.013167442657947,1.40096913621e-05
111,9.6655,,3.8246384,,167.99,1.5311359766527954,,
111,10.28,,4.067796,,167.99,1.582960130026085,,
111,11.081,,4.384752,,167.99,1.3699338186415264,,
111,6.6344,0.0872,2.625232,0.03450504,167.99,0.9046150968047753,,
111,10.199,0.0901,4.035744,0.03565257,167.99,1.70397329087804,,
111,12.3612,0.0889,4.891327,0.03517773,167.99,1.6655725393210283,,
111,14.5493,0.0868,5.757158,0.03434676,167.99,1.598097435818333,,
111,17.3262,0.1187,6.8559775,0.04696959,167.99,0.8998624771607295,,
111,20.4424,0.1081,8.089058,0.04277517,167.99,1.0043973670814292,,
111,24.1244,0.1104,9.546025,0.04368528,167.99,1.543600365107652,,
111,27.7591,0.1824,10.984276,0.07217568,167.99,0.8231400945819465,,
111,31.08,0.1477,12.298356,0.05844489,167.99,1.7792246337072797,,
111,16.486227,2.543383,6.413886,1.1232816,157.5,1.1771446803556809,,
112,36.317944,2.5087547,19.639086,1.6559657,20.09,1.5193125336908238,0.0159013339821911,8.33910238e-06
113,5.3416,,3.7129462,,97.48,1.6875710884880433,0.0230109191072445,0.0001120775308968
113,5.1801,,3.6006875,,97.48,1.1946298881500823,0.0230109191072445,0.0001120775308968
113,5.3673,,3.7308102,,97.48,1.119132488599666,0.0230109191072445,0.0001120775308968
113,7.4656,0.0177,5.1893387,0.01230327,97.48,1.4087411288982468,0.0230109191072445,0.0001120775308968
113,8.9399,0.0192,6.2141247,0.01334592,97.48,1.3809893737480508,0.0230109191072445,0.0001120775308968
113,10.5445,0.0166,7.329482,0.01153866,97.48,1.209139977624797,0.0230109191072445,0.0001120775308968
113,12.4481,0.0237,8.652675,0.01647387,97.48,1.4017747558677085,0.0230109191072445,0.0001120775308968
113,14.6426,0.0292,10.178071,0.02029692,97.48,1.7353813695664948,0.0230109191072445,0.0001120775308968
113,17.3564,0.0434,12.064434,0.03016734,97.48,1.2676402566265965,0.0230109191072445,0.0001120775308968
113,20.5047,0.047,14.252817,0.0326697,97.48,0.9967421807506314,0.0230109191072445,0.0001120775308968
113,23.8001,0.0871,16.54345,0.06054321,97.48,1.177205982883004,0.0230109191072445,0.0001120775308968
113,27.013,0.1085,18.776737,0.07541835,97.48,1.1941069825931185,0.0230109191072445,0.0001120775308968
113,15.6718855,2.3094945,11.094846,1.7373719,145.25,0.9311086930262199,0.0230109191072445,0.0001120775308968
114,7.7224,,4.3006043,,36.49,0.962871500554555,0.0489511980985192,6.33771780876e-05
114,7.2318,,4.0273895,,36.49,1.4845620733936773,0.0489511980985192,6.33771780876e-05
114,7.2376,,4.0306196,,36.49,1.1394777542089027,0.0489511980985192,6.33771780876e-05
114,10.9345,0.0293,6.089423,0.01631717,36.49,1.7548983918558076,0.0489511980985192,6.33771780876e-05
114,13.3731,0.0266,7.4474792,0.01481354,36.49,1.0435967453586075,0.0489511980985192,6.33771780876e-05
114,16.0947,0.0307,8.963139,0.01709683,36.49,0.8989245051048224,0.0489511980985192,6.33771780876e-05
114,19.2112,0.036,10.698717,0.0200484,36.49,1.553504563000258,0.0489511980985192,6.33771780876e-05
114,23.0952,0.0438,12.861717,0.02439222,36.49,1.6810360519178702,0.0489511980985192,6.33771780876e-05
114,27.5769,0.0483,15.357575,0.02689827,36.49,1.078113356871488,0.0489511980985192,6.33771780876e-05
114,32.5124,0.0705,18.106155,0.03926145,36.49,1.002088101645478,0.0489511980985192,6.33771780876e-05
114,37.3718,0.1177,20.812355,0.06554713,36.49,0.9857661348710872,0.0489511980985192,6.33771780876e-05
114,41.6273,0.1084,23.182243,0.06036796,36.49,1.3220123013665124,0.0489511980985192,6.33771780876e-05
114,20.329245,2.6213498,11.043869,1.5700496,27.76,1.268416641246771,0.0489511980985192,6.33771780876e-05
115,9.3623,,5.9010577,,103.87,1.0594398398545342,0.0479401653259736,0.0001160803025841
115,8.5278,,5.3750725,,103.87,0.8451731169894264,0.0479401653259736,0.0001160803025841
115,8.0696,,5.086269,,103.87,1.2814913403262809,0.0479401653259736,0.0001160803025841
115,9.8865,0.0206,6.231461,0.01298418,103.87,1.7593323476356084,0.0479401653259736,0.0001160803025841
115,12.5199,0.0194,7.891293,0.01222782,103.87,1.4525192007526633,0.0479401653259736,0.0001160803025841
115,14.9167,0.0255,9.401996,0.01607265,103.87,1.2955065566286184,0.0479401653259736,0.0001160803025841
115,17.4701,0.0224,11.011404,0.01411872,103.87,0.9106920740296162,0.0479401653259736,0.0001160803025841
115,20.0992,0.0462,12.668526,0.02911986,103.87,1.0524362905495872,0.0479401653259736,0.0001160803025841
115,23.0104,0.0399,14.503455,0.02514897,103.87,1.0947739495745428,0.0479401653259736,0.0001160803025841
115,26.4142,0.0871,16.64887,0.05489913,103.87,1.5648035526072344,0.0479401653259736,0.0001160803025841
115,30.2765,0.0917,19.083279,0.05779851,103.87,1.6767107972646194,0.0479401653259736,0.0001160803025841
115,35.282,0.1573,22.238245,0.09914619,103.87,1.7016418535664384,0.0479401653259736,0.0001160803025841
115,21.984735,8.099476,14.12932,5.834474,92.5,1.7845686082507541,0.0479401653259736,0.0001160803025841
116,9.6008,,8.149159,,84.82,1.7823666831045326,0.0308590151390666,9.0062307294e-06
116,8.0763,,6.8551636,,84.82,1.7529991327679815,0.0308590151390666,9.0062307294e-06
116,7.6848,,6.522858,,84.82,0.8718221405028844,0.0308590151390666,9.0062307294e-06
116,10.861,0.0082,9.218817,0.00696016,84.82,0.9377935359278052,0.0308590151390666,9.0062307294e-06
116,12.8045,0.009,10.86846,0.0076392,84.82,1.104466526476033,0.0308590151390666,9.0062307294e-06
116,14.9532,0.0179,12.692276,0.01519352,84.82,1.3528982540644616,0.0308590151390666,9.0062307294e-06
116,17.8124,0.0268,15.119165,0.02274784,84.82,0.8969778887054793,0.0308590151390666,9.0062307294e-06
116,21.5567,0.0337,18.297327,0.02860456,84.82,1.6457969578021425,0.0308590151390666,9.0062307294e-06
116,25.4703,0.0522,21.61919,0.04430736,84.82,1.416756179077309,0.0308590151390666,9.0062307294e-06
116,29.7325,0.0556,25.236946,0.04719328,84.82,1.342364402302205,0.0308590151390666,9.0062307294e-06
116,33.4313,0.095,28.376488,0.080636,84.82,0.9653113233672912,0.0308590151390666,9.0062307294e-06
116,37.2302,0.1387,31.600994,0.11772856,84.82,1.0532554744001974,0.0308590151390666,9.0062307294e-06
116,20.329245,3.089448,17.706032,2.9390929,118.5,0.9603120249822581,0.0308590151390666,9.0062307294e-06
117,10.53,,8.690409,,126.27,1.6519331577947987,0.0304227133025474,1.76788976817e-05
117,10.321,,8.517921,,126.27,1.3842278600612183,0.0304227133025474,1.76788976817e-05
117,9.9637,,8.223042,,126.27,1.5351294275196334,0.0304227133025474,1.76788976817e-05
117,12.7872,0.0231,10.553276,0.01906443,126.27,1.0960328629100258,0.0304227133025474,1.76788976817e-05
117,15.6148,0.0281,12.886894,0.02319093,126.27,1.1712526370882772,0.0304227133025474,1.76788976817e-05
117,18.4297,0.0303,15.2100315,0.02500659,126.27,1.2048549644265338,0.0304227133025474,1.76788976817e-05
117,21.3027,0.0262,17.581118,0.02162286,126.27,1.5600149717440348,0.0304227133025474,1.76788976817e-05
117,24.2194,0.0362,19.988272,0.02987586,126.27,1.572352987674568,0.0304227133025474,1.76788976817e-05
117,26.8661,0.0481,22.172592,0.03969693,126.27,1.0068135275140317,0.0304227133025474,1.76788976817e-05
117,29.2175,0.0506,24.113203,0.04176018,126.27,1.741538856738099,0.0304227133025474,1.76788976817e-05
117,31.2688,0.0644,25.80614,0.05314932,126.27,0.9206553374436864,0.0304227133025474,1.76788976817e-05
117,32.9797,0.079,27.218147,0.0651987,126.27,1.6961220824236305,0.0304227133025474,1.76788976817e-05
117,22.137127,3.3132203,15.209722,2.5854445,135.5,0.9003956456498093,0.0304227133025474,1.76788976817e-05
118,9.5177,,5.5630956,,30.57,1.0645398111513111,0.0211915004212681,0.0002999999970354
118,9.5748,,5.596471,,30.57,1.646478536067957,0.0211915004212681,0.0002999999970354
118,9.8828,,5.7764964,,30.57,0.9794920723460875,0.0211915004212681,0.0002999999970354
118,5.4759,0.0369,3.2006636,0.02156805,30.57,1.2135679313099699,0.0211915004212681,0.0002999999970354
118,8.0592,0.0704,4.7106023,0.0411488,30.57,1.2498592999441263,0.0211915004212681,0.0002999999970354
118,11.2732,0.0607,6.589185,0.03547915,30.57,1.0452589730232096,0.0211915004212681,0.0002999999970354
118,14.4327,0.0618,8.435913,0.0361221,30.57,1.5102452013359866,0.0211915004212681,0.0002999999970354
118,17.291,0.0678,10.106589,0.0396291,30.57,1.6513346494022039,0.0211915004212681,0.0002999999970354
118,19.5311,0.0832,11.415928,0.0486304,30.57,1.674575139855572,0.0211915004212681,0.0002999999970354
118,21.5052,0.0847,12.569789,0.04950715,30.57,1.139322145736561,0.0211915004212681,0.0002999999970354
118,24.0594,0.1414,14.062719,0.0826483,30.57,1.3308503942878145,0.0211915004212681,0.0002999999970354
118,27.3591,0.2373,15.991394,0.13870186,30.57,1.0484064038656515,0.0211915004212681,0.0002999999970354
118,21.092169,3.1568234,9.207066,1.5004187,8.5,1.0447965015501455,0.0211915004212681,0.0002999999970354
119,5.9347,,4.2409368,,16.09,0.9612540628519242,0.0248802122967349,3.83598709478e-05
119,5.4305,,3.8806353,,16.09,1.7400190108075146,0.0248802122967349,3.83598709478e-05
119,4.8008,,3.4306517,,16.09,1.68798882860558,0.0248802122967349,3.83598709478e-05
119,8.804,0.0755,6.2913384,0.0539523,16.09,1.5773587133276923,0.0248802122967349,3.83598709478e-05
119,10.6496,0.0662,7.610204,0.04730652,16.09,1.3176615212877292,0.0248802122967349,3.83598709478e-05
119,12.3945,0.0698,8.85711,0.04987908,16.09,1.290607915511872,0.0248802122967349,3.83598709478e-05
119,14.0028,0.1077,10.006401,0.07696242,16.09,1.329745666182498,0.0248802122967349,3.83598709478e-05
119,15.3282,0.0859,10.953531,0.06138414,16.09,1.3365680135770894,0.0248802122967349,3.83598709478e-05
119,16.5529,0.0801,11.828702,0.05723946,16.09,1.2345630846976903,0.0248802122967349,3.83598709478e-05
119,17.8325,0.0859,12.743105,0.06138414,16.09,0.9317548328920675,0.0248802122967349,3.83598709478e-05
119,19.3691,0.0962,13.841159,0.06874452,16.09,0.925663852868536,0.0248802122967349,3.83598709478e-05
119,21.3773,0.1147,15.276218,0.08196462,16.09,1.7522497158456833,0.0248802122967349,3.83598709478e-05
119,14.392003,1.8557734,10.718185,1.5451832,11.99,1.2820307595863505,0.0248802122967349,3.83598709478e-05
120,34.906,,23.017015,,162.62,1.753205524905189,0.0145060353719772,3.36899748875e-05
120,28.891,,19.050726,,162.62,0.96357687771011,0.0145060353719772,3.36899748875e-05
120,24.758,,16.325426,,162.62,1.3544165520399336,0.0145060353719772,3.36899748875e-05
120,21.9437,0.0986,14.469676,0.06501684,162.62,1.0077172533515393,0.0145060353719772,3.36899748875e-05
120,30.8209,0.1624,20.323301,0.10708656,162.62,1.0531846061266017,0.0145060353719772,3.36899748875e-05
120,41.9315,0.1384,27.649632,0.09126096,162.62,0.8300545787611788,0.0145060353719772,3.36899748875e-05
120,55.1988,0.2014,36.39809,0.13280316,162.62,0.9189533107402114,0.0145060353719772,3.36899748875e-05
120,68.0689,0.2275,44.884632,0.1500135,162.62,1.7168484076291959,0.0145060353719772,3.36899748875e-05
120,78.046,0.2045,51.46353,0.1348473,162.62,1.1215329914823318,0.0145060353719772,3.36899748875e-05
120,85.863,0.1774,56.61806,0.11697756,162.62,1.4081292119145916,0.0145060353719772,3.36899748875e-05
120,92.8661,0.2003,61.235905,0.13207781,162.62,1.2650141319892731,0.0145060353719772,3.36899748875e-05
120,100.0847,0.3027,65.99585,0.19960038,162.62,1.2004512452452785,0.0145060353719772,3.36899748875e-05
120,55.99139,3.4809735,33.97201,2.6756535,159.67,1.3318860913460682,0.0145060353719772,3.36899748875e-05
121,5.6112,,2.6170638,,39.92,0.9872389446153416,0.025614386870266,3.43571024416e-05
121,5.5315,,2.5798917,,39.92,1.7886038985195767,0.025614386870266,3.43571024416e-05
121,5.1006,,2.3789198,,39.92,1.618307868703863,0.025614386870266,3.43571024416e-05
121,10.6927,0.0138,4.9870753,0.00643632,39.92,1.5416146327315152,0.025614386870266,3.43571024416e-05
121,12.5115,0.0173,5.8353634,0.00806872,39.92,1.2687592970139525,0.025614386870266,3.43571024416e-05
121,14.3536,0.0151,6.694519,0.00704264,39.92,0.952877122126336,0.025614386870266,3.43571024416e-05
121,16.2036,0.0193,7.557359,0.00900152,39.92,1.7206658582735679,0.025614386870266,3.43571024416e-05
121,18.0175,0.0248,8.403362,0.01156672,39.92,1.1413870673817277,0.025614386870266,3.43571024416e-05
121,19.8104,0.0367,9.239571,0.01711688,39.92,0.8501066896969338,0.025614386870266,3.43571024416e-05
121,21.5873,0.0567,10.068316,0.02644488,39.92,1.1424036768106287,0.025614386870266,3.43571024416e-05
121,23.381,0.0866,10.904899,0.04039024,39.92,1.5944570304958843,0.025614386870266,3.43571024416e-05
121,25.6199,0.1998,11.949121,0.09318672,39.92,1.422708744988208,0.025614386870266,3.43571024416e-05
121,15.564001,1.8635467,7.890804,1.0122733,39.33,1.5508385847448598,0.025614386870266,3.43571024416e-05
122,11.421,,7.9638634,,141.56,1.5936353838623774,0.0231790354112243,0.0001307571278626
122,11.194,,7.8055763,,141.56,1.0119546110805426,0.0231790354112243,0.0001307571278626
122,11.113,,7.749095,,141.56,1.7237833160931801,0.0231790354112243,0.0001307571278626
122,9.8768,0.0372,6.8870926,0.02593956,141.56,1.2379896029203725,0.0231790354112243,0.0001307571278626
122,13.5851,0.0482,9.47289,0.03360986,141.56,1.4390136492641648,0.0231790354112243,0.0001307571278626
122,16.6977,0.05,11.643306,0.034865,141.56,0.802308772586742,0.0231790354112243,0.0001307571278626
122,19.1829,0.0632,13.376236,0.04406936,141.56,1.7933684984111782,0.0231790354112243,0.0001307571278626
122,21.5904,0.0345,15.054986,0.02405685,141.56,1.0808963859641552,0.0231790354112243,0.0001307571278626
122,23.9605,0.0789,16.707657,0.05501697,141.56,0.8620631065401553,0.0231790354112243,0.0001307571278626
122,26.5261,0.0886,18.496649,0.06178078,141.56,1.258262041536514,0.0231790354112243,0.0001307571278626
122,29.0428,0.094,20.251545,0.0655462,141.56,0.9290300571820418,0.0231790354112243,0.0001307571278626
122,31.6157,0.1308,22.045628,0.09120684,141.56,0.9523267101575758,0.0231790354112243,0.0001307571278626
122,26.431467,2.1301246,17.463097,1.6013584,142.99,1.43228281303021,0.0231790354112243,0.0001307571278626
123,,,,,,,0.0380263068525893,7.10491497323e-05
124,24.844,,4.566327,,4.08,1.7218524501549952,0.02115163284061,1.50103842839e-05
124,24.093,,4.428293,,4.08,1.11915649460807,0.02115163284061,1.50103842839e-05
124,21.344,,3.9230273,,4.08,1.5261801283839012,0.02115163284061,1.50103842839e-05
124,12.4138,0.1481,2.2816565,0.02722078,4.08,1.2610994301549077,0.02115163284061,1.50103842839e-05
124,17.8366,0.1431,3.278367,0.02630178,4.08,1.4599513011292788,0.02115163284061,1.50103842839e-05
124,23.1741,0.2684,4.2593994,0.04933192,4.08,1.3996953567159904,0.02115163284061,1.50103842839e-05
124,29.1289,0.213,5.353892,0.0391494,4.08,1.2727839727589982,0.02115163284061,1.50103842839e-05
124,35.6963,0.2924,6.56098,0.05374312,4.08,1.7500610946244373,0.02115163284061,1.50103842839e-05
124,42.2926,0.361,7.77338,0.0663518,4.08,1.142713642754956,0.02115163284061,1.50103842839e-05
124,48.5069,0.3582,8.915568,0.06583716,4.08,0.9772355012492726,0.02115163284061,1.50103842839e-05
124,55.1487,0.3394,10.136331,0.06238172,4.08,1.4780940608798283,0.02115163284061,1.50103842839e-05
124,61.2431,0.3026,11.256482,0.05561788,4.08,1.6460075613079088,0.02115163284061,1.50103842839e-05
124,34.524014,2.6233177,4.9787607,0.48880303,4.33,0.8402537399399238,0.02115163284061,1.50103842839e-05
125,20.802774,3.8320127,11.275122,2.218188,88.5,1.2496326884226807,,
126,8.205806,1.398198,6.0830483,1.0813346,17.5,1.6924876896873262,,
127,25.534142,3.1161103,18.49785,2.5530865,156.5,1.5496186189228676,0.0427529100815471,0.000183460252359
128,8.4081,,4.8027067,,165.7,1.7918077164976283,0.0418946496646023,1.30090000308e-05
128,7.9776,,4.556805,,165.7,1.3314138115972438,0.0418946496646023,1.30090000308e-05
128,7.7184,,4.40875,,165.7,1.4599957188011512,0.0418946496646023,1.30090000308e-05
128,5.4434,0.0444,3.10927,0.02536128,165.7,1.1024802811379282,0.0418946496646023,1.30090000308e-05
128,7.4613,0.0523,4.2618947,0.02987376,165.7,1.7475355996659925,0.0418946496646023,1.30090000308e-05
128,9.4834,0.0772,5.4169183,0.04409664,165.7,1.1663354885565362,0.0418946496646023,1.30090000308e-05
128,11.6815,0.066,6.672473,0.0376992,165.7,1.5385107126866286,0.0418946496646023,1.30090000308e-05
128,13.9223,0.1253,7.952418,0.07157136,165.7,1.203140204119082,0.0418946496646023,1.30090000308e-05
128,16.3511,0.1429,9.339748,0.08162448,165.7,1.3618189300629995,0.0418946496646023,1.30090000308e-05
128,18.5911,0.1184,10.619236,0.06763008,165.7,1.5197825350215464,0.0418946496646023,1.30090000308e-05
128,20.5851,0.1461,11.758209,0.08345232,165.7,1.3089341517513544,0.0418946496646023,1.30090000308e-05
128,22.5206,0.1264,12.863767,0.07219968,165.7,1.7070863269095087,0.0418946496646023,1.30090000308e-05
128,12.563807,1.6778957,7.836484,1.1396433,160.0,1.2193009879278103,0.0418946496646023,1.30090000308e-05
129,42.376125,2.8296645,14.761186,1.3013794,135.67,1.4470717981433252,0.0145897599598719,1.80124614588e-05
130,22.035416,2.3847058,18.669008,2.288426,150.38,1.1423624333000542,0.0288386174144514,8.57259750108e-05
131,22.086212,2.898757,6.055099,0.8793653,47.5,1.208156668231013,0.0479264891980704,0.000900623057035
132,5.0479,,4.127668,,63.49,1.2400501082335524,0.1173875428180384,0.0001307571278626
132,4.2925,,3.5099773,,63.49,0.9258070183122853,0.1173875428180384,0.0001307571278626
132,4.256,,3.4801311,,63.49,0.8917236790590067,0.1173875428180384,0.0001307571278626
132,4.5323,0.0145,3.7060616,0.01185665,63.49,1.467489923146758,0.1173875428180384,0.0001307571278626
132,5.6788,0.0251,4.6435547,0.02052427,63.49,1.4555177383430524,0.1173875428180384,0.0001307571278626
132,7.0418,0.0248,5.75808,0.02027896,63.49,1.4629097142100953,0.1173875428180384,0.0001307571278626
132,8.6224,0.0307,7.0505366,0.02510339,63.49,0.8197664453426917,0.1173875428180384,0.0001307571278626
132,10.4027,0.0314,8.506288,0.02567578,63.49,1.12654684267178,0.1173875428180384,0.0001307571278626
132,12.4904,0.0373,10.2134,0.03050021,63.49,0.997809847259197,0.1173875428180384,0.0001307571278626
132,14.7777,0.0605,12.083725,0.04947085,63.49,1.5781514225440123,0.1173875428180384,0.0001307571278626
132,17.2322,0.0581,14.09077,0.04750837,63.49,1.6606304013961302,0.1173875428180384,0.0001307571278626
132,19.5726,0.1061,16.004515,0.08675797,63.49,1.0466803772261475,0.1173875428180384,0.0001307571278626
132,11.069328,2.191974,7.1469584,1.4883792,75.5,1.4678491588479865,0.1173875428180384,0.0001307571278626
133,,,,,,,0.8669997962390369,0.0002001384571189
134,3.7507,,3.0410676,,136.27,1.0751525256017134,0.0186782550747157,0.0001430990019298
134,4.2034,,3.4081168,,136.27,0.9386544962334196,0.0186782550747157,0.0001430990019298
134,4.4653,,3.6204653,,136.27,1.0835207665992292,0.0186782550747157,0.0001430990019298
134,7.1062,0.0105,5.761707,0.0085134,136.27,1.474736547349278,0.0186782550747157,0.0001430990019298
134,8.8491,0.0124,7.1748505,0.01005392,136.27,1.7103269101852525,0.0186782550747157,0.0001430990019298
134,10.8226,0.0144,8.774964,0.01167552,136.27,1.002522407924186,0.0186782550747157,0.0001430990019298
134,12.9222,0.022,10.47732,0.0178376,136.27,1.3420790349507192,0.0186782550747157,0.0001430990019298
134,15.1088,0.0239,12.250215,0.01937812,136.27,1.5013911012434322,0.0186782550747157,0.0001430990019298
134,17.4021,0.0431,14.109623,0.03494548,136.27,1.7529224684855658,0.0186782550747157,0.0001430990019298
134,19.7396,0.0397,16.004868,0.03218876,136.27,1.410060482887174,0.0186782550747157,0.0001430990019298
134,22.0485,0.0738,17.876925,0.05983704,136.27,1.0551069310273808,0.0186782550747157,0.0001430990019298
134,24.1233,0.105,19.559172,0.085134,136.27,1.4254781569139363,0.0186782550747157,0.0001430990019298
134,11.833719,2.1798515,9.979787,2.0065818,141.0,1.1204911616780162,0.0186782550747157,0.0001430990019298
135,,,,,,,2.8100006438454166,0.0002001384571189
136,9.508702,2.0361974,4.2084413,0.9469257,5.0,1.199676135163637,,
137,9.2707,,7.8875117,,102.17,1.4854277207610143,0.036741417957886,8.53924096432e-05
137,9.0214,,7.675407,,102.17,0.8232275823467585,0.036741417957886,8.53924096432e-05
137,8.813,,7.4981003,,102.17,1.2000614461347554,0.036741417957886,8.53924096432e-05
137,8.3559,0.0271,7.1091995,0.02305668,102.17,1.6751076133225116,0.036741417957886,8.53924096432e-05
137,11.5564,0.0504,9.832185,0.04288032,102.17,1.4102274444332459,0.036741417957886,8.53924096432e-05
137,14.1362,0.0573,12.027079,0.04875084,102.17,1.2439428863959763,0.036741417957886,8.53924096432e-05
137,15.9856,0.0286,13.600549,0.02433288,102.17,1.735937499435726,0.036741417957886,8.53924096432e-05
137,17.5983,0.0489,14.972633,0.04160412,102.17,1.6539843761472293,0.036741417957886,8.53924096432e-05
137,19.2447,0.0412,16.37339,0.03505296,102.17,1.1222156738229383,0.036741417957886,8.53924096432e-05
137,21.123,0.0441,17.971449,0.03752028,102.17,1.3445484020413396,0.036741417957886,8.53924096432e-05
137,23.2339,0.0609,19.767403,0.05181372,102.17,1.2898242560924627,0.036741417957886,8.53924096432e-05
137,25.41,0.0721,21.618828,0.06134268,102.17,1.4322025001148624,0.036741417957886,8.53924096432e-05
137,18.455307,2.3372202,16.03693,2.2158916,107.7,1.1341112669587556,0.036741417957886,8.53924096432e-05
138,16.108,,12.345171,,2.82,1.0442050007658883,0.0504248842711046,0.0001000692285594
138,14.855,,11.384872,,2.82,1.7126718352555361,0.0504248842711046,0.0001000692285594
138,14.284,,10.947258,,2.82,1.7238744994985065,0.0504248842711046,0.0001000692285594
138,8.2041,0.0328,6.2876225,0.02513792,2.82,1.643322885761979,0.0504248842711046,0.0001000692285594
138,12.3833,0.0399,9.4905615,0.03057936,2.82,1.7782044307645615,0.0504248842711046,0.0001000692285594
138,17.2214,0.0615,13.198481,0.0471336,2.82,1.5449915257796887,0.0504248842711046,0.0001000692285594
138,22.2078,0.046,17.020058,0.0352544,2.82,1.5646672285619996,0.0504248842711046,0.0001000692285594
138,26.7055,0.0417,20.467094,0.03195888,2.82,1.5625900919626408,0.0504248842711046,0.0001000692285594
138,31.0086,0.0537,23.764992,0.04115568,2.82,1.2806076309423067,0.0504248842711046,0.0001000692285594
138,35.2354,0.0801,27.00441,0.06138864,2.82,1.2564521945142717,0.0504248842711046,0.0001000692285594
138,39.033,0.0858,29.91489,0.06575712,2.82,1.0402262761490033,0.0504248842711046,0.0001000692285594
138,42.2328,0.0894,32.367218,0.06851616,2.82,1.4448191943592905,0.0504248842711046,0.0001000692285594
138,29.182417,2.5534098,20.28249,2.204421,11.48,1.0893201361023346,0.0504248842711046,0.0001000692285594
139,7.6315,,3.6493833,,151.46,1.0578084097023543,,
139,7.843,,3.7505226,,151.46,1.3859613740960548,,
139,7.9348,,3.7944214,,151.46,1.2099823882250433,,
139,6.7732,0.0404,3.2389443,0.01931928,151.46,1.0188566087946322,,
139,8.9623,0.0541,4.285772,0.02587062,151.46,1.616056016752831,,
139,11.0341,0.0725,5.2765064,0.0346695,151.46,1.660569919294376,,
139,13.1868,0.0968,6.3059278,0.04628976,151.46,0.967699519677781,,
139,15.1759,0.1035,7.2571154,0.0494937,151.46,0.8075070327999999,,
139,17.2472,0.1193,8.247611,0.05704926,151.46,1.1361299685293738,,
139,19.1071,0.0975,9.137015,0.0466245,151.46,1.5975108356807526,,
139,20.9216,0.1475,10.004709,0.0705345,151.46,1.6391738662343245,,
139,23.1455,0.1559,11.068178,0.07455138,151.46,0.9383290701160493,,
139,16.83144,2.5578842,6.7007165,1.1002274,143.0,1.5743359011830513,,
140,40.937492,2.827862,34.923782,2.8994033,31.87,0.9157041673094295,0.0283572844250805,6.83806395156e-05
141,3.9325,,3.7394142,,61.67,1.1900625901565292,0.0658101945980242,0.0001110768411561
141,3.7313,,3.548093,,61.67,1.798609515011916,0.0658101945980242,0.0001110768411561
141,3.5299,,3.356582,,61.67,0.9925908232309099,0.0658101945980242,0.0001110768411561
141,5.49,0.0079,5.220441,0.00751211,61.67,0.9539635825776265,0.0658101945980242,0.0001110768411561
141,6.7323,0.0069,6.401744,0.00656121,61.67,1.2228003325467935,0.0658101945980242,0.0001110768411561
141,8.185,0.0086,7.7831163,0.00817774,61.67,1.4196685259698616,0.0658101945980242,0.0001110768411561
141,9.8832,0.0108,9.397935,0.01026972,61.67,1.7329007824132532,0.0658101945980242,0.0001110768411561
141,11.8577,0.0136,11.275487,0.01293224,61.67,1.7808211455330343,0.0658101945980242,0.0001110768411561
141,14.0554,0.0227,13.36528,0.02158543,61.67,0.8696406365913947,0.0658101945980242,0.0001110768411561
141,16.5313,0.034,15.719613,0.0323306,61.67,0.9379975173479054,0.0658101945980242,0.0001110768411561
141,19.0218,0.0455,18.08783,0.04326595,61.67,1.590737973895994,0.0658101945980242,0.0001110768411561
141,21.6378,0.088,20.575384,0.0836792,61.67,1.0706321522708606,0.0658101945980242,0.0001110768411561
141,11.043869,1.983497,9.911086,1.8624047,48.0,1.6848490595063605,0.0658101945980242,0.0001110768411561
142,15.032,,5.7527466,,153.48,1.4634532572290868,0.0502974627867389,0.0001447668224058
142,13.517,,5.172956,,153.48,0.9118448023806772,0.0502974627867389,0.0001447668224058
142,13.122,,5.0217896,,153.48,1.6325292849240072,0.0502974627867389,0.0001447668224058
142,14.6949,0.111,5.6237383,0.0424797,153.48,0.9763563800080759,0.0502974627867389,0.0001447668224058
142,17.8653,0.1874,6.8370504,0.07171798,153.48,1.2234953946796538,0.0502974627867389,0.0001447668224058
142,21.4782,0.188,8.2197075,0.0719476,153.48,1.3521849285593301,0.0502974627867389,0.0001447668224058
142,25.6593,0.2503,9.819814,0.09578981,153.48,1.3007661490802782,0.0502974627867389,0.0001447668224058
142,30.4419,0.3122,11.650115,0.11947894,153.48,1.4861629156151506,0.0502974627867389,0.0001447668224058
142,35.7938,0.2417,13.698287,0.09249859,153.48,1.4526867348692551,0.0502974627867389,0.0001447668224058
142,40.7525,0.3344,15.595982,0.12797488,153.48,1.7920420055280548,0.0502974627867389,0.0001447668224058
142,45.6951,0.2721,17.487514,0.10413267,153.48,1.7994219092241879,0.0502974627867389,0.0001447668224058
142,50.2825,0.2745,19.243113,0.10505115,153.48,1.3164594026356409,0.0502974627867389,0.0001447668224058
142,26.860943,1.9791874,10.718185,0.95837975,148.63,0.895199086960864,0.0502974627867389,0.0001447668224058
143,313.41608,14.433343,106.444016,9.668114,5.0,1.5278432989687185,-0.0003717684668564,5.10923318709e-05
144,7.9821754,1.9482416,4.3865314,1.1073608,153.0,1.7766640782165892,,
145,36.401665,2.1792662,12.709289,0.9254159,53.92,1.1183263876290204,0.0324237643096411,0.0001024041797707
146,13.961,,9.429259,,99.69,1.2612088858375738,0.0211863235065106,1.50103842839e-05
146,13.784,,9.309713,,99.69,1.224776924815456,0.0211863235065106,1.50103842839e-05
146,13.373,,9.0321245,,99.69,0.8514191545569294,0.0211863235065106,1.50103842839e-05
146,4.3593,0.0199,2.9442713,0.01344046,99.69,1.472264431223445,0.0211863235065106,1.50103842839e-05
146,7.956,0.031,5.373482,0.0209374,99.69,1.1533376950684677,0.0211863235065106,1.50103842839e-05
146,12.183,0.0447,8.228398,0.03019038,99.69,1.5874638746315024,0.0211863235065106,1.50103842839e-05
146,16.3874,0.0468,11.06805,0.03160872,99.69,1.632120075281986,0.0211863235065106,1.50103842839e-05
146,19.9691,0.0617,13.48713,0.04167218,99.69,1.6212307865978455,0.0211863235065106,1.50103842839e-05
146,23.4993,0.06,15.871428,0.040524,99.69,1.2166659980398802,0.0211863235065106,1.50103842839e-05
146,26.7489,0.0859,18.066208,0.05801686,99.69,1.1215456822408996,0.0211863235065106,1.50103842839e-05
146,29.8462,0.1296,20.158123,0.08753184,99.69,1.548820779667055,0.0211863235065106,1.50103842839e-05
146,33.1695,0.1629,22.40268,0.11002266,99.69,1.601389433842723,0.0211863235065106,1.50103842839e-05
146,24.610546,6.970149,17.104929,5.479265,170.0,1.2912574463913662,0.0211863235065106,1.50103842839e-05
147,6.8033,,5.944043,,134.56,1.6930310195363032,0.0223621369420841,0.0001467682018872
147,6.5125,,5.6899714,,134.56,0.9439086960785583,0.0223621369420841,0.0001467682018872
147,6.2418,,5.4534607,,134.56,1.67906877965896,0.0223621369420841,0.0001467682018872
147,9.1558,0.0178,7.9994226,0.01555186,134.56,0.8960952329718813,0.0223621369420841,0.0001467682018872
147,11.4487,0.0192,10.002729,0.01677504,134.56,0.9535255220546139,0.0223621369420841,0.0001467682018872
147,13.978,0.0209,12.212579,0.01826033,134.56,1.3338400132739605,0.0223621369420841,0.0001467682018872
147,16.6948,0.0274,14.5862465,0.02393938,134.56,0.8675184801874151,0.0223621369420841,0.0001467682018872
147,19.5476,0.0274,17.078737,0.02393938,134.56,0.8528071014001104,0.0223621369420841,0.0001467682018872
147,22.5957,0.0317,19.741863,0.02769629,134.56,0.8005187441657056,0.0223621369420841,0.0001467682018872
147,25.9197,0.0511,22.646042,0.04464607,134.56,1.2363166596942632,0.0223621369420841,0.0001467682018872
147,29.6306,0.0688,25.888256,0.06011056,134.56,1.5746238812922297,0.0223621369420841,0.0001467682018872
147,33.8377,0.0992,29.564,0.08667104,134.56,0.8348383502799157,0.0223621369420841,0.0001467682018872
147,17.263199,2.6632488,15.385841,2.572562,127.5,1.4522576064658554,0.0223621369420841,0.0001467682018872
148,23.50289,3.355279,17.422932,2.6818972,97.25,1.6231273174161864,0.0452669826670556,9.27308159202e-05
149,20.850729,2.736603,11.9983425,1.7308394,17.5,0.9680008485778712,0.0323980798743109,1.46768205068e-05
150,7.7065,,6.350927,,22.03,0.9468637348214043,0.0826378360725805,0.0001774561011903
150,7.1646,,5.904347,,22.03,1.6608009736205362,0.0826378360725805,0.0001774561011903
150,6.6958,,5.5180087,,22.03,1.6231246099500947,0.0826378360725805,0.0001774561011903
150,6.5444,0.0313,5.39324,0.02579433,22.03,1.338941766264187,0.0826378360725805,0.0001774561011903
150,8.9548,0.0471,7.3796506,0.03881511,22.03,1.6191998792939803,0.0826378360725805,0.0001774561011903
150,11.3342,0.0478,9.340514,0.03939198,22.03,0.8927560774244948,0.0826378360725805,0.0001774561011903
150,13.6163,0.0335,11.221192,0.02760735,22.03,1.1944815179387545,0.0826378360725805,0.0001774561011903
150,15.6745,0.0434,12.917356,0.03576594,22.03,1.5377975561063728,0.0826378360725805,0.0001774561011903
150,17.6026,0.0482,14.506303,0.03972162,22.03,1.0574519593239633,0.0826378360725805,0.0001774561011903
150,19.5183,0.0303,16.085032,0.02497023,22.03,1.5523289144335528,0.0826378360725805,0.0001774561011903
150,21.421,0.0538,17.653046,0.04433658,22.03,1.304178604390814,0.0826378360725805,0.0001774561011903
150,23.4012,0.054,19.28493,0.0445014,22.03,1.550265987948233,0.0826378360725805,0.0001774561011903
150,15.889903,2.2318592,12.27782,1.8637248,25.39,1.2646796378573297,0.0826378360725805,0.0001774561011903
151,6.877,,4.90949,,28.18,1.1679043402218177,0.0292208818675485,7.23834112029e-05
151,6.6104,,4.7191644,,28.18,1.0191892164786323,0.0292208818675485,7.23834112029e-05
151,7.3321,,5.234386,,28.18,1.008379341435015,0.0292208818675485,7.23834112029e-05
151,11.2822,0.0349,8.054362,0.02491511,28.18,1.551490810571396,0.0292208818675485,7.23834112029e-05
151,13.7749,0.0376,9.833901,0.02684264,28.18,0.9189103480339605,0.0292208818675485,7.23834112029e-05
151,16.8673,0.0432,12.041566,0.03084048,28.18,0.8859823501109452,0.0292208818675485,7.23834112029e-05
151,20.7448,0.0653,14.809712,0.04661767,28.18,0.9762913650221302,0.0292208818675485,7.23834112029e-05
151,25.164,0.0783,17.96458,0.05589837,28.18,0.9753465114539219,0.0292208818675485,7.23834112029e-05
151,29.6848,0.0727,21.191978,0.05190053,28.18,1.6231076228069,0.0292208818675485,7.23834112029e-05
151,34.0486,0.0792,24.307295,0.05654088,28.18,1.1985066234742123,0.0292208818675485,7.23834112029e-05
151,37.9729,0.161,27.108852,0.1149379,28.18,1.7903884573604825,0.0292208818675485,7.23834112029e-05
151,41.8504,0.1223,29.877,0.08730997,28.18,0.9372112577906124,0.0292208818675485,7.23834112029e-05
151,28.12686,2.5905795,16.948109,1.8407803,31.53,1.4535398256936434,0.0292208818675485,7.23834112029e-05
152,24.272877,3.4652026,14.693364,2.3157504,144.67,1.2487295072012508,0.0301568627186745,0.0001647806681177
153,19.369627,2.3638113,8.553055,1.2192881,118.04,1.192918176697074,0.061113278573539,0.0001464346428818
154,12.517,,4.481086,,110.04,1.6750841990540823,0.0295401027066531,1.16747433319e-05
154,11.89,,4.25662,,110.04,1.7755956458283997,0.0295401027066531,1.16747433319e-05
154,11.169,,3.998502,,110.04,1.672858958774179,0.0295401027066531,1.16747433319e-05
154,13.9749,0.085,5.003014,0.03043,110.04,0.9923006790351331,0.0295401027066531,1.16747433319e-05
154,17.4041,0.1046,6.2306676,0.0374468,110.04,1.020797921208934,0.0295401027066531,1.16747433319e-05
154,20.7757,0.1049,7.4377007,0.0375542,110.04,1.4560738790950634,0.0295401027066531,1.16747433319e-05
154,24.0795,0.1232,8.620461,0.0441056,110.04,1.0890835816381919,0.0295401027066531,1.16747433319e-05
154,27.3126,0.1087,9.777911,0.0389146,110.04,1.53472513078058,0.0295401027066531,1.16747433319e-05
154,30.8792,0.1034,11.054753,0.0370172,110.04,1.3664206508096446,0.0295401027066531,1.16747433319e-05
154,34.7399,0.1183,12.436884,0.0423514,110.04,1.3509087684904029,0.0295401027066531,1.16747433319e-05
154,39.0054,0.1508,13.963933,0.0539864,110.04,1.6285469248387858,0.0295401027066531,1.16747433319e-05
154,43.879,0.2222,15.708682,0.0795476,110.04,1.5105327717426777,0.0295401027066531,1.16747433319e-05
154,26.676033,3.3783112,7.622918,1.0913596,113.92,0.8265777649972917,0.0295401027066531,1.16747433319e-05
155,6.9172,,3.0726202,,82.23,0.8494591371460157,0.0264512991851182,1.80124614588e-05
155,6.9269,,3.076929,,82.23,1.4015584524560158,0.0264512991851182,1.80124614588e-05
155,7.1447,,3.1736758,,82.23,1.2861920756222756,0.0264512991851182,1.80124614588e-05
155,9.3599,0.0698,4.1576676,0.03100516,82.23,1.0601846553429914,0.0264512991851182,1.80124614588e-05
155,10.8763,0.0804,4.8312526,0.03571368,82.23,1.2186560873148018,0.0264512991851182,1.80124614588e-05
155,12.2379,0.097,5.436075,0.0430874,82.23,1.5579103187328607,0.0264512991851182,1.80124614588e-05
155,13.9122,0.1292,6.179799,0.05739064,82.23,1.62661148465793,0.0264512991851182,1.80124614588e-05
155,15.8693,0.1166,7.049143,0.05179372,82.23,1.361223067890044,0.0264512991851182,1.80124614588e-05
155,18.2507,0.1283,8.106961,0.05699086,82.23,1.1853694808571031,0.0264512991851182,1.80124614588e-05
155,21.1631,0.183,9.400649,0.0812886,82.23,1.070696761495107,0.0264512991851182,1.80124614588e-05
155,24.1677,0.1733,10.735292,0.07697986,82.23,1.3219184707692535,0.0264512991851182,1.80124614588e-05
155,27.5689,0.2111,12.246105,0.09377062,82.23,1.114749618564381,0.0264512991851182,1.80124614588e-05
155,15.963248,2.646485,6.7783074,1.2057335,80.5,1.364095137047223,0.0264512991851182,1.80124614588e-05
156,23.995,,14.768923,,160.37,1.4766523825096378,0.0035047579482469,8.0055386029e-06
156,24.769,,15.245319,,160.37,0.8660792109193949,0.0035047579482469,8.0055386029e-06
156,24.522,,15.093291,,160.37,0.8010674650227473,0.0035047579482469,8.0055386029e-06
156,4.6244,0.0439,2.8463182,0.02702045,160.37,1.012277138840743,0.0035047579482469,8.0055386029e-06
156,9.4426,0.0799,5.81192,0.04917845,160.37,1.6945114977187812,0.0035047579482469,8.0055386029e-06
156,16.3785,0.0975,10.080967,0.06001125,160.37,1.4462907632285593,0.0035047579482469,8.0055386029e-06
156,22.3309,0.0916,13.744669,0.0563798,160.37,0.9719603519370229,0.0035047579482469,8.0055386029e-06
156,28.2858,0.0893,17.40991,0.05496415,160.37,1.6902639618236188,0.0035047579482469,8.0055386029e-06
156,34.2312,0.1477,21.069304,0.09090935,160.37,1.26995594028734,0.0035047579482469,8.0055386029e-06
156,40.2221,0.1837,24.756702,0.11306735,160.37,1.2760917566786607,0.0035047579482469,8.0055386029e-06
156,46.3049,0.2496,28.500666,0.1536288,160.37,1.7355419438426551,0.0035047579482469,8.0055386029e-06
158,7.197,,6.2196474,,84.69,0.8594866921833401,0.0640212903554765,0.0001384290995072
158,7.2311,,6.2491164,,84.69,1.0151782746287186,0.0640212903554765,0.0001384290995072
158,7.0758,,6.1149063,,84.69,1.3857713251547223,0.0640212903554765,0.0001384290995072
158,10.3026,0.0157,8.903507,0.01356794,84.69,0.9954865095820041,0.0640212903554765,0.0001384290995072
158,11.9434,0.0319,10.321486,0.02756798,84.69,1.4795270092089579,0.0640212903554765,0.0001384290995072
158,13.3792,0.0307,11.5623045,0.02653094,84.69,1.0140922893367201,0.0640212903554765,0.0001384290995072
158,14.5481,0.0352,12.572468,0.03041984,84.69,0.8991569705988144,0.0640212903554765,0.0001384290995072
158,15.7352,0.0378,13.59836,0.03266676,84.69,1.00698515964084,0.0640212903554765,0.0001384290995072
158,17.115,0.0452,14.790783,0.03906184,84.69,1.2227340342720623,0.0640212903554765,0.0001384290995072
158,18.654,0.0526,16.120787,0.04545692,84.69,0.9761382991730799,0.0640212903554765,0.0001384290995072
158,20.4386,0.0768,17.663038,0.06637056,84.69,0.9346920249233474,0.0640212903554765,0.0001384290995072
158,22.2651,0.0741,19.241499,0.06403722,84.69,1.6602818862189408,0.0640212903554765,0.0001384290995072
159,4.3605,,4.133318,,56.17,1.120397203597308,0.0595411909928701,0.0006327710784113
159,3.9554,,3.7493236,,56.17,1.1607586865182538,0.0595411909928701,0.0006327710784113
159,3.6505,,3.460309,,56.17,0.8552704095012277,0.0595411909928701,0.0006327710784113
159,5.3662,0.0058,5.086621,0.00549782,56.17,1.157369623502054,0.0595411909928701,0.0006327710784113
159,6.6112,0.0055,6.2667565,0.00521345,56.17,1.0648071773215797,0.0595411909928701,0.0006327710784113
159,8.0946,0.0051,7.672871,0.00483429,56.17,1.4104850673417886,0.0595411909928701,0.0006327710784113
159,9.8373,0.0071,9.324777,0.00673009,56.17,1.0053902976724067,0.0595411909928701,0.0006327710784113
159,11.8249,0.0066,11.208822,0.00625614,56.17,1.6883654530628407,0.0595411909928701,0.0006327710784113
159,13.9738,0.0166,13.245765,0.01573514,56.17,1.7296666209195553,0.0595411909928701,0.0006327710784113
159,16.3069,0.024,15.457311,0.0227496,56.17,0.8998310571767902,0.0595411909928701,0.0006327710784113
159,18.7871,0.0349,17.808292,0.03308171,56.17,0.9074029562885773,0.0595411909928701,0.0006327710784113
159,21.1978,0.0677,20.093395,0.06417283,56.17,0.915326438110988,0.0595411909928701,0.0006327710784113
160,20.651,,16.617859,,156.74,1.4195692563103122,0.0390937119572234,0.0001334256380793
160,19.762,,15.902481,,156.74,0.9219689642096229,0.0390937119572234,0.0001334256380793
160,18.88,,15.192736,,156.74,1.6523823179302664,0.0390937119572234,0.0001334256380793
160,13.9869,0.0248,11.255259,0.01995656,156.74,1.5542715149378925,0.0390937119572234,0.0001334256380793
160,18.4071,0.036,14.812193,0.0289692,156.74,1.6198088582380241,0.0390937119572234,0.0001334256380793
160,23.7851,0.0411,19.13987,0.03307317,156.74,1.326060526886021,0.0390937119572234,0.0001334256380793
160,30.0647,0.041,24.193064,0.0329927,156.74,1.7966772115191536,0.0390937119572234,0.0001334256380793
160,37.1629,0.0389,29.904985,0.03130283,156.74,0.8441751029441613,0.0390937119572234,0.0001334256380793
160,44.8625,0.0694,36.100853,0.05584618,156.74,1.2012649641861133,0.0390937119572234,0.0001334256380793
160,53.2501,0.0879,42.850357,0.07073313,156.74,1.1239366689376362,0.0390937119572234,0.0001334256380793
160,62.1131,0.1421,49.98241,0.11434787,156.74,1.7486454987126412,0.0390937119572234,0.0001334256380793
160,71.925,0.1275,57.878048,0.10259925,156.74,1.376860958497593,0.0390937119572234,0.0001334256380793
160,40.84334,3.6677654,30.69879,3.313233,165.2,1.6061909654447253,0.0390937119572234,0.0001334256380793
161,28.1917,2.5965514,5.599139,0.57092065,168.86,0.9703411936585189,0.0293159476346799,0.0001040720002467
162,4.5838,,3.3988876,,54.97,1.778634143900439,,
162,4.6737,,3.4655485,,54.97,1.2986395468763152,,
162,4.7576,,3.5277605,,54.97,1.2936720762706457,,
162,3.6687,0.0465,2.720341,0.03447975,54.97,1.7708847285457379,,
162,5.379,0.0591,3.9885285,0.04382265,54.97,1.180732361217145,,
162,6.5284,0.0425,4.8408084,0.03151375,54.97,1.1975250245549929,,
162,7.5612,0.0545,5.60663,0.04041175,54.97,1.3847527028049367,,
162,8.6392,0.0534,6.4059668,0.0395961,54.97,0.928052610547787,,
162,9.7393,0.0966,7.221691,0.0716289,54.97,1.121085626411855,,
162,10.9337,0.1019,8.107339,0.07555885,54.97,0.9932083224451306,,
162,12.4816,0.1775,9.255106,0.13161625,54.97,0.9032834791070496,,
162,14.3264,0.2525,10.623026,0.18722875,54.97,1.6661446063310201,,
162,11.223318,1.6022439,6.533129,1.049572,61.5,1.389331166127476,,
163,6.8744,,4.1438885,,68.98,1.1586727915279114,0.0183950591578924,1.93467181577e-05
163,5.9906,,3.6111336,,68.98,1.208669377366713,0.0183950591578924,1.93467181577e-05
163,4.9249,,2.9687297,,68.98,1.2315190036873547,0.0183950591578924,1.93467181577e-05
163,16.9942,0.0223,10.244103,0.01344244,68.98,1.4331491821447093,0.0183950591578924,1.93467181577e-05
163,20.4914,0.0281,12.352216,0.01693868,68.98,1.7267693914889932,0.0183950591578924,1.93467181577e-05
163,24.2625,0.0315,14.625435,0.0189882,68.98,1.7327796196569825,0.0183950591578924,1.93467181577e-05
163,28.2561,0.0295,17.032778,0.0177826,68.98,1.1914919795306633,0.0183950591578924,1.93467181577e-05
163,32.3992,0.0348,19.530237,0.02097744,68.98,1.1292624595977696,0.0183950591578924,1.93467181577e-05
163,36.9209,0.0493,22.255919,0.02971804,68.98,1.251046500185255,0.0183950591578924,1.93467181577e-05
163,41.7992,0.0648,25.196558,0.03906144,68.98,1.3679342304284927,0.0183950591578924,1.93467181577e-05
163,47.0373,0.1208,28.354084,0.07281824,68.98,1.2618179114497483,0.0183950591578924,1.93467181577e-05
163,52.0245,0.1594,31.360369,0.09608632,68.98,1.458753409816701,0.0183950591578924,1.93467181577e-05
163,28.848368,6.709008,19.059929,4.9267063,78.34,1.3543990233797638,0.0183950591578924,1.93467181577e-05
164,9.8753,,7.1645303,,139.94,1.1207155466940761,0.0287065260327529,0.0001467682018872
164,9.4523,,6.8576436,,139.94,1.1457308057626325,0.0287065260327529,0.0001467682018872
164,9.267,,6.7232084,,139.94,1.1785927875597308,0.0287065260327529,0.0001467682018872
164,13.143,0.0428,9.535247,0.0310514,139.94,0.8946397682493887,0.0287065260327529,0.0001467682018872
164,16.6988,0.055,12.11498,0.0399025,139.94,0.9660626324139732,0.0287065260327529,0.0001467682018872
164,20.6633,0.0644,14.991224,0.0467222,139.94,1.523113802145386,0.0287065260327529,0.0001467682018872
164,25.115,0.0608,18.220932,0.0441104,139.94,1.18909671152208,0.0287065260327529,0.0001467682018872
164,29.3933,0.0939,21.324839,0.06812445,139.94,1.0145389725601437,0.0287065260327529,0.0001467682018872
164,33.0017,0.0541,23.942734,0.03924955,139.94,1.3626724105748573,0.0287065260327529,0.0001467682018872
164,36.0401,0.0578,26.147093,0.0419339,139.94,1.5555395424734273,0.0287065260327529,0.0001467682018872
164,38.7811,0.0941,28.135689,0.06826955,139.94,1.0574223623453713,0.0287065260327529,0.0001467682018872
164,41.5554,0.1176,30.148443,0.0853188,139.94,1.6267898819237445,0.0287065260327529,0.0001467682018872
164,27.423397,3.7886825,19.414278,2.9598672,132.5,1.7275048596250495,0.0287065260327529,0.0001467682018872
165,17.18,,4.014966,,49.27,1.3973945290738408,0.0253925667469593,7.6719740305e-06
165,17.075,,3.9904275,,49.27,1.4689476589915795,0.0253925667469593,7.6719740305e-06
165,16.049,,3.7506514,,49.27,0.8525759903230554,0.0253925667469593,7.6719740305e-06
165,14.775,0.0753,3.4529176,0.01759761,49.27,1.7455198910219065,0.0253925667469593,7.6719740305e-06
165,19.0136,0.122,4.443478,0.0285114,49.27,1.1924847342649438,0.0253925667469593,7.6719740305e-06
165,23.3416,0.1619,5.4549317,0.03783603,49.27,1.72390040054543,0.0253925667469593,7.6719740305e-06
165,27.8096,0.1269,6.4991035,0.02965653,49.27,1.3789775247502427,0.0253925667469593,7.6719740305e-06
165,32.939,0.1771,7.6978445,0.04138827,49.27,0.8046187988433277,0.0253925667469593,7.6719740305e-06
165,38.0617,0.1832,8.89502,0.04281384,49.27,0.8385419993234358,0.0253925667469593,7.6719740305e-06
165,43.2989,0.2174,10.118953,0.05080638,49.27,1.4804188056699221,0.0253925667469593,7.6719740305e-06
165,48.6842,0.2333,11.377498,0.05452221,49.27,1.3626680138319331,0.0253925667469593,7.6719740305e-06
165,53.818,0.293,12.577267,0.0684741,49.27,0.8265324372060744,0.0253925667469593,7.6719740305e-06
165,32.667904,2.858384,7.854549,0.7941279,48.4,1.5434599612223854,0.0253925667469593,7.6719740305e-06
166,4.6841,,2.206211,,81.04,1.6521453370691819,,
166,4.6962,,2.2119102,,81.04,1.2964174824393084,,
166,4.6677,,2.1984868,,81.04,1.265757440357255,,
166,5.7414,0.07,2.7041993,0.03297,81.04,0.8054731088346275,,
166,7.0377,0.0756,3.3147566,0.0356076,81.04,1.5866497124935992,,
166,8.1553,0.0759,3.8411462,0.0357489,81.04,1.1307160667461056,,
166,9.2153,0.0613,4.3404064,0.0288723,81.04,1.6787636197825395,,
166,10.1958,0.1215,4.802222,0.0572265,81.04,1.173060587558053,,
166,11.1312,0.0894,5.242795,0.0421074,81.04,1.3650779106307056,,
166,12.1317,0.086,5.7140307,0.040506,81.04,1.0703417881993276,,
166,13.0907,0.0987,6.1657195,0.0464877,81.04,0.9605883125849187,,
166,14.2404,0.1307,6.707228,0.0615597,81.04,1.574907903381328,,
166,10.141945,2.1017423,5.0830135,1.1031669,76.0,1.2965904788462816,,
167,10.327,,5.1418133,,96.92,1.3364879237522507,,
167,9.4661,,4.713171,,96.92,1.7654159534817355,,
167,8.958,,4.4601884,,96.92,1.7635799122221538,,
167,10.9005,0.0616,5.427359,0.03067064,96.92,1.6556421217024035,,
167,13.6034,0.0947,6.773133,0.04715113,96.92,0.9876092927650336,,
167,16.1271,0.0878,8.029683,0.04371562,96.92,1.39427269430158,,
167,18.6268,0.1419,9.274283,0.07065201,96.92,1.6781474246555375,,
167,21.3212,0.128,10.615826,0.0637312,96.92,1.1744639364489378,,
167,23.9598,0.1156,11.9295845,0.05755724,96.92,0.901106165935585,,
167,26.8702,0.1221,13.378673,0.06079359,96.92,1.610962902239922,,
167,29.5635,0.1041,14.7196665,0.05183139,96.92,1.2817635513621717,,
167,32.7029,0.1495,16.282774,0.07443605,96.92,1.3643926803591786,,
167,17.78776,2.908006,9.313679,1.6290141,97.5,1.7821442963178444,,
168,6.7852,,6.524648,,148.78,1.4072114304940722,0.0256394041774059,1.80124614588e-05
168,5.6683,,5.4506373,,148.78,1.2249793856661015,0.0256394041774059,1.80124614588e-05
168,5.2649,,5.062728,,148.78,1.169984367847198,0.0256394041774059,1.80124614588e-05
168,11.8254,0.0092,11.3713045,0.00884672,148.78,1.2176192926540457,0.0256394041774059,1.80124614588e-05
168,13.2963,0.0104,12.785722,0.01000064,148.78,0.9183990831786688,0.0256394041774059,1.80124614588e-05
168,14.9048,0.0083,14.332456,0.00798128,148.78,1.5947505584175719,0.0256394041774059,1.80124614588e-05
168,16.689,0.0122,16.048141,0.01173152,148.78,1.6377168581870412,0.0256394041774059,1.80124614588e-05
168,18.5583,0.0094,17.845661,0.00903904,148.78,1.084397134573409,0.0256394041774059,1.80124614588e-05
168,20.528,0.0222,19.739725,0.02134752,148.78,1.1037966184099441,0.0256394041774059,1.80124614588e-05
168,22.7246,0.042,21.851974,0.0403872,148.78,1.6743342563348134,0.0256394041774059,1.80124614588e-05
168,25.0332,0.0493,24.071924,0.04740688,148.78,0.8239703555279555,0.0256394041774059,1.80124614588e-05
168,27.8538,0.1141,26.784214,0.10971856,148.78,1.3204574437672276,0.0256394041774059,1.80124614588e-05
169,9.956834,1.9258224,6.578415,1.3412044,24.0,1.2636757146815012,0.0759568808098568,0.0001307571278626
170,9.707809,2.1235404,5.5862613,1.273941,68.5,1.4901267695784597,,
171,27.549978,3.2986808,18.540491,2.7495165,156.5,0.9633917001494545,0.0080689154628432,3.63584851042e-05
172,36.151077,3.5793602,16.90913,1.9978477,168.52,1.4683307407951538,0.0299914149274562,0.0001324249483386
173,8.9751,,6.7537627,,105.19,1.1767340078748765,0.0484368422637236,0.0001154131718488
173,8.3052,,6.249663,,105.19,1.418714778169642,0.0484368422637236,0.0001154131718488
173,7.882,,5.931205,,105.19,0.840095009872776,0.0484368422637236,0.0001154131718488
173,8.7176,0.0402,6.559994,0.0302505,105.19,1.2617271971845094,0.0484368422637236,0.0001154131718488
173,11.2985,0.0452,8.502121,0.034013,105.19,1.322250893982372,0.0484368422637236,0.0001154131718488
173,13.4827,0.0455,10.145732,0.03423875,105.19,1.0143264028549868,0.0484368422637236,0.0001154131718488
173,15.6394,0.0576,11.768648,0.043344,105.19,0.9396236541791207,0.0484368422637236,0.0001154131718488
173,17.6809,0.075,13.304877,0.0564375,105.19,0.9884743030123014,0.0484368422637236,0.0001154131718488
173,19.7406,0.0848,14.854801,0.063812,105.19,1.144141078063348,0.0484368422637236,0.0001154131718488
173,21.7921,0.0718,16.398556,0.0540295,105.19,0.8968101493049715,0.0484368422637236,0.0001154131718488
173,23.7578,0.1338,17.877745,0.1006845,105.19,1.7473197957296045,0.0484368422637236,0.0001154131718488
173,25.597,0.1023,19.261742,0.07698075,105.19,1.2049940614958174,0.0484368422637236,0.0001154131718488
173,17.183882,2.3740408,14.932113,2.2621987,104.49,1.608969602506749,0.0484368422637236,0.0001154131718488
174,9.924,,6.9090886,,90.81,1.7744171231088468,0.0275130337001339,1.7011768537e-05
174,9.7606,,6.7953296,,90.81,0.8807352800027392,0.0275130337001339,1.7011768537e-05
174,9.6018,,6.684773,,90.81,1.4516694679349942,0.0275130337001339,1.7011768537e-05
174,6.7328,0.0394,4.6873755,0.02743028,90.81,1.671409086741214,0.0275130337001339,1.7011768537e-05
174,10.0751,0.0459,7.0142846,0.03195558,90.81,1.4342344339667283,0.0275130337001339,1.7011768537e-05
174,13.2744,0.0286,9.241637,0.01991132,90.81,1.2290261213574127,0.0275130337001339,1.7011768537e-05
174,15.6218,0.0315,10.875897,0.0219303,90.81,1.2310763576379382,0.0275130337001339,1.7011768537e-05
174,17.5945,0.0359,12.24929,0.02499358,90.81,0.835898886007359,0.0275130337001339,1.7011768537e-05
174,19.2692,0.036,13.415217,0.0250632,90.81,1.3346007512892752,0.0275130337001339,1.7011768537e-05
174,20.949,0.055,14.584694,0.038291,90.81,1.7935429967868475,0.0275130337001339,1.7011768537e-05
174,22.6697,0.0876,15.782645,0.06098712,90.81,1.7587075259719342,0.0275130337001339,1.7011768537e-05
174,24.1342,0.0852,16.80223,0.05931624,90.81,0.8403992288421632,0.0275130337001339,1.7011768537e-05
174,17.869864,2.7568412,12.650895,2.1152701,108.45,1.505797003629488,0.0275130337001339,1.7011768537e-05
175,24.895523,2.866203,5.7825747,0.7763837,120.2,1.1017648666969309,,
176,19.013,,10.856423,,0.57,1.7029891534061368,0.0215642516263701,7.6719740305e-06
176,17.719,,10.117549,,0.57,0.8451147457092786,0.0215642516263701,7.6719740305e-06
176,16.659,,9.512289,,0.57,1.7358741020110806,0.0215642516263701,7.6719740305e-06
176,18.2514,0.111,10.42155,0.063381,0.57,1.637475743787777,0.0215642516263701,7.6719740305e-06
176,23.2396,0.1038,13.269812,0.0592698,0.57,0.9175043822526016,0.0215642516263701,7.6719740305e-06
176,28.1304,0.142,16.062458,0.081082,0.57,0.8598243373172992,0.0215642516263701,7.6719740305e-06
176,32.4143,0.1151,18.508566,0.0657221,0.57,1.6347076643269358,0.0215642516263701,7.6719740305e-06
176,37.2386,0.1173,21.26324,0.0669783,0.57,0.9557576709745794,0.0215642516263701,7.6719740305e-06
176,42.0924,0.1072,24.03476,0.0612112,0.57,1.3348981529758706,0.0215642516263701,7.6719740305e-06
176,47.3863,0.1821,27.057577,0.1039791,0.57,1.7157448578787096,0.0215642516263701,7.6719740305e-06
176,53.2317,0.1689,30.3953,0.0964419,0.57,1.3674481135493233,0.0215642516263701,7.6719740305e-06
176,59.9092,0.1899,34.208153,0.1084329,0.57,1.1972333014728243,0.0215642516263701,7.6719740305e-06
176,32.14558,3.0347352,19.593916,2.1903663,179.8,1.2450160548539921,0.0215642516263701,7.6719740305e-06
177,12.061,,7.7371316,,176.79,0.8631171707038711,0.0211766501477498,5.13688693881e-05
177,12.237,,7.8500357,,176.79,1.7687523213615988,0.0211766501477498,5.13688693881e-05
177,12.132,,7.782678,,176.79,1.1106541850810827,0.0211766501477498,5.13688693881e-05
177,15.3858,0.0387,9.86999,0.02482605,176.79,0.9893634916728539,0.0211766501477498,5.13688693881e-05
177,19.5336,0.0528,12.530805,0.0338712,176.79,1.0860473018403953,0.0211766501477498,5.13688693881e-05
177,23.8634,0.0637,15.308372,0.04086355,176.79,1.764373194891479,0.0211766501477498,5.13688693881e-05
177,28.1098,0.0556,18.032436,0.0356674,176.79,0.894286053488007,0.0211766501477498,5.13688693881e-05
177,32.344,0.0759,20.748676,0.04868985,176.79,1.6673030405011815,0.0211766501477498,5.13688693881e-05
177,36.5196,0.0902,23.427324,0.0578633,176.79,1.5078438944014478,0.0211766501477498,5.13688693881e-05
177,40.5309,0.1184,26.000572,0.0759536,176.79,1.6300191791590282,0.0211766501477498,5.13688693881e-05
177,44.6983,0.1944,28.67396,0.1247076,176.79,1.7758975403678963,0.0211766501477498,5.13688693881e-05
177,48.7859,0.2289,31.296154,0.14683935,176.79,1.642154655516872,0.0211766501477498,5.13688693881e-05
178,13.169,,9.085293,,102.66,1.743382351277853,0.0194714704930969,1.60110772057e-05
178,12.401,,8.5554495,,102.66,0.9269352567909198,0.0194714704930969,1.60110772057e-05
178,11.471,,7.9138427,,102.66,1.59578856516697,0.0194714704930969,1.60110772057e-05
178,2.3187,0.1163,1.5996711,0.08023537,102.66,1.3456756940810477,0.0194714704930969,1.60110772057e-05
178,5.5578,0.0765,3.8343263,0.05277735,102.66,1.3434955950798608,0.0194714704930969,1.60110772057e-05
178,9.3611,0.1095,6.458223,0.07554405,102.66,1.6989215763205137,0.0194714704930969,1.60110772057e-05
178,13.8633,0.0937,9.564291,0.06464363,102.66,1.7718038186467113,0.0194714704930969,1.60110772057e-05
178,17.3769,0.0914,11.988323,0.06305686,102.66,1.504838323043181,0.0194714704930969,1.60110772057e-05
178,20.3247,0.1103,14.022011,0.07609597,102.66,1.2829383894717838,0.0194714704930969,1.60110772057e-05
178,23.3993,0.1189,16.143177,0.08202911,102.66,1.2564038579018453,0.0194714704930969,1.60110772057e-05
178,27.3217,0.1908,18.849241,0.13163292,102.66,1.1863414572231819,0.0194714704930969,1.60110772057e-05
178,31.2797,0.2718,21.579865,0.18751483,102.66,1.1615990295726628,0.0194714704930969,1.60110772057e-05
178,18.035212,3.073043,15.8168955,2.9508986,5.0,1.1915068416844314,0.0194714704930969,1.60110772057e-05
179,16.473,,3.95352,,22.47,0.8897532352511953,0.0184771159253112,1.7011768537e-05
179,15.796,,3.79104,,22.47,0.8774360852604383,0.0184771159253112,1.7011768537e-05
179,15.601,,3.74424,,22.47,1.5798698438723118,0.0184771159253112,1.7011768537e-05
179,20.7616,0.2474,4.982784,0.059376,22.47,1.246072892920226,0.0184771159253112,1.7011768537e-05
179,24.195,0.2801,5.8068,0.067224,22.47,1.7306844885446204,0.0184771159253112,1.7011768537e-05
179,27.4696,0.2047,6.592704,0.049128,22.47,1.4122210085939524,0.0184771159253112,1.7011768537e-05
179,30.7994,0.2757,7.391856,0.066168,22.47,0.8351759821844198,0.0184771159253112,1.7011768537e-05
179,33.0953,0.2156,7.942872,0.051744,22.47,0.9575233413174795,0.0184771159253112,1.7011768537e-05
179,36.9563,0.3063,8.869512,0.073512,22.47,1.0058197930130075,0.0184771159253112,1.7011768537e-05
179,41.7367,0.2522,10.016808,0.060528,22.47,1.7757360243896607,0.0184771159253112,1.7011768537e-05
179,47.2113,0.3115,11.330712,0.07476,22.47,1.0187042261516348,0.0184771159253112,1.7011768537e-05
179,53.4508,0.364,12.828192,0.08736,22.47,1.3157556762880513,0.0184771159253112,1.7011768537e-05
179,36.908062,3.739294,9.956834,1.3033847,23.5,1.736176931640196,0.0184771159253112,1.7011768537e-05
180,14.127,,3.9654489,,76.8,1.7771927299143573,0.0161845298990143,2.0347409489e-05
180,13.771,,3.8655198,,76.8,1.0363604353835445,0.0161845298990143,2.0347409489e-05
180,13.584,,3.8130288,,76.8,0.8491176437500402,0.0161845298990143,2.0347409489e-05
180,9.9946,0.1416,2.8054843,0.03974712,76.8,0.9536018325377585,0.0161845298990143,2.0347409489e-05
180,14.1884,0.2295,3.982684,0.06442065,76.8,0.8633284787025581,0.0161845298990143,2.0347409489e-05
180,18.2777,0.287,5.1305504,0.0805609,76.8,0.9951242410923364,0.0161845298990143,2.0347409489e-05
180,21.7499,0.1727,6.105197,0.04847689,76.8,1.3685697147037355,0.0161845298990143,2.0347409489e-05
180,24.7528,0.235,6.948111,0.0659645,76.8,1.7124487962956418,0.0161845298990143,2.0347409489e-05
180,28.4426,0.218,7.9838376,0.0611926,76.8,1.33721888369434,0.0161845298990143,2.0347409489e-05
180,31.7957,0.2083,8.925053,0.05846981,76.8,1.4259895566990808,0.0161845298990143,2.0347409489e-05
180,35.705,0.313,10.022393,0.0878591,76.8,1.001867251609541,0.0161845298990143,2.0347409489e-05
180,39.8213,0.2757,11.177839,0.07738899,76.8,1.6005836206738502,0.0161845298990143,2.0347409489e-05
180,23.720358,2.293962,6.428672,0.74719965,74.0,1.4177889085055833,0.0161845298990143,2.0347409489e-05
181,45.19821,2.705891,12.391425,0.9717755,23.4,1.6641368291927248,0.006533186368551,1.13411795548e-05
182,4.848,,3.2273135,,177.27,1.7488431070057842,0.0395033286661267,0.0001147460538379
182,4.3847,,2.9188948,,177.27,1.1479007757565922,0.0395033286661267,0.0001147460538379
182,3.892,,2.5909045,,177.27,0.8905790585354394,0.0395033286661267,0.0001147460538379
182,8.1476,0.0149,5.423857,0.00991893,177.27,1.0259289579167825,0.0395033286661267,0.0001147460538379
182,9.7821,0.0158,6.511944,0.01051806,177.27,1.2378415656758373,0.0395033286661267,0.0001147460538379
182,11.6325,0.0161,7.7437553,0.01071777,177.27,1.7456936518244732,0.0395033286661267,0.0001147460538379
182,13.7845,0.0161,9.176342,0.01071777,177.27,1.1783098223734152,0.0395033286661267,0.0001147460538379
182,16.222,0.0205,10.7989855,0.01364685,177.27,1.57077321366537,0.0395033286661267,0.0001147460538379
182,19.0119,0.0254,12.656221,0.01690878,177.27,1.3404766921707552,0.0395033286661267,0.0001147460538379
182,22.0033,0.0363,14.647596,0.02416491,177.27,0.9828087704309766,0.0395033286661267,0.0001147460538379
182,25.3828,0.0766,16.89733,0.05099262,177.27,1.1207341189534517,0.0395033286661267,0.0001147460538379
182,28.9574,0.0965,19.276941,0.06424005,177.27,1.4531918850228187,0.0395033286661267,0.0001147460538379
182,18.370512,1.7765859,12.0815115,1.2711657,176.6,1.4728533946848934,0.0395033286661267,0.0001147460538379
183,24.161354,3.11548,7.693452,1.1091237,102.5,1.234759746809046,0.0209181379739713,0.0001307571278626
185,11.347,,5.376209,,68.03,1.0286456026621147,0.0209945241517716,6.93813292563e-05
185,11.838,,5.6088443,,68.03,1.5219067795126764,0.0209945241517716,6.93813292563e-05
185,12.543,,5.9428735,,68.03,0.9688730416127148,0.0209945241517716,6.93813292563e-05
185,7.6339,0.0652,3.616942,0.03089176,68.03,1.7366696918651265,0.0209945241517716,6.93813292563e-05
185,10.1891,0.0797,4.8275957,0.03776186,68.03,0.9879035790364767,0.0209945241517716,6.93813292563e-05
185,12.809,0.0878,6.0689044,0.04159964,68.03,0.9073123628325205,0.0209945241517716,6.93813292563e-05
185,15.6609,0.1309,7.4201345,0.06202042,68.03,1.2976477023653787,0.0209945241517716,6.93813292563e-05
185,18.7822,0.1355,8.899006,0.0641999,68.03,1.319549598109694,0.0209945241517716,6.93813292563e-05
185,22.3873,0.1417,10.607102,0.06713746,68.03,1.3081929147782447,0.0209945241517716,6.93813292563e-05
185,26.1876,0.1248,12.407685,0.05913024,68.03,1.2366674893388394,0.0209945241517716,6.93813292563e-05
185,29.914,0.1434,14.173253,0.06794292,68.03,1.7948148928296084,0.0209945241517716,6.93813292563e-05
185,33.4593,0.2447,15.853016,0.11593886,68.03,1.286280612670582,0.0209945241517716,6.93813292563e-05
185,16.638771,2.3753555,7.675758,1.241345,65.0,1.277946580739831,0.0209945241517716,6.93813292563e-05
186,26.304,,11.744736,,83.32,1.2217660627145612,0.0262975261372319,8.33910238e-06
186,24.38,,10.88567,,83.32,0.866825754701463,0.0262975261372319,8.33910238e-06
186,24.814,,11.079451,,83.32,1.392956631149616,0.0262975261372319,8.33910238e-06
186,18.2241,0.1539,8.137061,0.06871635,83.32,1.0279677722231826,0.0262975261372319,8.33910238e-06
186,23.7442,0.2119,10.601786,0.09461335,83.32,1.43760898022905,0.0262975261372319,8.33910238e-06
186,30.4155,0.2221,13.580521,0.09916765,83.32,0.8508334619484772,0.0262975261372319,8.33910238e-06
186,39.6891,0.2469,17.721184,0.11024085,83.32,1.7813871012530016,0.0262975261372319,8.33910238e-06
186,50.4636,0.2356,22.531998,0.1051954,83.32,1.2690050790126723,0.0262975261372319,8.33910238e-06
186,61.7843,0.3725,27.58669,0.16632125,83.32,1.6967553715906984,0.0262975261372319,8.33910238e-06
186,73.7139,0.2102,32.913258,0.0938543,83.32,1.2755611732329348,0.0262975261372319,8.33910238e-06
186,83.6581,0.2687,37.35334,0.11997455,83.32,0.8603308185742218,0.0262975261372319,8.33910238e-06
186,91.9664,0.3808,41.062996,0.1700272,83.32,1.622213546093807,0.0262975261372319,8.33910238e-06
186,38.73658,4.281325,14.5922165,1.9764006,83.99,1.4481837296671345,0.0262975261372319,8.33910238e-06
187,101.59,,43.622746,,101.9,1.5817570475739453,0.0049971237101635,3.83598709478e-05
187,100.87,,43.31358,,101.9,1.2281698635088734,0.0049971237101635,3.83598709478e-05
187,99.25,,42.61795,,101.9,1.4379367442466449,0.0049971237101635,3.83598709478e-05
187,6.6923,0.0547,2.8736737,0.02348818,101.9,1.6562290037966076,0.0049971237101635,3.83598709478e-05
187,12.677,0.1297,5.443504,0.05569318,101.9,1.4310654428718874,0.0049971237101635,3.83598709478e-05
187,22.0711,0.1551,9.47733,0.06659994,101.9,1.1476736348359033,0.0049971237101635,3.83598709478e-05
187,31.0476,0.183,13.33184,0.0785802,101.9,1.4625295943661998,0.0049971237101635,3.83598709478e-05
187,42.0032,0.2831,18.036175,0.12156314,101.9,1.4718541886140675,0.0049971237101635,3.83598709478e-05
187,54.1822,0.2817,23.265837,0.12096198,101.9,1.760586962506625,0.0049971237101635,3.83598709478e-05
187,66.7847,0.3608,28.677351,0.15492752,101.9,1.1709123215416692,0.0049971237101635,3.83598709478e-05
187,35.32818,2.4403841,10.917451,1.75411,102.6,1.2250817675141312,0.0049971237101635,3.83598709478e-05
188,25.300043,3.611841,11.018469,1.8063341,131.6,1.6121229611870591,,
189,23.020845,2.5443578,18.32826,2.2648175,28.79,1.3057623147427413,0.0240359615717884,0.0001501038428392
190,11.46,,10.661238,,139.28,1.536573093115733,0.0165024164817381,1.10076149825e-05
190,11.111,,10.336563,,139.28,1.259709464453592,0.0165024164817381,1.10076149825e-05
190,11.043,,10.273303,,139.28,1.0154951418127005,0.0165024164817381,1.10076149825e-05
190,9.5876,0.0601,8.919344,0.05591103,139.28,1.5452038427810109,0.0165024164817381,1.10076149825e-05
190,13.8734,0.0401,12.906424,0.03730503,139.28,0.93115516918471,0.0165024164817381,1.10076149825e-05
190,16.68,0.026,15.517404,0.0241878,139.28,0.9985836635313081,0.0165024164817381,1.10076149825e-05
190,18.9844,0.028,17.661188,0.0260484,139.28,1.4268249827842086,0.0165024164817381,1.10076149825e-05
190,21.0249,0.0162,19.559465,0.01507086,139.28,1.54726980019207,0.0165024164817381,1.10076149825e-05
190,22.962,0.0332,21.36155,0.03088596,139.28,1.694687886867815,0.0165024164817381,1.10076149825e-05
190,24.7959,0.0371,23.067625,0.03451413,139.28,1.0725864974158918,0.0165024164817381,1.10076149825e-05
190,26.6006,0.0525,24.746538,0.04884075,139.28,0.9107242586005544,0.0165024164817381,1.10076149825e-05
190,28.3956,0.0632,26.416428,0.05879496,139.28,1.7560466595226292,0.0165024164817381,1.10076149825e-05
191,5.5866,,5.2927446,,151.81,0.9544230880221425,0.026822889587169,0.0001501038428392
191,5.7116,,5.41117,,151.81,0.9976669822546396,0.026822889587169,0.0001501038428392
191,5.4601,,5.172899,,151.81,1.091329453558466,0.026822889587169,0.0001501038428392
191,8.6372,0.0192,8.182883,0.01819008,151.81,1.3293913540262876,0.026822889587169,0.0001501038428392
191,10.7885,0.0252,10.2210245,0.02387448,151.81,1.682825566034078,0.026822889587169,0.0001501038428392
191,13.4287,0.0281,12.72235,0.02662194,151.81,1.5605460227298669,0.026822889587169,0.0001501038428392
191,16.5608,0.0257,15.689702,0.02434818,151.81,1.508157553842635,0.026822889587169,0.0001501038428392
191,20.0458,0.0306,18.99139,0.02899044,151.81,0.9751805678560037,0.026822889587169,0.0001501038428392
191,23.4424,0.0615,22.20933,0.0582651,151.81,1.1576826315259743,0.026822889587169,0.0001501038428392
191,26.7732,0.09,25.36493,0.085266,151.81,1.278404926086678,0.026822889587169,0.0001501038428392
191,30.147,0.1113,28.561268,0.10544562,151.81,0.9474259534855859,0.026822889587169,0.0001501038428392
191,33.276,0.1982,31.525682,0.18777467,151.81,1.0734297021266725,0.026822889587169,0.0001501038428392
191,22.652767,2.660156,19.593916,2.7653973,178.77,1.1083332039528444,0.026822889587169,0.0001501038428392
192,15.759,,5.217805,,26.07,0.9272761983290393,0.0206139275191505,3.2355716598e-05
192,15.395,,5.0972843,,26.07,1.3502396919082575,0.0206139275191505,3.2355716598e-05
192,15.21,,5.036031,,26.07,1.505028196524193,0.0206139275191505,3.2355716598e-05
192,17.0367,0.1707,5.6408515,0.05651877,26.07,0.8699316314768613,0.0206139275191505,3.2355716598e-05
192,21.2431,0.1956,7.0335903,0.06476316,26.07,1.28112310176315,0.0206139275191505,3.2355716598e-05
192,25.2061,0.2031,8.345739,0.06724641,26.07,1.582211195267795,0.0206139275191505,3.2355716598e-05
192,29.462,0.2494,9.7548685,0.08257634,26.07,1.547990128952447,0.0206139275191505,3.2355716598e-05
192,33.2352,0.2489,11.004175,0.08241079,26.07,1.615073096218754,0.0206139275191505,3.2355716598e-05
192,37.4456,0.2329,12.398238,0.07711319,26.07,1.248240633170607,0.0206139275191505,3.2355716598e-05
192,43.086,0.2504,14.265775,0.08290744,26.07,1.6205570826398608,0.0206139275191505,3.2355716598e-05
192,48.5559,0.3071,16.076859,0.10168081,26.07,1.0407530712142696,0.0206139275191505,3.2355716598e-05
192,54.5503,0.3765,18.061604,0.12465915,26.07,1.1608105614175153,0.0206139275191505,3.2355716598e-05
192,32.81869,14.131184,8.732151,4.09749,25.0,0.9763555764178014,0.0206139275191505,3.2355716598e-05
193,7.4335,,5.954977,,137.32,1.2674845394285719,0.0253308573893476,2.06809732661e-05
193,7.1065,,5.693017,,137.32,1.1920600224154434,0.0253308573893476,2.06809732661e-05
193,6.7757,,5.4280133,,137.32,1.0409271164143123,0.0253308573893476,2.06809732661e-05
193,9.06,0.0588,7.257966,0.04710468,137.32,1.5517807092307816,0.0253308573893476,2.06809732661e-05
193,11.0944,0.0582,8.887724,0.04662402,137.32,1.1138467721116467,0.0253308573893476,2.06809732661e-05
193,13.2618,0.0881,10.624028,0.07057691,137.32,1.0728043301458356,0.0253308573893476,2.06809732661e-05
193,15.592,0.0716,12.490751,0.05735876,137.32,0.9308903308504951,0.0253308573893476,2.06809732661e-05
193,18.2616,0.0452,14.629368,0.03620972,137.32,1.2388217018019487,0.0253308573893476,2.06809732661e-05
193,20.8609,0.0319,16.711666,0.02555509,137.32,1.102964628837302,0.0253308573893476,2.06809732661e-05
193,23.1458,0.0427,18.5421,0.03420697,137.32,1.1692728413409688,0.0253308573893476,2.06809732661e-05
193,25.2378,0.0578,20.218002,0.04630358,137.32,1.0359972626205527,0.0253308573893476,2.06809732661e-05
193,27.5652,0.0681,22.082481,0.05455491,137.32,1.5631554898199005,0.0253308573893476,2.06809732661e-05
194,3.8526,,2.240672,,43.79,1.7300033473547174,0.1182618143115528,0.0002064761800174
194,3.2538,,1.89241,,43.79,1.2979318527888877,0.1182618143115528,0.0002064761800174
194,2.9371,,1.7082174,,43.79,1.4429984233408326,0.1182618143115528,0.0002064761800174
194,4.2482,0.0201,2.4707532,0.01169016,43.79,1.667172276606706,0.1182618143115528,0.0002064761800174
194,5.3304,0.0314,3.1001606,0.01826224,43.79,1.7988296373336587,0.1182618143115528,0.0002064761800174
194,6.6891,0.0263,3.8903806,0.01529608,43.79,1.4135164847298323,0.1182618143115528,0.0002064761800174
194,8.3442,0.0522,4.852987,0.03035952,43.79,1.6897794665398687,0.1182618143115528,0.0002064761800174
194,10.2036,0.0997,5.934414,0.05798552,43.79,1.708608246555642,0.1182618143115528,0.0002064761800174
194,12.0063,0.0959,6.982864,0.05577544,43.79,1.5914514878076225,0.1182618143115528,0.0002064761800174
194,13.6492,0.0756,7.9383745,0.04396896,43.79,1.2609313910731101,0.1182618143115528,0.0002064761800174
194,15.3154,0.0828,8.907436,0.04815648,43.79,0.8811540004238994,0.1182618143115528,0.0002064761800174
194,16.8853,0.0807,9.820491,0.04693512,43.79,0.8158055554401339,0.1182618143115528,0.0002064761800174
194,10.967844,1.995097,5.890081,1.1367373,36.5,1.2772006332829247,0.1182618143115528,0.0002064761800174
195,13.343,,10.400868,,115.18,1.2943145335346178,0.0227163820111845,2.46837433628e-05
195,12.834,,10.004103,,115.18,1.2073623878629722,0.0227163820111845,2.46837433628e-05
195,12.425,,9.685287,,115.18,1.3681673512913646,0.0227163820111845,2.46837433628e-05
195,17.6911,0.0611,13.790213,0.04762745,115.18,1.352162703304427,0.0227163820111845,2.46837433628e-05
195,20.2157,0.0563,15.758138,0.04388585,115.18,1.636613041032693,0.0227163820111845,2.46837433628e-05
195,22.856,0.0463,17.816252,0.03609085,115.18,0.9086571032622625,0.0227163820111845,2.46837433628e-05
195,25.0661,0.0376,19.539024,0.0293092,115.18,1.0251776661055456,0.0227163820111845,2.46837433628e-05
195,27.6413,0.057,21.546392,0.0444315,115.18,1.5930049789596303,0.0227163820111845,2.46837433628e-05
195,30.8699,0.0718,24.063087,0.0559681,115.18,1.6478368672236545,0.0227163820111845,2.46837433628e-05
195,34.7094,0.086,27.055977,0.067037,115.18,1.7948242136208679,0.0227163820111845,2.46837433628e-05
195,38.7706,0.097,30.221684,0.0756115,115.18,1.6729120163870843,0.0227163820111845,2.46837433628e-05
195,42.7186,0.1119,33.29915,0.08722605,115.18,1.6898990070723312,0.0227163820111845,2.46837433628e-05
195,33.04618,4.5654984,21.934172,3.5082102,112.17,1.1143479426299048,0.0227163820111845,2.46837433628e-05
196,7.6391,,5.7346725,,122.96,1.2016616340093764,0.0488261115628199,0.0001150796128434
196,6.9749,,5.2360573,,122.96,1.068085104820551,0.0488261115628199,0.0001150796128434
196,6.2455,,4.688497,,122.96,1.4062993981927157,0.0488261115628199,0.0001150796128434
196,8.2928,0.0042,6.2254047,0.00315294,122.96,1.7388053542070385,0.0488261115628199,0.0001150796128434
196,10.3336,0.0046,7.7574334,0.00345322,122.96,1.1446408865116178,0.0488261115628199,0.0001150796128434
196,12.6622,0.0084,9.505513,0.00630588,122.96,1.3570017818814502,0.0488261115628199,0.0001150796128434
196,15.2717,0.0085,11.464465,0.00638095,122.96,1.096299630453485,0.0488261115628199,0.0001150796128434
196,18.2835,0.0173,13.725424,0.01298711,122.96,0.9697999737727075,0.0488261115628199,0.0001150796128434
196,21.7889,0.0279,16.356928,0.02094453,122.96,0.9951855298186557,0.0488261115628199,0.0001150796128434
196,25.7722,0.0439,19.34719,0.03295573,122.96,0.85794534453813,0.0488261115628199,0.0001150796128434
196,30.0828,0.0631,22.583158,0.04736917,122.96,1.7492935230092574,0.0488261115628199,0.0001150796128434
196,34.2206,0.1317,25.689404,0.09886719,122.96,1.2028796085076296,0.0488261115628199,0.0001150796128434
196,17.026339,2.1954572,12.137277,1.7139124,122.94,1.6341208920021082,0.0488261115628199,0.0001150796128434
197,3.8724,,3.2450712,,69.59,1.481329472689691,0.0315034609709894,0.00010974259241
197,3.8701,,3.2431438,,69.59,0.9919211614110854,0.0315034609709894,0.00010974259241
197,4.2808,,3.5873103,,69.59,0.9754622465790879,0.0315034609709894,0.00010974259241
197,6.8986,0.0169,5.781027,0.0141622,69.59,1.611988201510545,0.0315034609709894,0.00010974259241
197,8.3103,0.0276,6.964031,0.0231288,69.59,1.0647117106195374,0.0315034609709894,0.00010974259241
197,9.8639,0.0238,8.265948,0.0199444,69.59,1.7132851837019758,0.0315034609709894,0.00010974259241
197,11.555,0.0357,9.68309,0.0299166,69.59,0.9400554046894907,0.0315034609709894,0.00010974259241
197,13.3331,0.0345,11.173138,0.028911,69.59,1.4777086144544695,0.0315034609709894,0.00010974259241
197,15.0539,0.0349,12.615169,0.0292462,69.59,1.6144738760309338,0.0315034609709894,0.00010974259241
197,16.6518,0.0616,13.954208,0.0516208,69.59,1.035256388415645,0.0315034609709894,0.00010974259241
197,18.261,0.0604,15.302718,0.0506152,69.59,1.076207363456566,0.0315034609709894,0.00010974259241
197,19.6867,0.0905,16.497454,0.075839,69.59,1.7645188861392018,0.0315034609709894,0.00010974259241
197,15.385841,2.550759,11.146057,1.9826741,74.5,1.0645976053461583,0.0315034609709894,0.00010974259241
198,,,,,,,0.0161445022075905,8.33910238e-06
199,8.6704,,6.8331423,,140.82,1.2325155932423661,0.0262958583167559,6.9714894624e-05
199,8.4536,,6.662282,,140.82,1.0530347499296835,0.0262958583167559,6.9714894624e-05
199,8.3244,,6.5604596,,140.82,1.5757910864370905,0.0262958583167559,6.9714894624e-05
199,9.7499,0.0583,7.683896,0.04594623,140.82,1.5718493432291551,0.0262958583167559,6.9714894624e-05
199,12.1792,0.061,9.598428,0.0480741,140.82,1.1783180142237857,0.0262958583167559,6.9714894624e-05
199,14.5249,0.0566,11.447074,0.04460646,140.82,1.6351257910807337,0.0262958583167559,6.9714894624e-05
199,16.695,0.0581,13.15733,0.04578861,140.82,1.0130749343990024,0.0262958583167559,6.9714894624e-05
199,18.9639,0.0829,14.94545,0.06533349,140.82,0.8043057756676787,0.0262958583167559,6.9714894624e-05
199,21.357,0.0777,16.831451,0.06123537,140.82,1.3711673620557412,0.0262958583167559,6.9714894624e-05
199,23.6721,0.0982,18.655981,0.07739142,140.82,1.7940777724523786,0.0262958583167559,6.9714894624e-05
199,25.6521,0.1163,20.21642,0.09165603,140.82,0.8386443098268846,0.0262958583167559,6.9714894624e-05
199,27.6759,0.1305,21.811377,0.10284705,140.82,1.0079980737084606,0.0262958583167559,6.9714894624e-05
199,18.540491,2.4333904,11.043869,1.6262922,132.5,1.3189146424870843,0.0262958583167559,6.9714894624e-05
200,10.813,,6.1785483,,111.33,1.6099407364448708,0.0500159346903917,0.0002398325895373
200,10.676,,6.1002665,,111.33,0.8890420050750533,0.0500159346903917,0.0002398325895373
200,11.368,,6.495675,,111.33,1.1952346537588943,0.0500159346903917,0.0002398325895373
200,8.9228,0.037,5.098488,0.0211418,111.33,1.5470758006298864,0.0500159346903917,0.0002398325895373
200,11.1629,0.0594,6.378481,0.03394116,111.33,1.1715432084063617,0.0500159346903917,0.0002398325895373
200,13.5802,0.0815,7.759726,0.0465691,111.33,0.988836420475639,0.0500159346903917,0.0002398325895373
200,16.2274,0.0664,9.272336,0.03794096,111.33,0.9954958273965874,0.0500159346903917,0.0002398325895373
200,19.7417,0.131,11.280407,0.0748534,111.33,1.2100487869149943,0.0500159346903917,0.0002398325895373
200,24.0547,0.1948,13.744856,0.11130872,111.33,1.2794170748058913,0.0500159346903917,0.0002398325895373
200,28.8735,0.1707,16.498318,0.09753798,111.33,1.661814417816014,0.0500159346903917,0.0002398325895373
200,33.0954,0.1884,18.910711,0.10765176,111.33,1.4422524185679935,0.0500159346903917,0.0002398325895373
200,36.8058,0.1857,21.030834,0.10610898,111.33,1.4904019545155016,0.0500159346903917,0.0002398325895373
200,25.358366,3.4449978,11.458328,1.7463189,115.87,1.7829871715359071,0.0500159346903917,0.0002398325895373
201,10.264,,6.322624,,158.3,1.211843440300974,0.0287949205179804,5.27031276775e-05
201,9.8021,,6.0380936,,158.3,1.2033544032491283,0.0287949205179804,5.27031276775e-05
201,9.5245,,5.867092,,158.3,1.7233469677258122,0.0287949205179804,5.27031276775e-05
201,14.0341,0.0175,8.645005,0.01078,158.3,1.0458755870050587,0.0287949205179804,5.27031276775e-05
201,16.7458,0.0213,10.3154125,0.0131208,158.3,1.5298152463028667,0.0287949205179804,5.27031276775e-05
201,19.4122,0.021,11.957915,0.012936,158.3,1.5545731382181347,0.0287949205179804,5.27031276775e-05
201,21.9288,0.0188,13.508141,0.0115808,158.3,0.8977879974454431,0.0287949205179804,5.27031276775e-05
201,24.2583,0.0263,14.943112,0.0162008,158.3,1.2682314056935842,0.0287949205179804,5.27031276775e-05
201,26.3536,0.0224,16.233818,0.0137984,158.3,1.0005624713215542,0.0287949205179804,5.27031276775e-05
201,28.3425,0.0341,17.45898,0.0210056,158.3,0.9853752728024857,0.0287949205179804,5.27031276775e-05
201,30.3169,0.0494,18.67521,0.0304304,158.3,1.2638281104628764,0.0287949205179804,5.27031276775e-05
201,32.3272,0.0498,19.913555,0.0306768,158.3,1.089429707508065,0.0287949205179804,5.27031276775e-05
201,24.105783,3.1638203,16.410479,2.3518887,157.6,1.596060447625871,0.0287949205179804,5.27031276775e-05
202,8.67204,1.457672,6.7316456,1.3292258,55.32,1.7076048913904824,,
203,5.4263,,4.8668485,,45.72,1.6027206052883658,0.1183852330267761,0.0002064761800174
203,5.1617,,4.6295285,,45.72,1.0660308726216652,0.1183852330267761,0.0002064761800174
203,5.2423,,4.701819,,45.72,1.0741343936886083,0.1183852330267761,0.0002064761800174
203,4.53,0.0041,4.062957,0.00367729,45.72,1.0547283501174674,0.1183852330267761,0.0002064761800174
203,5.8384,0.0049,5.236461,0.00439481,45.72,0.9350380960562361,0.1183852330267761,0.0002064761800174
203,7.4474,0.0078,6.679573,0.00699582,45.72,1.7437983681037112,0.1183852330267761,0.0002064761800174
203,9.3619,0.0123,8.396688,0.01103187,45.72,1.2020477981570694,0.1183852330267761,0.0002064761800174
203,11.4727,0.0147,10.289865,0.01318443,45.72,1.0246894745458737,0.1183852330267761,0.0002064761800174
203,13.6853,0.0275,12.274345,0.02466475,45.72,1.6466710505082436,0.1183852330267761,0.0002064761800174
203,16.197,0.0305,14.527089,0.02735545,45.72,1.1991953026577904,0.1183852330267761,0.0002064761800174
203,19.0048,0.0519,17.045404,0.04654911,45.72,0.8351168111096666,0.1183852330267761,0.0002064761800174
203,22.4647,0.0904,20.14859,0.08107976,45.72,0.9619415702496312,0.1183852330267761,0.0002064761800174
203,13.493396,2.1748784,9.3998575,1.6016538,61.5,1.43925034035617,0.1183852330267761,0.0002064761800174
204,15.518,,7.541748,,125.45,1.582905274171724,0.0394459556417526,0.0001427654301999
204,13.969,,6.788934,,125.45,1.010934388488713,0.0394459556417526,0.0001427654301999
204,13.144,,6.387984,,125.45,1.7173955892661423,0.0394459556417526,0.0001427654301999
204,13.9757,0.0689,6.79219,0.0334854,125.45,1.6509971200521645,0.0394459556417526,0.0001427654301999
204,18.1944,0.1098,8.842479,0.0533628,125.45,1.648380754061081,0.0394459556417526,0.0001427654301999
204,23.2102,0.1551,11.280157,0.0753786,125.45,1.0276611467992143,0.0394459556417526,0.0001427654301999
204,28.6946,0.1902,13.945576,0.0924372,125.45,0.8505359886500578,0.0394459556417526,0.0001427654301999
204,34.3473,0.1627,16.692787,0.0790722,125.45,1.6674235394825838,0.0394459556417526,0.0001427654301999
204,39.4521,0.1807,19.173721,0.0878202,125.45,1.1058002287385675,0.0394459556417526,0.0001427654301999
204,43.7938,0.147,21.283787,0.071442,125.45,1.418916381173526,0.0394459556417526,0.0001427654301999
204,47.8814,0.1984,23.27036,0.0964224,125.45,1.5599668837007301,0.0394459556417526,0.0001427654301999
204,51.6007,0.1388,25.07794,0.0674568,125.45,0.9282932585111202,0.0394459556417526,0.0001427654301999
204,32.21968,2.5965996,14.5922165,1.3890183,125.75,1.5808383545190479,0.0394459556417526,0.0001427654301999
205,16.606,,8.797859,,49.16,1.738511458961066,0.0243398384625139,1.30090000308e-05
205,15.977,,8.464615,,49.16,1.528374965746409,0.0243398384625139,1.30090000308e-05
205,15.199,,8.05243,,49.16,1.241222748480558,0.0243398384625139,1.30090000308e-05
205,23.766,0.0505,12.591227,0.0267549,49.16,1.676678138751703,0.0243398384625139,1.30090000308e-05
205,28.6892,0.083,15.199538,0.0439734,49.16,1.327457630072559,0.0243398384625139,1.30090000308e-05
205,32.8584,0.1238,17.40838,0.06558924,49.16,1.5447709278167543,0.0243398384625139,1.30090000308e-05
205,36.9933,0.1109,19.59905,0.05875482,49.16,1.6205059438586042,0.0243398384625139,1.30090000308e-05
205,41.0297,0.1083,21.737535,0.05737734,49.16,1.549352861699006,0.0243398384625139,1.30090000308e-05
205,44.709,0.0903,23.686829,0.04784094,49.16,1.0878548760481541,0.0243398384625139,1.30090000308e-05
205,48.7687,0.1036,25.837658,0.05488728,49.16,0.9178439009058311,0.0243398384625139,1.30090000308e-05
205,53.3207,0.1765,28.249308,0.0935097,49.16,1.0383385293620602,0.0243398384625139,1.30090000308e-05
205,58.3341,0.2204,30.905407,0.11676792,49.16,1.3028749369803534,0.0243398384625139,1.30090000308e-05
205,41.794704,3.7531986,19.192045,2.0713427,47.0,1.3052769222930958,0.0243398384625139,1.30090000308e-05
206,9.0784,,4.503794,,130.77,1.3826443493145377,0.0158729810340992,4.90339213579e-05
206,8.8026,,4.36697,,130.77,1.1951018375478908,0.0158729810340992,4.90339213579e-05
206,9.113,,4.5209594,,130.77,1.5868913814500276,0.0158729810340992,4.90339213579e-05
206,14.9205,0.1268,7.40206,0.06290548,130.77,1.7131537503472078,0.0158729810340992,4.90339213579e-05
206,17.7205,0.1731,8.79114,0.08587491,130.77,1.0467250534794714,0.0158729810340992,4.90339213579e-05
206,20.781,0.152,10.309454,0.0754072,130.77,1.536523217701888,0.0158729810340992,4.90339213579e-05
206,24.2329,0.2006,12.021942,0.09951766,130.77,1.4779718525450447,0.0158729810340992,4.90339213579e-05
206,27.4833,0.1138,13.634465,0.05645618,130.77,1.3230904992793149,0.0158729810340992,4.90339213579e-05
206,31.3848,0.1703,15.57,0.08448583,130.77,0.9885302338741603,0.0158729810340992,4.90339213579e-05
206,35.8531,0.1429,17.786722,0.07089269,130.77,1.5952322585827097,0.0158729810340992,4.90339213579e-05
206,40.0184,0.1824,19.853128,0.09048864,130.77,1.7606262856288328,0.0158729810340992,4.90339213579e-05
206,44.6847,0.2306,22.16808,0.11440066,130.77,1.5218363322336135,0.0158729810340992,4.90339213579e-05
206,22.757328,2.6200342,11.671354,1.5400631,131.67,1.7178599966257342,0.0158729810340992,4.90339213579e-05
207,7.7313,,5.7111115,,110.66,1.784185264948,0.0219722005147974,6.17093576117e-05
207,7.4987,,5.5392895,,110.66,1.1520506742392382,0.0219722005147974,6.17093576117e-05
207,9.9101,,7.320591,,110.66,1.438223552926337,0.0219722005147974,6.17093576117e-05
207,12.9644,0.0277,9.576802,0.02046199,110.66,1.273932737638078,0.0219722005147974,6.17093576117e-05
207,16.3869,0.0529,12.105003,0.03907723,110.66,1.7866287468632303,0.0219722005147974,6.17093576117e-05
207,20.61,0.0804,15.224607,0.05939148,110.66,0.893807824007725,0.0219722005147974,6.17093576117e-05
207,24.2888,0.0702,17.942137,0.05185674,110.66,1.2123749142972247,0.0219722005147974,6.17093576117e-05
207,28.6709,0.0601,21.179193,0.04439587,110.66,1.6755390445272362,0.0219722005147974,6.17093576117e-05
207,32.5669,0.083,24.057169,0.0613121,110.66,1.0840513105265155,0.0219722005147974,6.17093576117e-05
207,37.6924,0.0756,27.843376,0.05584572,110.66,1.5877928506388728,0.0219722005147974,6.17093576117e-05
207,44.4936,0.1501,32.867424,0.11087887,110.66,1.1827831627802556,0.0219722005147974,6.17093576117e-05
207,52.2279,0.2588,38.58075,0.19117557,110.66,1.7799785398901582,0.0219722005147974,6.17093576117e-05
207,27.677143,5.5444207,20.42308,4.5636916,111.54,1.6835298364237077,0.0219722005147974,6.17093576117e-05
208,7.7656,,7.2383156,,22.33,1.1013203576626154,0.025908923966326,1.66782047599e-05
208,8.3472,,7.780425,,22.33,1.5701931135378553,0.025908923966326,1.66782047599e-05
208,7.6043,,7.087968,,22.33,1.1368565438332687,0.025908923966326,1.66782047599e-05
208,6.2933,0.0067,5.865985,0.00624507,22.33,1.406362840215535,0.025908923966326,1.66782047599e-05
208,7.6773,0.0106,7.156011,0.00988026,22.33,1.4584807683932919,0.025908923966326,1.66782047599e-05
208,9.4626,0.0337,8.820089,0.03141177,22.33,1.629595409085705,0.025908923966326,1.66782047599e-05
208,11.7903,0.0599,10.989738,0.05583279,22.33,0.8244508408820149,0.025908923966326,1.66782047599e-05
208,14.4258,0.1147,13.446288,0.10691187,22.33,1.0201578911522997,0.025908923966326,1.66782047599e-05
208,17.0443,0.1896,15.886992,0.17672616,22.33,1.5119178105885789,0.025908923966326,1.66782047599e-05
208,18.9443,0.3737,17.657982,0.34832576,22.33,1.3635232369695374,0.025908923966326,1.66782047599e-05
208,20.5027,0.8162,19.110567,0.76078004,22.33,1.295605078201143,0.025908923966326,1.66782047599e-05
208,22.5831,1.0936,21.049707,1.0193446,22.33,0.8552099567079805,0.025908923966326,1.66782047599e-05
208,15.385841,2.550759,9.933933,1.7670603,68.0,1.1482758834614564,0.025908923966326,1.66782047599e-05
209,3.7319,,2.7429464,,149.98,1.6651002319106483,0.0675267154319139,0.0002064761800174
209,3.4304,,2.521344,,149.98,0.8308928370360322,0.0675267154319139,0.0002064761800174
209,3.0884,,2.269974,,149.98,1.1964362353648121,0.0675267154319139,0.0002064761800174
209,4.4626,0.0251,3.280011,0.0184485,149.98,1.7451482876707727,0.0675267154319139,0.0002064761800174
209,5.4538,0.0466,4.008543,0.034251,149.98,0.8508807345450147,0.0675267154319139,0.0002064761800174
209,6.5466,0.0406,4.811751,0.029841,149.98,1.5497057510446368,0.0675267154319139,0.0002064761800174
209,7.7333,0.043,5.6839757,0.031605,149.98,1.0576126161820365,0.0675267154319139,0.0002064761800174
209,9.0459,0.0478,6.6487365,0.035133,149.98,1.6666088321536725,0.0675267154319139,0.0002064761800174
209,10.5783,0.0671,7.7750506,0.0493185,149.98,1.546067978959365,0.0675267154319139,0.0002064761800174
209,12.377,0.0745,9.097095,0.0547575,149.98,1.685705170858363,0.0675267154319139,0.0002064761800174
209,14.1514,0.084,10.401279,0.06174,149.98,1.015924790431266,0.0675267154319139,0.0002064761800174
209,15.973,0.1022,11.740155,0.075117,149.98,1.3312927548186049,0.0675267154319139,0.0002064761800174
209,10.450119,2.0452945,6.6699295,1.3948824,141.0,1.5792699435748008,0.0675267154319139,0.0002064761800174
210,9.270886,2.0920064,7.890804,1.8518376,50.0,1.045699742994981,0.0580001248730546,0.0002001384571189
211,11.303,,9.236812,,71.53,1.030746305267217,0.0325792051780035,8.00553828476e-05
211,10.525,,8.60103,,71.53,0.8271821334975851,0.0325792051780035,8.00553828476e-05
211,10.107,,8.25944,,71.53,1.7585152939754525,0.0325792051780035,8.00553828476e-05
211,15.138,0.0115,12.370773,0.0093978,71.53,1.5100168800546234,0.0325792051780035,8.00553828476e-05
211,19.0011,0.0137,15.5276985,0.01119564,71.53,1.435560354010185,0.0325792051780035,8.00553828476e-05
211,23.4624,0.0177,19.173473,0.01446444,71.53,1.543994722694991,0.0325792051780035,8.00553828476e-05
211,28.53,0.0145,23.314716,0.0118494,71.53,1.3316129186954395,0.0325792051780035,8.00553828476e-05
211,34.2445,0.0219,27.984606,0.01789668,71.53,1.2761338210904105,0.0325792051780035,8.00553828476e-05
211,40.4492,0.029,33.055088,0.0236988,71.53,1.249532241123521,0.0325792051780035,8.00553828476e-05
211,47.1143,0.0558,38.501804,0.04559976,71.53,1.4404392121036413,0.0325792051780035,8.00553828476e-05
211,53.9243,0.0774,44.066936,0.06325128,71.53,1.0015349753923832,0.0325792051780035,8.00553828476e-05
211,60.8666,0.11,49.740185,0.089892,71.53,1.6880586950148697,0.0325792051780035,8.00553828476e-05
211,32.14558,3.4788427,26.984928,3.337412,63.95,1.6117523712192652,0.0325792051780035,8.00553828476e-05
212,17.497,,5.7460146,,51.16,1.149563611452034,0.0374210614731341,0.0002999999970354
212,14.712,,4.831421,,51.16,1.3786092968125243,0.0374210614731341,0.0002999999970354
212,14.346,,4.7112265,,51.16,0.9410272999500147,0.0374210614731341,0.0002999999970354
212,20.1253,0.1169,6.6091485,0.03838996,51.16,1.772346247933598,0.0374210614731341,0.0002999999970354
212,23.8553,0.1756,7.8340807,0.05766704,51.16,1.7028926876302837,0.0374210614731341,0.0002999999970354
212,27.7748,0.4467,9.121244,0.14669628,51.16,1.7218975064992006,0.0374210614731341,0.0002999999970354
212,33.1789,0.3768,10.89595,0.12374112,51.16,1.1321630477034517,0.0374210614731341,0.0002999999970354
212,40.4205,0.2675,13.274093,0.087847,51.16,0.9691347073828558,0.0374210614731341,0.0002999999970354
212,47.973,0.2577,15.7543335,0.08462868,51.16,1.0117721634663104,0.0374210614731341,0.0002999999970354
212,56.586,0.3246,18.582842,0.10659864,51.16,0.8900013910450899,0.0374210614731341,0.0002999999970354
212,65.4169,0.4276,21.48291,0.14042383,51.16,0.9201106301013844,0.0374210614731341,0.0002999999970354
212,73.4816,0.3149,24.131357,0.10341316,51.16,0.8713045341848454,0.0374210614731341,0.0002999999970354
212,36.993145,3.4071946,11.197505,1.2588966,52.07,1.7898230692048736,0.0374210614731341,0.0002999999970354
213,23.677,,21.124619,,174.31,0.8740576833690736,0.0498004522848937,6.23764883469e-05
213,22.742,,20.290413,,174.31,0.9325420809514137,0.0498004522848937,6.23764883469e-05
213,22.066,,19.687284,,174.31,1.6272545955907365,0.0498004522848937,6.23764883469e-05
213,12.7376,0.0145,11.364487,0.0129369,174.31,1.3802402167429433,0.0498004522848937,6.23764883469e-05
213,18.3201,0.0105,16.345194,0.0093681,174.31,1.5744172045693325,0.0498004522848937,6.23764883469e-05
213,24.8673,0.0118,22.186605,0.01052796,174.31,1.4309120077726551,0.0498004522848937,6.23764883469e-05
213,31.8108,0.0091,28.381596,0.00811902,174.31,1.682175070328948,0.0498004522848937,6.23764883469e-05
213,39.0235,0.0235,34.816765,0.0209667,174.31,1.4384675277647405,0.0498004522848937,6.23764883469e-05
213,46.5145,0.0272,41.500237,0.02426784,174.31,1.322125092903151,0.0498004522848937,6.23764883469e-05
213,54.1577,0.0584,48.3195,0.05210448,174.31,1.5127496937612999,0.0498004522848937,6.23764883469e-05
213,61.7796,0.0999,55.11976,0.08913078,174.31,1.2473927517921095,0.0498004522848937,6.23764883469e-05
213,69.3017,0.1298,61.83098,0.11580756,174.31,1.1460638229047349,0.0498004522848937,6.23764883469e-05
214,9.865549,1.8627338,3.665399,0.7313059,127.7,1.2676524524502124,,
215,85.678,,36.635914,,169.9,0.9697141050985607,0.021501875140568,0.0002121467594562
215,90.659,,38.76579,,169.9,1.5965717298026916,0.021501875140568,0.0002121467594562
215,108.16,,46.249214,,169.9,1.0607037813359446,0.021501875140568,0.0002121467594562
215,8.6571,0.0681,3.701776,0.02911956,169.9,0.9535315463370475,0.021501875140568,0.0002121467594562
215,12.5972,0.102,5.386563,0.0436152,169.9,1.046352241783227,0.021501875140568,0.0002121467594562
215,17.1053,0.1414,7.314226,0.06046264,169.9,1.6420701517722398,0.021501875140568,0.0002121467594562
215,22.5411,0.1675,9.638575,0.071623,169.9,1.1302012955977314,0.021501875140568,0.0002121467594562
215,29.3112,0.1965,12.533469,0.0840234,169.9,1.4860498695059001,0.021501875140568,0.0002121467594562
215,37.0686,0.2621,15.8505335,0.11207396,169.9,1.6564096306557392,0.021501875140568,0.0002121467594562
215,46.3381,0.332,19.81417,0.1419632,169.9,0.8777446669250422,0.021501875140568,0.0002121467594562
215,54.4585,0.3695,23.286455,0.1579982,169.9,1.5650244051780429,0.021501875140568,0.0002121467594562
215,61.9712,0.3422,26.498884,0.14632472,169.9,1.10766546637903,0.021501875140568,0.0002121467594562
215,34.444607,2.7759075,13.935458,1.380139,166.84,1.0166223641840428,0.021501875140568,0.0002121467594562
216,13.369,,6.121665,,142.38,1.4889014524529722,0.0266934667182321,2.23487937421e-05
216,12.405,,5.6802497,,142.38,1.7097966227332337,0.0266934667182321,2.23487937421e-05
216,11.501,,5.266308,,142.38,1.0950192087123956,0.0266934667182321,2.23487937421e-05
216,17.933,0.0367,8.211521,0.01680493,142.38,1.3688338053843192,0.0266934667182321,2.23487937421e-05
216,20.8337,0.0469,9.539751,0.02147551,142.38,1.0898341138494916,0.0266934667182321,2.23487937421e-05
216,23.2542,0.0364,10.648098,0.01666756,142.38,1.354285585726428,0.0266934667182321,2.23487937421e-05
216,25.3213,0.0359,11.594624,0.01643861,142.38,1.4218620306543406,0.0266934667182321,2.23487937421e-05
216,27.3645,0.0576,12.530205,0.02637504,142.38,1.41033538879018,0.0266934667182321,2.23487937421e-05
216,29.4782,0.0432,13.498068,0.01978128,142.38,1.423546369642746,0.0266934667182321,2.23487937421e-05
216,31.8105,0.0535,14.566028,0.02449765,142.38,0.9350797922175241,0.0266934667182321,2.23487937421e-05
216,34.4591,0.0775,15.778822,0.03548725,142.38,1.4935404695867196,0.0266934667182321,2.23487937421e-05
216,37.3156,0.1144,17.086813,0.05238376,142.38,1.4747503563802233,0.0266934667182321,2.23487937421e-05
216,26.008856,7.5458384,11.888341,4.042174,140.27,1.482588122216883,0.0266934667182321,2.23487937421e-05
217,6.0083,,2.1335473,,106.04,0.8740705527387064,,
217,5.5445,,1.9688519,,106.04,1.2468388424141525,,
217,5.3818,,1.9110771,,106.04,1.2090351320457298,,
217,5.8499,0.0946,2.0772996,0.03359246,106.04,0.8867114836431992,,
217,7.8112,0.1384,2.7737572,0.04914584,106.04,1.0223679278968107,,
217,9.2904,0.1842,3.299021,0.06540942,106.04,1.2409626317980367,,
217,10.6514,0.1476,3.7823122,0.05241276,106.04,1.5429063098580822,,
217,11.8522,0.1211,4.2087164,0.04300261,106.04,1.0370620769846632,,
217,12.8005,0.139,4.5454574,0.0493589,106.04,1.6297499101249115,,
217,13.7182,0.1617,4.8713326,0.05741967,106.04,1.3457982857394635,,
217,14.7126,0.1382,5.2244444,0.04907482,106.04,1.5604216851846175,,
217,16.1312,0.245,5.728189,0.0869995,106.04,1.2725559833368572,,
217,11.806502,2.2020235,4.2181425,0.83240145,104.55,1.2991942254222235,,
218,82.826,,40.162327,,134.2,1.4197193893796403,0.0035124299224365,1.13411795548e-05
218,78.242,,37.939545,,134.2,1.7279706081658244,0.0035124299224365,1.13411795548e-05
218,72.306,,35.06118,,134.2,1.29181258141291,0.0035124299224365,1.13411795548e-05
218,94.8537,0.2153,45.99456,0.10439897,134.2,1.328657538108291,0.0035124299224365,1.13411795548e-05
218,118.6676,0.236,57.54192,0.1144364,134.2,1.4019969635275296,0.0035124299224365,1.13411795548e-05
218,144.3947,0.3423,70.01699,0.16598126,134.2,1.5375151372977258,0.0035124299224365,1.13411795548e-05
218,172.2483,0.3226,83.5232,0.15642874,134.2,0.8718503354862344,0.0035124299224365,1.13411795548e-05
218,202.94,0.2691,98.40561,0.1304866,134.2,1.3156874385219721,0.0035124299224365,1.13411795548e-05
218,234.8203,0.4221,113.864365,0.20467629,134.2,1.2815915892060437,0.0035124299224365,1.13411795548e-05
218,267.0522,0.5373,129.4936,0.26053676,134.2,1.7216849842375703,0.0035124299224365,1.13411795548e-05
218,302.1296,0.3921,146.50264,0.1901293,134.2,1.293506580436341,0.0035124299224365,1.13411795548e-05
218,334.5315,0.5347,162.21432,0.25927603,134.2,1.2683205346943311,0.0035124299224365,1.13411795548e-05
218,130.95474,7.8398957,56.379505,4.6824765,134.53,1.762199988534702,0.0035124299224365,1.13411795548e-05
219,6.484,,3.5506384,,15.91,1.2505764636008816,0.0298112903160492,9.3397945065e-06
219,5.2944,,2.8992136,,15.91,0.9808844303220904,0.0298112903160492,9.3397945065e-06
219,5.8837,,3.221914,,15.91,1.0169161228057884,0.0298112903160492,9.3397945065e-06
219,12.4968,0.0895,6.843248,0.0490102,15.91,0.8951875383369742,0.0298112903160492,9.3397945065e-06
219,15.7108,0.1682,8.603234,0.09210632,15.91,0.8005681292589445,0.0298112903160492,9.3397945065e-06
219,19.8286,0.2629,10.858141,0.14396404,15.91,1.231945661000482,0.0298112903160492,9.3397945065e-06
219,26.3353,0.1883,14.42121,0.10311308,15.91,1.5692425812982216,0.0298112903160492,9.3397945065e-06
219,33.5924,0.1551,18.395199,0.08493276,15.91,1.533466442799836,0.0298112903160492,9.3397945065e-06
219,41.4207,0.1635,22.681974,0.0895326,15.91,0.8321490878028502,0.0298112903160492,9.3397945065e-06
219,47.4259,0.1491,25.970423,0.08164716,15.91,1.369982903594033,0.0298112903160492,9.3397945065e-06
219,52.8961,0.2221,28.965904,0.12162196,15.91,0.954283125413476,0.0298112903160492,9.3397945065e-06
219,57.4093,0.2264,31.437332,0.12397664,15.91,1.7410762847646972,0.0298112903160492,9.3397945065e-06
219,29.317116,8.978186,7.8004785,2.7970023,15.96,0.9673649996441793,0.0298112903160492,9.3397945065e-06
220,8.3826,,6.6817703,,21.06,1.4266392176974816,0.0767120699213854,1.43432567297e-05
220,8.4337,,6.722502,,21.06,1.1262383621640568,0.0767120699213854,1.43432567297e-05
220,8.4552,,6.7396398,,21.06,1.4415613259643523,0.0767120699213854,1.43432567297e-05
220,6.7427,0.0084,5.374606,0.00669564,21.06,1.2122585964640753,0.0767120699213854,1.43432567297e-05
220,8.6587,0.0079,6.9018497,0.00629709,21.06,1.5596430523063947,0.0767120699213854,1.43432567297e-05
220,11.0124,0.0137,8.777984,0.01092027,21.06,1.030679125327858,0.0767120699213854,1.43432567297e-05
220,13.8689,0.0173,11.0549,0.01378983,21.06,1.7057918529142602,0.0767120699213854,1.43432567297e-05
220,17.1421,0.0255,13.663968,0.02032605,21.06,1.3002096493133521,0.0767120699213854,1.43432567297e-05
220,20.7292,0.0248,16.523245,0.01976808,21.06,1.5560931477128528,0.0767120699213854,1.43432567297e-05
220,24.7039,0.0416,19.691479,0.03315936,21.06,1.6497301914012272,0.0767120699213854,1.43432567297e-05
220,28.7507,0.0769,22.917183,0.06129699,21.06,1.7988286109548048,0.0767120699213854,1.43432567297e-05
220,32.6994,0.1377,26.064692,0.10976067,21.06,1.0239456655939583,0.0767120699213854,1.43432567297e-05
220,15.6718855,2.634267,10.522556,1.9829397,13.61,1.0868924135634548,0.0767120699213854,1.43432567297e-05
221,7.381103,1.8355267,6.533129,1.6783662,74.66,1.0504330867318883,0.0771677184754261,1.0340486633e-05
222,9.3296,,4.621884,,10.14,1.0628713321597827,0.0237597705009643,1.63446409828e-05
222,9.3917,,4.652648,,10.14,1.3824447415393775,0.0237597705009643,1.63446409828e-05
222,9.2841,,4.5993433,,10.14,1.793522523145843,0.0237597705009643,1.63446409828e-05
222,8.3112,0.0767,4.1173687,0.03799718,10.14,1.7902780870927546,0.0237597705009643,1.63446409828e-05
222,10.7098,0.0936,5.305635,0.04636944,10.14,1.3267732313623077,0.0237597705009643,1.63446409828e-05
222,13.1164,0.1238,6.4978647,0.06133052,10.14,1.439027210264674,0.0237597705009643,1.63446409828e-05
222,15.686,0.1504,7.7708445,0.07450816,10.14,1.659970543701606,0.0237597705009643,1.63446409828e-05
222,18.3852,0.2137,9.108028,0.10586698,10.14,1.7329334584535052,0.0237597705009643,1.63446409828e-05
222,20.9941,0.1488,10.400477,0.07371552,10.14,1.0038606273295438,0.0237597705009643,1.63446409828e-05
222,23.5502,0.1874,11.666769,0.09283796,10.14,1.328541728942453,0.0237597705009643,1.63446409828e-05
222,25.9994,0.1876,12.880103,0.09293704,10.14,1.6328370546615123,0.0237597705009643,1.63446409828e-05
222,28.3742,0.1445,14.056579,0.0715853,10.14,1.1032020766345916,0.0237597705009643,1.63446409828e-05
222,17.624681,2.1914456,8.056033,1.1283343,17.44,1.2398090424804669,0.0237597705009643,1.63446409828e-05
223,13.552,,8.921282,,97.4,1.785621101512008,0.0232861094857829,1.23418716814e-05
223,13.042,,8.585548,,97.4,1.7850466967208711,0.0232861094857829,1.23418716814e-05
223,12.672,,8.341978,,97.4,1.7061068107651818,0.0232861094857829,1.23418716814e-05
223,11.1692,0.0268,7.3526845,0.01764244,97.4,1.5984483448280575,0.0232861094857829,1.23418716814e-05
223,14.9375,0.0244,9.833356,0.01606252,97.4,1.0691305007228058,0.0232861094857829,1.23418716814e-05
223,18.366,0.0272,12.090338,0.01790576,97.4,1.1208500740671874,0.0232861094857829,1.23418716814e-05
223,21.5883,0.0294,14.211577,0.01935402,97.4,1.3472828412048747,0.0232861094857829,1.23418716814e-05
223,24.8642,0.0282,16.368103,0.01856406,97.4,1.3607773745620122,0.0232861094857829,1.23418716814e-05
223,28.0875,0.046,18.490002,0.0302818,97.4,1.305502819357067,0.0232861094857829,1.23418716814e-05
223,30.8086,0.0476,20.281301,0.03133508,97.4,1.436670279916306,0.0232861094857829,1.23418716814e-05
223,33.1534,0.0643,21.824883,0.04232869,97.4,1.2083230226329889,0.0232861094857829,1.23418716814e-05
223,35.5711,0.086,23.416454,0.0566138,97.4,1.5491741573155329,0.0232861094857829,1.23418716814e-05
223,21.633224,2.0921183,15.070277,1.5996184,96.61,1.1335499264783553,0.0232861094857829,1.23418716814e-05
224,7.4786,,3.248704,,108.75,1.1306769969463526,0.0344328208550196,0.0001087418899448
224,7.185,,3.121164,,108.75,0.927225961891828,0.0344328208550196,0.0001087418899448
224,6.8911,,2.9934938,,108.75,0.9887122100289193,0.0344328208550196,0.0001087418899448
224,11.9348,0.1015,5.1844773,0.0440916,108.75,1.6505208789213577,0.0344328208550196,0.0001087418899448
224,14.2552,0.1613,6.192459,0.07006872,108.75,1.2462823385804416,0.0344328208550196,0.0001087418899448
224,16.307,0.1762,7.0837607,0.07654128,108.75,1.0278677865528338,0.0344328208550196,0.0001087418899448
224,18.3089,0.0886,7.9533863,0.03848784,108.75,1.5593411000223876,0.0344328208550196,0.0001087418899448
224,20.373,0.2067,8.850031,0.08979048,108.75,1.3539811258168595,0.0344328208550196,0.0001087418899448
224,23.456,0.2172,10.189286,0.09435168,108.75,0.8211560114232935,0.0344328208550196,0.0001087418899448
224,27.9666,0.2451,12.148691,0.10647144,108.75,1.116361457336715,0.0344328208550196,0.0001087418899448
224,34.8588,0.1614,15.142663,0.07011216,108.75,0.9770014111213411,0.0344328208550196,0.0001087418899448
224,42.7742,0.3215,18.581112,0.1396596,108.75,1.4558728609828406,0.0344328208550196,0.0001087418899448
224,21.484303,2.8692272,8.853627,1.2875644,109.25,1.075031040630253,0.0344328208550196,0.0001087418899448
225,6.1418,,3.6353314,,141.53,0.8649467792099437,,
225,6.3524,,3.7599854,,141.53,0.8549349891976693,,
225,6.1792,,3.6574686,,141.53,1.381727297958715,,
225,3.2308,0.0382,1.9123105,0.02261058,141.53,0.8217234557040897,,
225,4.503,0.0663,2.6653256,0.03924297,141.53,1.6487921131360888,,
225,6.039,0.0764,3.574484,0.04522116,141.53,0.9553971192572757,,
225,7.8687,0.0955,4.6574836,0.05652645,141.53,1.4065663351954298,,
225,9.8906,0.0643,5.854246,0.03805917,141.53,1.2446880280107457,,
225,11.8953,0.0878,7.040828,0.05196882,141.53,1.2428515212319025,,
225,13.7734,0.1024,8.152475,0.06061056,141.53,0.8717971423600459,,
225,15.4953,0.0912,9.171668,0.05398128,141.53,1.6027522502122156,,
225,17.1987,0.1421,10.179911,0.08410899,141.53,1.6930524847532527,,
225,11.327166,2.1908681,6.59358,1.5497826,121.0,0.8110166673842285,,
226,21.228,,16.462315,,41.88,0.9786041756971178,0.0398115418900898,3.53577953635e-05
226,21.863,,16.954756,,41.88,1.703904188795479,0.0398115418900898,3.53577953635e-05
226,22.77,,17.658134,,41.88,1.349493612800058,0.0398115418900898,3.53577953635e-05
226,12.6063,0.0332,9.776186,0.0257466,41.88,0.9500395782482102,0.0398115418900898,3.53577953635e-05
226,17.3617,0.033,13.463999,0.0255915,41.88,1.0027904526091589,0.0398115418900898,3.53577953635e-05
226,22.134,0.0471,17.164917,0.03652605,41.88,1.4599862442371143,0.0398115418900898,3.53577953635e-05
226,26.7889,0.0428,20.774792,0.0331914,41.88,1.5248168222468732,0.0398115418900898,3.53577953635e-05
226,32.1866,0.0387,24.960709,0.03001185,41.88,1.3994268085799353,0.0398115418900898,3.53577953635e-05
226,38.7146,0.0953,30.023172,0.07390515,41.88,1.7531483799125258,0.0398115418900898,3.53577953635e-05
226,46.3459,0.1075,35.941246,0.08336625,41.88,1.294063603661777,0.0398115418900898,3.53577953635e-05
226,53.8323,0.1359,41.74695,0.10539045,41.88,1.1002719121425266,0.0398115418900898,3.53577953635e-05
226,60.0386,0.3015,46.559933,0.23381326,41.88,1.2772329099757966,0.0398115418900898,3.53577953635e-05
226,28.256687,3.3832982,24.553944,3.3662398,172.49,1.1596662936666111,0.0398115418900898,3.53577953635e-05
227,16.091,,11.405301,,39.06,1.0244158926746865,0.0148195856214635,1.30090000308e-05
227,16.187,,11.473346,,39.06,0.8459632493401401,0.0148195856214635,1.30090000308e-05
227,16.013,,11.350015,,39.06,1.1522124935651243,0.0148195856214635,1.30090000308e-05
227,5.9143,0.0261,4.1920557,0.01849968,39.06,1.5114093477097423,0.0148195856214635,1.30090000308e-05
227,9.0406,0.0406,6.407977,0.02877728,39.06,0.8184378028751939,0.0148195856214635,1.30090000308e-05
227,12.9107,0.0616,9.151104,0.04366208,39.06,1.2391785132059348,0.0148195856214635,1.30090000308e-05
227,17.6103,0.0781,12.482181,0.05535728,39.06,1.4440094014498683,0.0148195856214635,1.30090000308e-05
227,22.6022,0.0827,16.02044,0.05861776,39.06,1.4104041091743071,0.0148195856214635,1.30090000308e-05
227,27.2315,0.0722,19.301687,0.05117536,39.06,1.5766484358887158,0.0148195856214635,1.30090000308e-05
227,31.0315,0.0932,21.995127,0.06606016,39.06,1.6105197156597977,0.0148195856214635,1.30090000308e-05
227,34.3879,0.1573,24.374144,0.11149424,39.06,1.5117058209193879,0.0148195856214635,1.30090000308e-05
227,37.51,0.1375,26.587088,0.09746,39.06,0.9027976961447495,0.0148195856214635,1.30090000308e-05
227,26.553469,5.3804626,19.369627,4.3489213,53.34,1.2750224440043607,0.0148195856214635,1.30090000308e-05
228,19.546,,11.487185,,129.43,1.4034059574876085,0.0986282316681896,0.000186795893311
228,18.399,,10.813092,,129.43,1.0455660388094516,0.0986282316681896,0.000186795893311
228,17.816,,10.470463,,129.43,0.8425518176467766,0.0986282316681896,0.000186795893311
228,9.6596,0.021,5.676947,0.0123417,129.43,1.023590320876047,0.0986282316681896,0.000186795893311
228,13.3502,0.0259,7.8459125,0.01522143,129.43,1.2548944017326389,0.0986282316681896,0.000186795893311
228,17.851,0.0274,10.491033,0.01610298,129.43,1.213930319054601,0.0986282316681896,0.000186795893311
228,22.8858,0.0209,13.449985,0.01228293,129.43,0.9766669813271617,0.0986282316681896,0.000186795893311
228,28.3939,0.0284,16.687096,0.01669068,129.43,1.6244155426834928,0.0986282316681896,0.000186795893311
228,34.3616,0.0281,20.194313,0.01651437,129.43,1.7256866687367247,0.0986282316681896,0.000186795893311
228,40.9887,0.0517,24.08906,0.03038409,129.43,1.0013483190527153,0.0986282316681896,0.000186795893311
228,48.8317,0.0964,28.698391,0.05665428,129.43,1.7295729155672217,0.0986282316681896,0.000186795893311
228,57.3609,0.1524,33.711002,0.08956548,129.43,0.8178609591751809,0.0986282316681896,0.000186795893311
228,30.138474,3.2616308,19.912292,2.5083625,118.0,1.7249624727069455,0.0986282316681896,0.000186795893311
229,9.4877,,7.8558154,,153.66,1.751928790080908,0.0206339413648624,1.16747433319e-05
229,9.9138,,8.208627,,153.66,0.8120518630159252,0.0206339413648624,1.16747433319e-05
229,9.9928,,8.274038,,153.66,1.5630192967767482,0.0206339413648624,1.16747433319e-05
229,11.4812,0.04,9.5064335,0.03312,153.66,1.7702015725698435,0.0206339413648624,1.16747433319e-05
229,14.7696,0.0576,12.229229,0.0476928,153.66,1.7059022188177784,0.0206339413648624,1.16747433319e-05
229,18.2346,0.0373,15.0982485,0.0308844,153.66,1.770710161196213,0.0206339413648624,1.16747433319e-05
229,21.4878,0.0423,17.791899,0.0350244,153.66,1.3503235056976393,0.0206339413648624,1.16747433319e-05
229,24.4586,0.0372,20.25172,0.0308016,153.66,0.8781561398853883,0.0206339413648624,1.16747433319e-05
229,27.0626,0.0529,22.407833,0.0438012,153.66,1.649789197805036,0.0206339413648624,1.16747433319e-05
229,29.678,0.042,24.573383,0.034776,153.66,1.4138282558090116,0.0206339413648624,1.16747433319e-05
229,32.4067,0.0627,26.832748,0.0519156,153.66,1.4147367441882892,0.0206339413648624,1.16747433319e-05
229,35.2035,0.088,29.148499,0.072864,153.66,1.2172536098586861,0.0206339413648624,1.16747433319e-05
230,5.3567,,3.5188162,,152.94,1.3718419765211092,0.0171498643905177,0.0002001384571189
230,5.3849,,3.5373409,,152.94,0.9535797790861146,0.0171498643905177,0.0002001384571189
230,5.4098,,3.5536976,,152.94,1.5397700265661505,0.0171498643905177,0.0002001384571189
230,8.1548,0.0618,5.3568883,0.04059642,152.94,0.8750173073515424,0.0171498643905177,0.0002001384571189
230,9.6815,0.0799,6.3597775,0.05248631,152.94,1.5297807670437922,0.0171498643905177,0.0002001384571189
230,11.1058,0.0813,7.2954,0.05340597,152.94,1.648978422624854,0.0171498643905177,0.0002001384571189
230,12.5948,0.0936,8.273524,0.06148584,152.94,1.2724686775644882,0.0171498643905177,0.0002001384571189
230,14.105,0.1064,9.265574,0.06989416,152.94,1.3098303660570494,0.0171498643905177,0.0002001384571189
230,15.5821,0.1025,10.235882,0.06733225,152.94,1.1122142729220783,0.0171498643905177,0.0002001384571189
230,17.0619,0.1315,11.207962,0.08638235,152.94,1.7694585837255876,0.0171498643905177,0.0002001384571189
230,18.8307,0.1178,12.369886,0.07738282,152.94,1.5331244745595454,0.0171498643905177,0.0002001384571189
230,20.559,0.1331,13.505207,0.08743339,152.94,1.168988553300345,0.0171498643905177,0.0002001384571189
230,12.053724,2.1648686,7.2630873,1.3750241,165.0,0.9748073862330051,0.0171498643905177,0.0002001384571189
232,9.164763,1.7515197,7.2798305,1.4683161,74.37,1.0195795922020914,,
233,14.802,,8.182546,,141.57,1.26392228611005,0.0375529794015031,0.000180124611407
233,13.216,,7.3058047,,141.57,1.742568400314338,0.0375529794015031,0.000180124611407
233,12.186,,6.7364206,,141.57,1.5341463457609181,0.0375529794015031,0.000180124611407
233,16.0463,0.0593,8.870395,0.03278104,141.57,1.0152437481791499,0.0375529794015031,0.000180124611407
233,20.4063,0.0805,11.280602,0.0445004,141.57,1.6595611334188982,0.0375529794015031,0.000180124611407
233,25.818,0.1051,14.27219,0.05809928,141.57,1.1782005230096813,0.0375529794015031,0.000180124611407
233,32.3862,0.1015,17.903091,0.0561092,141.57,1.6517221827525188,0.0375529794015031,0.000180124611407
233,39.7209,0.1136,21.957714,0.06279808,141.57,1.041699597981131,0.0375529794015031,0.000180124611407
233,47.6959,0.114,26.366293,0.0630192,141.57,1.4186606119363177,0.0375529794015031,0.000180124611407
233,56.4494,0.1528,31.205229,0.08446784,141.57,1.726670488081282,0.0375529794015031,0.000180124611407
233,65.3788,0.1888,36.1414,0.10436864,141.57,1.0578940091477942,0.0375529794015031,0.000180124611407
233,75.3994,0.235,41.68079,0.129908,141.57,1.492926590585855,0.0375529794015031,0.000180124611407
233,45.616425,4.936678,20.235842,2.8457148,145.53,1.7873126199571439,0.0375529794015031,0.000180124611407
234,6.4212,,4.4665866,,18.8,0.9505982872430035,0.015157152485804,9.0062307294e-06
234,6.351,,4.4177556,,18.8,0.8884022907006744,0.015157152485804,9.0062307294e-06
234,6.1652,,4.288513,,18.8,1.4741951924448162,0.015157152485804,9.0062307294e-06
234,1.8116,0.0204,1.260149,0.01419024,18.8,1.1397359477490303,0.015157152485804,9.0062307294e-06
234,4.184,0.0427,2.9103904,0.02970212,18.8,0.8712444773665912,0.015157152485804,9.0062307294e-06
234,6.1797,0.0677,4.2985992,0.04709212,18.8,1.2753056178836042,0.015157152485804,9.0062307294e-06
234,8.0029,0.0688,5.5668173,0.04785728,18.8,1.5537706796439559,0.015157152485804,9.0062307294e-06
234,9.6674,0.0743,6.724643,0.05168308,18.8,1.0851224004151887,0.015157152485804,9.0062307294e-06
234,11.1281,0.0897,7.7407064,0.06239532,18.8,1.1350468775051348,0.015157152485804,9.0062307294e-06
234,12.7341,0.0928,8.85784,0.06455168,18.8,1.645699400646972,0.015157152485804,9.0062307294e-06
234,14.3713,0.0956,9.996676,0.06649936,18.8,1.3200719122614881,0.015157152485804,9.0062307294e-06
234,16.1475,0.1488,11.232201,0.10350528,18.8,1.642731968806472,0.015157152485804,9.0062307294e-06
234,10.306739,1.5663214,7.466572,1.2325896,18.0,1.2463894921437095,0.015157152485804,9.0062307294e-06
235,17.03,,11.020113,,6.02,1.7529751615601035,0.0370889917450825,0.0001434325609352
235,15.778,,10.209944,,6.02,1.4507945897177368,0.0370889917450825,0.0001434325609352
235,15.05,,9.738855,,6.02,0.9158988653192495,0.0370889917450825,0.0001434325609352
235,6.0025,0.0504,3.8842177,0.03261384,6.02,1.6850929882268009,0.0370889917450825,0.0001434325609352
235,9.5013,0.0736,6.148291,0.04762656,6.02,1.2892651908307977,0.0370889917450825,0.0001434325609352
235,14.2542,0.0912,9.223893,0.05901552,6.02,0.941638967972905,0.0370889917450825,0.0001434325609352
235,19.934,0.0959,12.899291,0.06205689,6.02,0.9526901338414208,0.0370889917450825,0.0001434325609352
235,24.6015,0.0914,15.919631,0.05914494,6.02,1.4875339351098718,0.0370889917450825,0.0001434325609352
235,29.1398,0.0783,18.856365,0.05066793,6.02,0.8473725067294898,0.0370889917450825,0.0001434325609352
235,33.2813,0.0803,21.53633,0.05196213,6.02,1.0865937649138133,0.0370889917450825,0.0001434325609352
235,37.1961,0.0718,24.069597,0.04646178,6.02,0.9397875904698682,0.0370889917450825,0.0001434325609352
235,41.3113,0.1189,26.732542,0.07694019,6.02,1.2410774296172842,0.0370889917450825,0.0001434325609352
235,28.914871,4.8602633,22.967897,4.59161,6.65,1.2143537719943613,0.0370889917450825,0.0001434325609352
236,11.894,,11.153004,,29.66,1.321876434688856,0.0292719171741138,0.000131090686868
236,11.307,,10.602574,,29.66,1.0796363291025304,0.0292719171741138,0.000131090686868
236,10.772,,10.100904,,29.66,0.8320435893781772,0.0292719171741138,0.000131090686868
236,9.5107,0.0312,8.918183,0.02925624,29.66,1.414386106535186,0.0292719171741138,0.000131090686868
236,13.5071,0.0339,12.665607,0.03178803,29.66,1.1737180028823513,0.0292719171741138,0.000131090686868
236,17.4787,0.0372,16.389776,0.03488244,29.66,1.4513349987400463,0.0292719171741138,0.000131090686868
236,20.5123,0.0344,19.234385,0.03225688,29.66,0.9086669708042685,0.0292719171741138,0.000131090686868
236,23.1866,0.026,21.742075,0.0243802,29.66,0.8137773552940504,0.0292719171741138,0.000131090686868
236,25.4365,0.0321,23.851807,0.03010017,29.66,1.0482942478852928,0.0292719171741138,0.000131090686868
236,27.4769,0.0347,25.765089,0.03253819,29.66,1.2565473229940523,0.0292719171741138,0.000131090686868
236,29.4792,0.0409,27.642647,0.03835193,29.66,1.1940719741684673,0.0292719171741138,0.000131090686868
236,31.5641,0.0784,29.597656,0.07351568,29.66,1.6103025552734664,0.0292719171741138,0.000131090686868
238,6.4218,,4.6102104,,70.61,1.177837644192824,0.021001862561866,1.5343948061e-05
238,6.3615,,4.5669208,,70.61,1.330441179603079,0.021001862561866,1.5343948061e-05
238,6.5472,,4.700235,,70.61,1.3935155924421923,0.021001862561866,1.5343948061e-05
238,6.72,0.0468,4.824288,0.03359772,70.61,0.8218313916458116,0.021001862561866,1.5343948061e-05
238,8.4973,0.0507,6.1002116,0.03639753,70.61,1.315133376846189,0.021001862561866,1.5343948061e-05
238,10.047,0.0644,7.2127414,0.04623276,70.61,1.144831259398838,0.021001862561866,1.5343948061e-05
238,11.6004,0.0743,8.327928,0.05333997,70.61,1.2212801276832548,0.021001862561866,1.5343948061e-05
238,13.1534,0.0662,9.442826,0.04752498,70.61,0.9002873984952503,0.021001862561866,1.5343948061e-05
238,14.8952,0.0674,10.693264,0.04838646,70.61,1.5828205656486452,0.021001862561866,1.5343948061e-05
238,16.7666,0.1321,12.036742,0.09483459,70.61,1.7424042508085225,0.021001862561866,1.5343948061e-05
238,18.7934,0.124,13.491782,0.0890196,70.61,0.8222688206296,0.021001862561866,1.5343948061e-05
238,20.845,0.1587,14.964625,0.11393073,70.61,1.401372762811348,0.021001862561866,1.5343948061e-05
238,11.943215,2.1725214,8.47464,1.6489841,63.5,1.563844067288358,0.021001862561866,1.5343948061e-05
239,7.7731,,3.9510667,,133.04,1.0848075886498894,,
239,7.328,,3.7248223,,133.04,1.5875555848632168,,
239,7.3826,,3.7525756,,133.04,1.4323550507663012,,
239,11.016,0.0347,5.599433,0.01763801,133.04,1.72916263227107,,
239,13.472,0.0507,6.8478174,0.02577081,133.04,1.7810048113537729,,
239,16.1546,0.0654,8.211383,0.03324282,133.04,0.8423461139987048,,
239,18.7652,0.0751,9.538351,0.03817333,133.04,1.2449377610270063,,
239,21.3759,0.0775,10.86537,0.03939325,133.04,1.3469877875782181,,
239,23.8389,0.0619,12.117312,0.03146377,133.04,0.9467432332076525,,
239,26.3041,0.0969,13.370374,0.04925427,133.04,1.1362858304273618,,
239,28.9917,0.108,14.736481,0.0548964,133.04,1.787647447756462,,
239,31.6723,0.1698,16.09903,0.08630934,133.04,0.8162304563424715,,
239,20.898796,2.0692139,10.354312,1.1306591,129.71,1.252507931524384,,
240,13.203,,10.178193,,122.93,1.6426546217181963,0.0258188616606225,4.93674867255e-05
240,11.756,,9.0627,,122.93,1.1239012627192886,0.0258188616606225,4.93674867255e-05
240,10.944,,8.436729,,122.93,1.2797985027551535,0.0258188616606225,4.93674867255e-05
240,11.4892,0.0199,8.857024,0.01534091,122.93,1.77804574578798,0.0258188616606225,4.93674867255e-05
240,13.819,0.0178,10.653067,0.01372202,122.93,1.274876836475704,0.0258188616606225,4.93674867255e-05
240,16.1651,0.0237,12.461676,0.01827033,122.93,0.9309213121464991,0.0258188616606225,4.93674867255e-05
240,19.1072,0.0344,14.72974,0.02651896,122.93,0.8517214916663911,0.0258188616606225,4.93674867255e-05
240,23.26,0.0521,17.931133,0.04016389,122.93,1.7454165724399484,0.0258188616606225,4.93674867255e-05
240,29.7253,0.0733,22.915234,0.05650697,122.93,1.0658094132750657,0.0258188616606225,4.93674867255e-05
240,37.2575,0.0936,28.721807,0.07215624,122.93,1.304063906564551,0.0258188616606225,4.93674867255e-05
240,44.3631,0.1386,34.199512,0.10684674,122.93,0.8907017660899686,0.0258188616606225,4.93674867255e-05
240,49.5236,0.124,38.177742,0.0955916,122.93,1.223655120550605,0.0258188616606225,4.93674867255e-05
240,22.393463,3.506274,15.139839,2.5636296,110.0,1.7301055192501242,0.0258188616606225,4.93674867255e-05
241,6.2699,,5.3143673,,100.77,1.3024129936309383,,
241,6.4531,,5.4696474,,100.77,1.771135151802328,,
241,6.5767,,5.574411,,100.77,1.0588356372373997,,
241,3.9184,0.0264,3.321236,0.02237664,100.77,1.3045452397039372,,
241,6.5636,0.0245,5.5633073,0.0207662,100.77,1.6595307918093254,,
241,8.4302,0.0192,7.1454377,0.01627392,100.77,1.2482523545537438,,
241,10.1706,0.0176,8.620601,0.01491776,100.77,1.0794873735701898,,
241,11.7359,0.0239,9.947349,0.02025764,100.77,1.6554753634178816,,
241,13.0649,0.0198,11.07381,0.01678248,100.77,1.1898894688726092,,
241,14.2786,0.0344,12.102541,0.02915744,100.77,1.330723291060234,,
241,15.4732,0.0326,13.115085,0.02763176,100.77,1.7765270664151456,,
241,16.5163,0.0522,13.999216,0.04424472,100.77,0.9864832947558639,,
241,11.833719,2.261596,10.002792,2.0746958,99.0,1.1014006367201858,,
242,10.391,,2.7982962,,29.66,0.83106960006984,0.035839127080375,0.0001307571278626
242,10.295,,2.7724435,,29.66,1.1918377099100528,0.035839127080375,0.0001307571278626
242,11.187,,3.012659,,29.66,1.0001834305848596,0.035839127080375,0.0001307571278626
242,16.2449,0.1501,4.3747516,0.04042193,29.66,1.4800349354078914,0.035839127080375,0.0001307571278626
242,19.1659,0.235,5.161377,0.0632855,29.66,0.9813214587658524,0.035839127080375,0.0001307571278626
242,21.7153,0.1828,5.8479304,0.04922804,29.66,1.4748127524058696,0.035839127080375,0.0001307571278626
242,24.3953,0.1803,6.5696545,0.04855479,29.66,1.0634754281893177,0.035839127080375,0.0001307571278626
242,27.0461,0.2128,7.2835145,0.05730704,29.66,1.1552178341211998,0.035839127080375,0.0001307571278626
242,29.5675,0.22,7.9625278,0.059246,29.66,1.1488606520463975,0.035839127080375,0.0001307571278626
242,33.2456,0.2348,8.95304,0.06323164,29.66,1.5167517501636094,0.035839127080375,0.0001307571278626
242,36.4873,0.2285,9.82603,0.06153505,29.66,1.2665092631383432,0.035839127080375,0.0001307571278626
242,41.7309,0.3445,11.2381315,0.09277385,29.66,1.1612988988526831,0.035839127080375,0.0001307571278626
242,18.076788,2.7055173,6.7161636,1.0944917,29.24,1.6526227190394498,0.035839127080375,0.0001307571278626
243,9.8777,,9.4213505,,106.31,1.3719506256412028,0.0295724584238873,9.0062307294e-06
243,9.1685,,8.744915,,106.31,1.0138308212779978,0.0295724584238873,9.0062307294e-06
243,8.6258,,8.227288,,106.31,1.7000912781436828,0.0295724584238873,9.0062307294e-06
243,14.3239,0.0068,13.662136,0.00648584,106.31,1.1426502960336407,0.0295724584238873,9.0062307294e-06
243,18.0134,0.0116,17.181181,0.01106408,106.31,0.8389793775373204,0.0295724584238873,9.0062307294e-06
243,22.4142,0.0198,21.378664,0.01888524,106.31,1.294600223974453,0.0295724584238873,9.0062307294e-06
243,27.3498,0.0198,26.086239,0.01888524,106.31,0.9239380544408778,0.0295724584238873,9.0062307294e-06
243,32.4202,0.0267,30.922386,0.02546646,106.31,1.0384664437157425,0.0295724584238873,9.0062307294e-06
243,37.2364,0.041,35.51608,0.0391058,106.31,1.5471108726874112,0.0295724584238873,9.0062307294e-06
243,42.0629,0.0853,40.119595,0.08135914,106.31,0.9307518133763186,0.0295724584238873,9.0062307294e-06
243,47.6375,0.1147,45.43665,0.10940086,106.31,1.6069442243540357,0.0295724584238873,9.0062307294e-06
243,54.1403,0.2533,51.63902,0.24159753,106.31,1.7369072881309537,0.0295724584238873,9.0062307294e-06
244,8.243683,3.4736657,6.7161636,2.9420445,151.5,1.4065321004079447,,
245,10.618,,9.26739,,39.87,1.5103591920228294,0.0179924472949883,3.00207685678e-05
245,10.877,,9.493445,,39.87,1.5135866099074176,0.0179924472949883,3.00207685678e-05
245,11.243,,9.81289,,39.87,1.792807957270445,0.0179924472949883,3.00207685678e-05
245,1.0946,0.0376,0.9553669,0.03281728,39.87,1.1415382622016228,0.0179924472949883,3.00207685678e-05
245,4.0489,0.0417,3.53388,0.03639576,39.87,0.9628565512427025,0.0179924472949883,3.00207685678e-05
245,8.2004,0.026,7.157309,0.0226928,39.87,1.3191672349143215,0.0179924472949883,3.00207685678e-05
245,11.7789,0.0359,10.280624,0.03133352,39.87,1.3332498098317083,0.0179924472949883,3.00207685678e-05
245,14.6708,0.0293,12.804674,0.02557304,39.87,0.9779124882961445,0.0179924472949883,3.00207685678e-05
245,17.243,0.0496,15.04969,0.04329088,39.87,1.4131094189941396,0.0179924472949883,3.00207685678e-05
245,19.8857,0.0597,17.35624,0.05210616,39.87,0.814124733476824,0.0179924472949883,3.00207685678e-05
245,22.7613,0.0796,19.866062,0.06947488,39.87,1.7276684024542215,0.0179924472949883,3.00207685678e-05
245,26.007,0.1193,22.69891,0.10412504,39.87,1.0645742778212617,0.0179924472949883,3.00207685678e-05
245,17.38286,2.641684,10.967844,1.8105832,38.0,0.8395602083901919,0.0179924472949883,3.00207685678e-05
246,9.2963,,8.6437,,72.2,0.9082494414748571,0.0263125365215158,2.23487937421e-05
246,9.1916,,8.54635,,72.2,1.0402489482796418,0.0263125365215158,2.23487937421e-05
246,8.7412,,8.127567,,72.2,1.0739061686060452,0.0263125365215158,2.23487937421e-05
246,8.1272,0.0034,7.5566707,0.00316132,72.2,0.8328099994977287,0.0263125365215158,2.23487937421e-05
246,10.3421,0.0065,9.616085,0.0060437,72.2,1.079354812193729,0.0263125365215158,2.23487937421e-05
246,13.0119,0.0094,12.098465,0.00874012,72.2,0.9929417364934822,0.0263125365215158,2.23487937421e-05
246,16.2779,0.0123,15.135191,0.01143654,72.2,1.1786209274345185,0.0263125365215158,2.23487937421e-05
246,20.1574,0.0277,18.74235,0.02575546,72.2,1.1851677373559693,0.0263125365215158,2.23487937421e-05
246,24.5805,0.043,22.854948,0.0399814,72.2,1.1390077406028791,0.0263125365215158,2.23487937421e-05
246,29.3807,0.0579,27.318174,0.05383542,72.2,1.1279238835307042,0.0263125365215158,2.23487937421e-05
246,34.1144,0.1175,31.719568,0.1092515,72.2,0.8897312777412513,0.0263125365215158,2.23487937421e-05
246,39.0942,0.1935,36.34979,0.1799163,72.2,0.8252049471261622,0.0263125365215158,2.23487937421e-05
247,6.6712,,3.8559537,,124.96,1.0021143001564665,0.0578406812355499,2.4016614218e-05
247,6.0591,,3.5021598,,124.96,1.5566494274166154,0.0578406812355499,2.4016614218e-05
247,5.7222,,3.3074317,,124.96,1.7908097655511221,0.0578406812355499,2.4016614218e-05
247,9.2911,0.0648,5.370256,0.0374544,124.96,1.728526175057329,0.0578406812355499,2.4016614218e-05
247,11.4227,0.1092,6.6023207,0.0631176,124.96,1.3042193555377688,0.0578406812355499,2.4016614218e-05
247,13.2649,0.1748,7.6671124,0.1010344,124.96,1.3318238557779343,0.0578406812355499,2.4016614218e-05
247,15.1675,0.0866,8.766815,0.0500548,124.96,1.1145815690358427,0.0578406812355499,2.4016614218e-05
247,16.9827,0.1295,9.816001,0.074851,124.96,1.5739394386376562,0.0578406812355499,2.4016614218e-05
247,18.4287,0.1149,10.651789,0.0664122,124.96,1.5647566879326487,0.0578406812355499,2.4016614218e-05
247,20.4351,0.1372,11.811488,0.0793016,124.96,1.6442723575824445,0.0578406812355499,2.4016614218e-05
247,22.503,0.1577,13.006734,0.0911506,124.96,1.6955045771968844,0.0578406812355499,2.4016614218e-05
247,25.1614,0.1916,14.543289,0.1107448,124.96,1.2343492482252958,0.0578406812355499,2.4016614218e-05
247,14.358903,2.4796946,8.074604,1.4884425,129.0,1.5668755681071977,0.0578406812355499,2.4016614218e-05
248,6.8396,,4.0428877,,87.09,1.6063987287958787,,
248,6.2539,,3.6966803,,87.09,1.10845962249775,,
248,6.1443,,3.6318958,,87.09,1.7292422440061501,,
248,7.1625,0.0456,4.2337537,0.02695416,87.09,0.8943415026396555,,
248,8.812,0.0602,5.208773,0.03558422,87.09,1.7942691791632828,,
248,10.4306,0.0675,6.165528,0.03989925,87.09,1.5700907181588695,,
248,12.1557,0.1031,7.185234,0.06094241,87.09,0.8932709053243273,,
248,13.9692,0.0822,8.2571945,0.04858842,87.09,1.4562296481050008,,
248,15.7753,0.1302,9.3247795,0.07696122,87.09,0.8341794109282602,,
248,17.74,0.1159,10.486114,0.06850849,87.09,1.570186949444183,,
248,19.7581,0.1046,11.679013,0.06182906,87.09,1.5992229216590554,,
248,21.6119,0.1471,12.774794,0.08695081,87.09,1.4024102530914477,,
248,12.709289,2.4289303,8.019019,1.6174078,90.0,1.6568603919165705,,
249,20.376108,2.1112976,9.421526,1.7689482,166.33,0.8978832802148597,,
250,31.541,,19.120153,,18.95,1.0759238420408133,0.0242167533113858,1.8679589013e-05
250,32.819,,19.894878,,18.95,1.2141775215926707,0.0242167533113858,1.8679589013e-05
250,36.072,,21.866846,,18.95,0.8424579528280983,0.0242167533113858,1.8679589013e-05
250,15.3769,0.0762,9.321477,0.04619244,18.95,1.248216087571166,0.0242167533113858,1.8679589013e-05
250,20.4315,0.0858,12.385575,0.05201196,18.95,1.065213456112566,0.0242167533113858,1.8679589013e-05
250,25.7582,0.1089,15.614621,0.06601518,18.95,1.192735012101753,0.0242167533113858,1.8679589013e-05
250,32.0299,0.1054,19.416525,0.06389348,18.95,1.2251026319923066,0.0242167533113858,1.8679589013e-05
250,39.0319,0.1164,23.661139,0.07056168,18.95,1.6794117334876852,0.0242167533113858,1.8679589013e-05
250,47.9553,0.1129,29.070503,0.06843998,18.95,1.070340970527639,0.0242167533113858,1.8679589013e-05
250,57.8914,0.216,35.093765,0.1309392,18.95,1.693743128716272,0.0242167533113858,1.8679589013e-05
250,67.7034,0.1934,41.0418,0.11723908,18.95,1.2259709648128494,0.0242167533113858,1.8679589013e-05
250,77.1084,0.2266,46.74311,0.13736492,18.95,1.127807720693986,0.0242167533113858,1.8679589013e-05
250,31.269524,2.448025,16.87024,1.5731091,25.38,1.302512049335146,0.0242167533113858,1.8679589013e-05
251,10.622,,7.3323665,,121.88,1.2177432863628397,0.0578700348759274,2.16816661879e-05
251,9.2933,,6.415165,,121.88,1.0573723130551462,0.0578700348759274,2.16816661879e-05
251,8.4822,,5.8552628,,121.88,1.3026793247960669,0.0578700348759274,2.16816661879e-05
251,6.5183,0.0354,4.4995823,0.02443662,121.88,0.9518017330788313,0.0578700348759274,2.16816661879e-05
251,8.942,0.0433,6.1726627,0.02988999,121.88,1.1519299430229661,0.0578700348759274,2.16816661879e-05
251,11.5268,0.0663,7.95695,0.04576689,121.88,1.3657902193740905,0.0578700348759274,2.16816661879e-05
251,14.085,0.0624,9.722876,0.04307472,121.88,1.2134082443898586,0.0578700348759274,2.16816661879e-05
251,16.9112,0.0937,11.673801,0.06468111,121.88,1.6239123610507966,0.0578700348759274,2.16816661879e-05
251,19.9158,0.0724,13.747877,0.04997772,121.88,1.0567217615351663,0.0578700348759274,2.16816661879e-05
251,23.1049,0.1036,15.949312,0.07151508,121.88,1.7697715788310102,0.0578700348759274,2.16816661879e-05
251,26.0075,0.1043,17.952978,0.07199829,121.88,1.5847220208513515,0.0578700348759274,2.16816661879e-05
251,29.2172,0.1132,20.168633,0.07814196,121.88,1.7675930259974724,0.0578700348759274,2.16816661879e-05
251,18.885185,3.1309018,12.826886,2.3908758,123.0,1.6381365548303042,0.0578700348759274,2.16816661879e-05
252,7.4675,,3.3499205,,113.62,0.9421039258516427,0.0401497758826207,1.50103842839e-05
252,7.1145,,3.1915648,,113.62,1.3264600906350137,0.0401497758826207,1.50103842839e-05
252,6.3727,,2.8587933,,113.62,0.9699785211957858,0.0401497758826207,1.50103842839e-05
252,11.969,0.0272,5.369293,0.01220192,113.62,1.6182273526272573,0.0401497758826207,1.50103842839e-05
252,14.0516,0.0397,6.303548,0.01780942,113.62,1.3841621491832958,0.0401497758826207,1.50103842839e-05
252,16.0902,0.0537,7.218064,0.02408982,113.62,1.0634493143569057,0.0401497758826207,1.50103842839e-05
252,18.0197,0.0443,8.083637,0.01987298,113.62,1.7295989720071714,0.0401497758826207,1.50103842839e-05
252,19.8674,0.0478,8.912516,0.02144308,113.62,0.9151860533142607,0.0401497758826207,1.50103842839e-05
252,21.8508,0.081,9.802269,0.0363366,113.62,1.363862403471314,0.0401497758826207,1.50103842839e-05
252,23.8831,0.0768,10.713959,0.03445248,113.62,1.5210405546667256,0.0401497758826207,1.50103842839e-05
252,26.1057,0.0801,11.711017,0.03593286,113.62,0.8588485373324318,0.0401497758826207,1.50103842839e-05
252,28.8763,0.1647,12.953908,0.07388442,113.62,1.3978560332062036,0.0401497758826207,1.50103842839e-05
252,22.600666,2.9142377,9.752619,1.4373745,117.0,1.615901215463094,0.0401497758826207,1.50103842839e-05
253,8.262686,1.9976815,6.413886,1.6048834,6.5,0.8675273144180534,,
254,3.2475,,3.0912952,,31.15,1.312242971106627,,
254,3.2336,,3.0780637,,31.15,1.0585571781487402,,
254,3.0312,,2.8853993,,31.15,1.4629244515369209,,
254,4.6575,0.0104,4.433474,0.00989976,31.15,0.918677367078845,,
254,5.9061,0.0148,5.6220164,0.01408812,31.15,1.737051430670507,,
254,7.5399,0.0147,7.177231,0.01399293,31.15,1.694728581714732,,
254,9.5021,0.0252,9.045049,0.02398788,31.15,0.9859744198757092,,
254,11.4274,0.0289,10.877742,0.02750991,31.15,1.1232658843651047,,
254,13.1495,0.0357,12.517009,0.03398283,31.15,1.387634974653043,,
254,14.5473,0.0479,13.847575,0.04559601,31.15,1.5180623366342505,,
254,15.8632,0.0827,15.10018,0.07872213,31.15,1.2426560151602581,,
254,16.962,0.0738,16.146128,0.07025022,31.15,0.9562913219609751,,
254,12.797385,2.6520362,9.486833,2.5313883,33.61,0.9041514938028716,,
255,107.9,,62.62516,,169.23,1.7997653369143438,0.002924022858507,5.6705897774e-06
255,109.44,,63.518974,,169.23,1.2553521214434873,0.002924022858507,5.6705897774e-06
255,109.6,,63.61184,,169.23,1.6725317491484981,0.002924022858507,5.6705897774e-06
255,2.5662,0.0387,1.4894224,0.02246148,169.23,1.2823760046291146,0.002924022858507,5.6705897774e-06
255,7.9477,0.0474,4.612845,0.02751096,169.23,1.7223576385460033,0.002924022858507,5.6705897774e-06
255,17.2669,0.0636,10.0217085,0.03691344,169.23,0.8877593827715506,0.002924022858507,5.6705897774e-06
255,27.9998,0.0899,16.251083,0.05217796,169.23,0.914019191334551,0.002924022858507,5.6705897774e-06
255,40.5057,0.1491,23.509508,0.08653764,169.23,1.7296321877242242,0.002924022858507,5.6705897774e-06
255,53.6402,0.1984,31.132772,0.11515136,169.23,1.747493045044785,0.002924022858507,5.6705897774e-06
255,66.5957,0.1508,38.652145,0.08752432,169.23,1.1147174474653634,0.002924022858507,5.6705897774e-06
255,77.5553,0.4019,45.013096,0.23326276,169.23,1.1551648869938718,0.002924022858507,5.6705897774e-06
256,26.492397,3.1110508,6.3550835,0.851366,163.0,1.252450234834758,,
257,13.255,,4.130258,,141.86,1.216161680067291,0.0265050030044451,1.26754354585e-05
257,12.475,,3.88721,,141.86,0.9900452159595967,0.0265050030044451,1.26754354585e-05
257,11.999,,3.7388885,,141.86,1.6983753839393745,0.0265050030044451,1.26754354585e-05
257,8.6554,0.0792,2.6970227,0.02467872,141.86,1.0533076007056437,0.0265050030044451,1.26754354585e-05
257,11.5749,0.0966,3.6067388,0.03010056,141.86,1.5052724094776515,0.0265050030044451,1.26754354585e-05
257,14.3259,0.0942,4.4639506,0.02935272,141.86,0.8671556777349729,0.0265050030044451,1.26754354585e-05
257,17.2447,0.1363,5.3734484,0.04247108,141.86,0.8387513315284295,0.0265050030044451,1.26754354585e-05
257,20.4225,0.1177,6.363651,0.03667532,141.86,1.4537304725769207,0.0265050030044451,1.26754354585e-05
257,23.9791,0.1319,7.4718876,0.04110004,141.86,1.1390158575732605,0.0265050030044451,1.26754354585e-05
257,28.6621,0.168,8.93111,0.0523488,141.86,1.4554593927200012,0.0265050030044451,1.26754354585e-05
257,33.4137,0.2228,10.411709,0.06942448,141.86,0.8940212021688304,0.0265050030044451,1.26754354585e-05
257,38.6123,0.2247,12.031592,0.07001652,141.86,1.7498513799158633,0.0265050030044451,1.26754354585e-05
257,14.693364,4.127592,5.1656055,1.5032464,148.98,1.5485144668930955,0.0265050030044451,1.26754354585e-05
258,12.157,,2.2782218,,62.61,1.6762672330257993,0.0385773547378566,1.43432567297e-05
258,9.3851,,1.7587677,,62.61,0.936470554044511,0.0385773547378566,1.43432567297e-05
258,8.8015,,1.6494011,,62.61,1.1201609688928693,0.0385773547378566,1.43432567297e-05
258,19.4192,0.0996,3.639158,0.01866504,62.61,1.1683441642063441,0.0385773547378566,1.43432567297e-05
258,24.2303,0.1682,4.540758,0.03152068,62.61,1.3371726483268187,0.0385773547378566,1.43432567297e-05
258,29.8991,0.2442,5.6030912,0.04576308,62.61,1.0968684855074144,0.0385773547378566,1.43432567297e-05
258,36.2129,0.1894,6.7862973,0.03549356,62.61,0.8606307421894052,0.0385773547378566,1.43432567297e-05
258,42.3496,0.3066,7.936315,0.05745684,62.61,1.1688783807374707,0.0385773547378566,1.43432567297e-05
258,47.4512,0.2001,8.892355,0.03749874,62.61,1.0545493146272822,0.0385773547378566,1.43432567297e-05
258,52.582,0.202,9.853867,0.0378548,62.61,1.185921291463215,0.0385773547378566,1.43432567297e-05
258,57.4306,0.2082,10.762494,0.03901668,62.61,0.9969595426200263,0.0385773547378566,1.43432567297e-05
258,62.6078,0.2989,11.732701,0.05601386,62.61,1.0618963745647356,0.0385773547378566,1.43432567297e-05
258,34.6036,3.1871092,8.692031,1.0770509,63.6,1.4269523404322688,0.0385773547378566,1.43432567297e-05
259,6.1158,,3.4823365,,13.76,1.1881538345780651,0.0214105119348933,0.0002999999970354
259,5.8436,,3.3273458,,13.76,1.1453833931694921,0.0214105119348933,0.0002999999970354
259,5.8665,,3.3403852,,13.76,1.3339056327223728,0.0214105119348933,0.0002999999970354
259,9.1013,0.0553,5.18228,0.03148782,13.76,1.5718605408439257,0.0214105119348933,0.0002999999970354
259,10.5579,0.0763,6.011668,0.04344522,13.76,1.1788679563479572,0.0214105119348933,0.0002999999970354
259,12.113,0.0662,6.8971424,0.03769428,13.76,1.3875194925558407,0.0214105119348933,0.0002999999970354
259,13.9308,0.0886,7.9321976,0.05044884,13.76,1.7662026253681762,0.0214105119348933,0.0002999999970354
259,16.0512,0.0887,9.139553,0.05050578,13.76,1.3219801141180507,0.0214105119348933,0.0002999999970354
259,18.3215,0.098,10.432262,0.0558012,13.76,1.7097975765175444,0.0214105119348933,0.0002999999970354
259,20.744,0.1009,11.811634,0.05745246,13.76,1.593672624256427,0.0214105119348933,0.0002999999970354
259,23.1657,0.1021,13.19055,0.05813574,13.76,0.8587186816501498,0.0214105119348933,0.0002999999970354
259,25.8184,0.1434,14.700997,0.08165196,13.76,1.2290988714692568,0.0214105119348933,0.0002999999970354
259,18.885185,5.3486238,11.171751,3.487274,15.07,1.498318407868588,0.0214105119348933,0.0002999999970354
260,,,,,,,0.1369404029503637,2.4016614218e-05
261,24.66728,2.2151418,17.869864,1.975479,88.61,1.2583762911615126,0.0431865434053047,0.0001667820475991
262,12.567,,10.283576,,175.88,0.8927854541267395,0.0301411852062002,0.000124419404964
262,11.877,,9.718949,,175.88,1.3620091747128678,0.0301411852062002,0.000124419404964
262,11.589,,9.483278,,175.88,0.9265637921239603,0.0301411852062002,0.000124419404964
262,11.283,0.0424,9.232879,0.03469592,175.88,1.5515195602793934,0.0301411852062002,0.000124419404964
262,15.1314,0.0481,12.382025,0.03936023,175.88,1.307676997461778,0.0301411852062002,0.000124419404964
262,18.7201,0.045,15.318658,0.0368235,175.88,1.5234313683772864,0.0301411852062002,0.000124419404964
262,21.9553,0.039,17.966022,0.0319137,175.88,1.6693618268785237,0.0301411852062002,0.000124419404964
262,25.241,0.0634,20.65471,0.05188022,175.88,1.428948017162777,0.0301411852062002,0.000124419404964
262,29.2073,0.0464,23.900333,0.03796912,175.88,1.4124393292531816,0.0301411852062002,0.000124419404964
262,33.825,0.0707,27.678997,0.05785381,175.88,1.5545702954396314,0.0301411852062002,0.000124419404964
262,39.2572,0.1086,32.12417,0.08886738,175.88,1.6424550014526673,0.0301411852062002,0.000124419404964
262,44.9531,0.1809,36.785122,0.14803047,175.88,1.6690537862770027,0.0301411852062002,0.000124419404964
262,25.593004,2.2982726,21.58347,2.3022463,179.08,0.8364301956828833,0.0301411852062002,0.000124419404964
263,23.828,,21.919376,,158.47,1.3561902967977892,0.0174837620498111,1.96802819348e-05
263,22.069,,20.301273,,158.47,1.0162693097975515,0.0174837620498111,1.96802819348e-05
263,21.255,,19.552475,,158.47,1.6603458907817834,0.0174837620498111,1.96802819348e-05
263,22.9014,0.0166,21.066998,0.01527034,158.47,1.448397685203361,0.0174837620498111,1.96802819348e-05
263,28.8662,0.0299,26.554018,0.02750501,158.47,1.2202224790324383,0.0174837620498111,1.96802819348e-05
263,35.6609,0.0278,32.804462,0.02557322,158.47,0.9881042281213513,0.0174837620498111,1.96802819348e-05
263,42.9298,0.0296,39.491123,0.02722904,158.47,1.1390236259198265,0.0174837620498111,1.96802819348e-05
263,50.7812,0.0616,46.713627,0.05666584,158.47,1.5037776945402246,0.0174837620498111,1.96802819348e-05
263,59.1671,0.0916,54.427814,0.08426284,158.47,1.004359545211639,0.0174837620498111,1.96802819348e-05
263,67.2538,0.1071,61.86677,0.09852129,158.47,0.8935829453383728,0.0174837620498111,1.96802819348e-05
263,75.1283,0.1503,69.11052,0.13826098,158.47,1.688028758227551,0.0174837620498111,1.96802819348e-05
263,82.3409,0.2112,75.74539,0.19428287,158.47,1.564210349580117,0.0174837620498111,1.96802819348e-05
264,7.5885,,4.147874,,60.95,0.9997949306581326,0.0554983941590685,0.0002968720447264
264,6.728,,3.6775248,,60.95,1.0923115434299917,0.0554983941590685,0.0002968720447264
264,6.7332,,3.6803672,,60.95,1.7720701771308858,0.0554983941590685,0.0002968720447264
264,6.6232,0.0728,3.6202412,0.03979248,60.95,1.5081844867591174,0.0554983941590685,0.0002968720447264
264,8.2661,0.0904,4.5182505,0.04941264,60.95,1.4105220042138247,0.0554983941590685,0.0002968720447264
264,9.7468,0.085,5.327601,0.046461,60.95,1.1076284854241303,0.0554983941590685,0.0002968720447264
264,11.7891,0.1266,6.443922,0.06919956,60.95,1.0991251441665222,0.0554983941590685,0.0002968720447264
264,13.6451,0.1423,7.4584117,0.07778118,60.95,0.8395236186902305,0.0554983941590685,0.0002968720447264
264,16.0272,0.1478,8.760468,0.08078748,60.95,1.5284818669019313,0.0554983941590685,0.0002968720447264
264,19.0527,0.1237,10.414206,0.06761442,60.95,0.8431752250568846,0.0554983941590685,0.0002968720447264
264,22.171,0.1619,12.118669,0.08849454,60.95,0.8048573377772791,0.0554983941590685,0.0002968720447264
264,26.1756,0.1629,14.307583,0.08904114,60.95,1.5294950878609792,0.0554983941590685,0.0002968720447264
264,17.026339,1.7642066,9.356668,1.1418599,58.0,1.7488737571491253,0.0554983941590685,0.0002968720447264
265,11.64,,4.296324,,112.91,1.5565030477273105,0.0398038699159002,0.0001871294523164
265,11.225,,4.1431475,,112.91,1.2716401906243786,0.0398038699159002,0.0001871294523164
265,11.014,,4.0652676,,112.91,1.286045249560873,0.0398038699159002,0.0001871294523164
265,8.2908,0.0663,3.0601342,0.02447133,112.91,1.2361364226491054,0.0398038699159002,0.0001871294523164
265,11.0893,0.1225,4.0930605,0.04521475,112.91,1.1246436671103337,0.0398038699159002,0.0001871294523164
265,14.0515,0.1173,5.1864085,0.04329543,112.91,1.3217142141858402,0.0398038699159002,0.0001871294523164
265,17.1684,0.1555,6.3368564,0.05739505,112.91,1.2311509571411152,0.0398038699159002,0.0001871294523164
265,20.4993,0.1705,7.566292,0.06293155,112.91,1.3981678800407749,0.0398038699159002,0.0001871294523164
265,23.461,0.169,8.659455,0.0623779,112.91,1.6981200805010945,0.0398038699159002,0.0001871294523164
265,26.2022,0.1689,9.671232,0.06234099,112.91,1.7950094173238105,0.0398038699159002,0.0001871294523164
265,28.7526,0.1622,10.612585,0.05986802,112.91,0.8787432898829172,0.0398038699159002,0.0001871294523164
265,31.485,0.2148,11.621114,0.07928268,112.91,1.1846834726613413,0.0398038699159002,0.0001871294523164
265,22.86237,2.4742,7.782538,0.9539747,111.0,0.9807061957668095,0.0398038699159002,0.0001871294523164
266,12.46,,9.136918,,114.49,1.1521204739255337,0.0194054248022476,2.63515638388e-05
266,13.098,,9.604763,,114.49,1.087473018548423,0.0194054248022476,2.63515638388e-05
266,13.521,,9.914949,,114.49,0.9745371316267883,0.0194054248022476,2.63515638388e-05
266,5.9547,0.0417,4.3665814,0.03057861,114.49,1.5640760534212905,0.0194054248022476,2.63515638388e-05
266,10.0094,0.0867,7.339893,0.06357711,114.49,1.296288742829236,0.0194054248022476,2.63515638388e-05
266,15.3532,0.0601,11.258502,0.04407133,114.49,1.719245582217226,0.0194054248022476,2.63515638388e-05
266,18.6202,0.0428,13.654193,0.03138524,114.49,0.8325924432470145,0.0194054248022476,2.63515638388e-05
266,21.7983,0.0648,15.984694,0.04751784,114.49,0.86697801313199,0.0194054248022476,2.63515638388e-05
266,24.8777,0.0626,18.242817,0.04590458,114.49,1.2032735829303443,0.0194054248022476,2.63515638388e-05
266,27.9082,0.0915,20.465082,0.06709695,114.49,0.8802773204040372,0.0194054248022476,2.63515638388e-05
266,30.6546,0.1224,22.479017,0.08975592,114.49,1.0627295964148336,0.0194054248022476,2.63515638388e-05
266,33.0802,0.1798,24.257711,0.13184734,114.49,1.7860297430766237,0.0194054248022476,2.63515638388e-05
267,6.6101,,5.5167894,,89.78,1.008959607484614,0.0665413670946985,7.47183560519e-05
267,6.2657,,5.2293534,,89.78,0.9981177414120908,0.0665413670946985,7.47183560519e-05
267,6.1011,,5.091978,,89.78,1.373640668795709,0.0665413670946985,7.47183560519e-05
267,6.5941,0.0233,5.503436,0.01944618,89.78,1.2979982907931569,0.0665413670946985,7.47183560519e-05
267,8.9108,0.0251,7.4369535,0.02094846,89.78,1.3804382972028448,0.0665413670946985,7.47183560519e-05
267,11.096,0.0369,9.260721,0.03079674,89.78,1.1767352782085467,0.0665413670946985,7.47183560519e-05
267,13.1576,0.0328,10.981333,0.02737488,89.78,1.626762359894947,0.0665413670946985,7.47183560519e-05
267,14.9602,0.0452,12.485783,0.03772392,89.78,0.9385805514424629,0.0665413670946985,7.47183560519e-05
267,16.8024,0.0524,14.023283,0.04373304,89.78,1.2283926458414656,0.0665413670946985,7.47183560519e-05
267,18.7785,0.0441,15.672536,0.03680586,89.78,1.489761848444087,0.0665413670946985,7.47183560519e-05
267,20.9058,0.054,17.44798,0.0450684,89.78,1.6682364402828997,0.0665413670946985,7.47183560519e-05
267,23.1663,0.0807,19.334595,0.06735222,89.78,1.1695716063567576,0.0665413670946985,7.47183560519e-05
267,16.260027,1.6473641,13.186249,1.467484,86.31,1.3677455990937528,0.0665413670946985,7.47183560519e-05
268,3.6602,,3.1913283,,61.94,0.8691399450072615,0.0097921075786369,1.13411795548e-05
268,3.7163,,3.240242,,61.94,0.970319088111829,0.0097921075786369,1.13411795548e-05
268,3.689,,3.216439,,61.94,0.8691381624661145,0.0097921075786369,1.13411795548e-05
268,6.261,0.0108,5.458966,0.00941652,61.94,1.5278808919985218,0.0097921075786369,1.13411795548e-05
268,7.2971,0.0187,6.3623414,0.01630453,61.94,1.0880599687221406,0.0097921075786369,1.13411795548e-05
268,8.2832,0.0132,7.222122,0.01150908,61.94,1.5237452901918378,0.0097921075786369,1.13411795548e-05
268,9.249,0.0144,8.064203,0.01255536,61.94,0.8663982790432746,0.0097921075786369,1.13411795548e-05
268,10.1418,0.0139,8.842635,0.01211941,61.94,1.6625478004083254,0.0097921075786369,1.13411795548e-05
268,11.0742,0.0207,9.655595,0.01804833,61.94,1.6355301981110917,0.0097921075786369,1.13411795548e-05
268,12.0264,0.0356,10.485818,0.03103964,61.94,0.8889287430502827,0.0097921075786369,1.13411795548e-05
268,13.0317,0.0391,11.362339,0.03409129,61.94,0.8237565064571866,0.0097921075786369,1.13411795548e-05
268,14.2536,0.0896,12.427713,0.07812224,61.94,0.8562888129819912,0.0097921075786369,1.13411795548e-05
268,10.742893,1.5583948,9.574614,1.5996912,40.95,1.653630173146734,0.0097921075786369,1.13411795548e-05
269,5.9626,,3.3038766,,123.68,1.0347034890518958,,
269,5.7385,,3.1797028,,123.68,1.3482733178581887,,
269,5.4359,,3.0120323,,123.68,1.2262442031800567,,
269,4.2801,0.0234,2.3716035,0.01296594,123.68,1.595525526228602,,
269,6.1801,0.0544,3.4243934,0.03014304,123.68,1.2888983014706707,,
269,7.8467,0.0693,4.3478565,0.03839913,123.68,1.3006608406612696,,
269,9.3949,0.0963,5.205714,0.05335983,123.68,1.7890919394999023,,
269,10.6443,0.0887,5.8980064,0.04914867,123.68,0.9501295567492571,,
269,11.8242,0.0975,6.5517893,0.05402475,123.68,1.6307039387459314,,
269,12.8492,0.1125,7.119742,0.06233625,123.68,0.8517497456038848,,
269,13.7235,0.1118,7.6041913,0.06194838,123.68,1.2776487695729708,,
269,14.6518,0.1446,8.118563,0.08012286,123.68,1.6863348239330236,,
269,10.118619,2.2367022,6.1818895,1.4316648,121.0,1.4652139656041214,,
270,20.754929,2.0071795,14.194538,1.520427,118.68,1.485214619366133,0.0459584610364013,0.0002001384571189
272,12.688,,8.93489,,77.13,1.0633172822564856,0.1196127488971053,0.0002064761800174
272,11.859,,8.351108,,77.13,1.2185747913614544,0.1196127488971053,0.0002064761800174
272,10.971,,7.725778,,77.13,1.1665810634990506,0.1196127488971053,0.0002064761800174
272,5.4598,0.0302,3.8447912,0.02126684,77.13,1.3214432101579943,0.1196127488971053,0.0002064761800174
272,7.0857,0.0315,4.98975,0.0221823,77.13,1.262227930143668,0.1196127488971053,0.0002064761800174
272,8.9769,0.0514,6.321533,0.03619588,77.13,1.1268983518769895,0.1196127488971053,0.0002064761800174
272,11.1834,0.0565,7.8753505,0.0397873,77.13,1.1054806123711702,0.1196127488971053,0.0002064761800174
272,13.7752,0.0657,9.700496,0.04626594,77.13,1.050852891655122,0.1196127488971053,0.0002064761800174
272,16.9525,0.0613,11.93795,0.04316746,77.13,1.1650472468847584,0.1196127488971053,0.0002064761800174
272,20.5505,0.0605,14.4716625,0.0426041,77.13,0.9499414779340607,0.1196127488971053,0.0002064761800174
272,24.6981,0.0801,17.392403,0.05640642,77.13,1.6721043020035737,0.1196127488971053,0.0002064761800174
272,28.9737,0.1031,20.40328,0.07260302,77.13,1.4021193918334274,0.1196127488971053,0.0002064761800174
272,13.649642,2.3257802,9.663206,1.7604517,83.48,0.9337864255938555,0.1196127488971053,0.0002064761800174
273,4.2452,,2.981404,,81.32,1.4938593342090014,0.0367630996240739,0.0001774561011903
273,4.065,,2.8548496,,81.32,1.6476664679979733,0.0367630996240739,0.0001774561011903
273,4.1045,,2.8825903,,81.32,1.0375356720522588,0.0367630996240739,0.0001774561011903
273,8.0073,0.014,5.6235266,0.0098322,81.32,0.950600594337264,0.0367630996240739,0.0001774561011903
273,9.5457,0.0144,6.703945,0.01011312,81.32,0.8086172571337521,0.0367630996240739,0.0001774561011903
273,11.0368,0.0139,7.7511444,0.00976197,81.32,0.8472503388564852,0.0367630996240739,0.0001774561011903
273,12.4278,0.0122,8.728044,0.00856806,81.32,1.5622513483035116,0.0367630996240739,0.0001774561011903
273,13.7981,0.0195,9.690406,0.01369485,81.32,1.7871863320416939,0.0367630996240739,0.0001774561011903
273,15.16,0.0215,10.646868,0.01509945,81.32,0.8448803224762766,0.0367630996240739,0.0001774561011903
273,16.5894,0.0277,11.650736,0.01945371,81.32,1.5480709590798927,0.0367630996240739,0.0001774561011903
273,18.1183,0.0464,12.724483,0.03258672,81.32,0.8718621658409601,0.0367630996240739,0.0001774561011903
273,20.3139,0.0729,14.266452,0.05119767,81.32,1.3921328249036669,0.0367630996240739,0.0001774561011903
273,14.064402,2.2345293,9.421526,1.5920992,83.0,1.556075282428238,0.0367630996240739,0.0001774561011903
274,8.037505,8.383689,6.6853056,7.355332,33.05,1.1592043972677377,,
275,6.2069,,5.276486,,25.34,0.8109347211106638,0.0575371379089196,0.0001917993547389
275,5.6909,,4.837834,,25.34,1.395189352125426,0.0575371379089196,0.0001917993547389
275,6.3663,,5.4119916,,25.34,1.7912446281400278,0.0575371379089196,0.0001917993547389
275,6.4213,0.0128,5.458747,0.01088128,25.34,1.0576174228384958,0.0575371379089196,0.0001917993547389
275,8.3231,0.0155,7.075467,0.01317655,25.34,0.9894912771872159,0.0575371379089196,0.0001917993547389
275,10.4886,0.0267,8.916359,0.02269767,25.34,0.923925892753515,0.0575371379089196,0.0001917993547389
275,12.8015,0.0437,10.882555,0.03714937,25.34,1.3552556199000563,0.0575371379089196,0.0001917993547389
275,14.8095,0.0988,12.589556,0.08398988,25.34,1.3964450993602733,0.0575371379089196,0.0001917993547389
275,17.5524,0.0823,14.921295,0.06996323,25.34,1.5922708371704024,0.0575371379089196,0.0001917993547389
275,20.388,0.1576,17.331839,0.13397576,25.34,1.5530732736205097,0.0575371379089196,0.0001917993547389
275,24.0142,0.1285,20.41447,0.10923785,25.34,1.6925414947950872,0.0575371379089196,0.0001917993547389
275,27.4921,0.1171,23.371035,0.09954671,25.34,1.6057726983423013,0.0575371379089196,0.0001917993547389
275,15.59988,2.2988832,12.886093,2.0972402,22.25,1.0472670830794444,0.0575371379089196,0.0001917993547389
277,10.088,,7.7263994,,178.34,1.3558774048757611,0.0260580271168796,0.0002001384571189
277,9.5929,,7.3472023,,178.34,1.09741195909358,0.0260580271168796,0.0002001384571189
277,9.2255,,7.0658107,,178.34,1.1297853795515025,0.0260580271168796,0.0002001384571189
277,10.0906,0.0219,7.7283907,0.01677321,178.34,1.7319443692299963,0.0260580271168796,0.0002001384571189
277,12.5539,0.0263,9.615032,0.02014317,178.34,1.4818959050670735,0.0260580271168796,0.0002001384571189
277,15.3573,0.0351,11.7621565,0.02688309,178.34,1.774590413251106,0.0260580271168796,0.0002001384571189
277,18.6433,0.0397,14.278903,0.03040623,178.34,1.2169125367187446,0.0260580271168796,0.0002001384571189
277,22.4537,0.0337,17.197289,0.02581083,178.34,1.3374375733539767,0.0260580271168796,0.0002001384571189
277,26.9045,0.0424,20.606157,0.03247416,178.34,1.2871154199164216,0.0260580271168796,0.0002001384571189
277,32.2118,0.0567,24.671017,0.04342653,178.34,0.907287057523727,0.0260580271168796,0.0002001384571189
277,37.8189,0.1468,28.965496,0.11243412,178.34,1.0367019945266034,0.0260580271168796,0.0002001384571189
277,43.5585,0.1853,33.361454,0.14192127,178.34,1.3276363606044823,0.0260580271168796,0.0002001384571189
277,27.297398,6.914004,24.610546,7.0206447,170.0,0.8673743051330063,0.0260580271168796,0.0002001384571189
278,,,,,,,0.0380096286478294,0.0002064761800174
279,43.869,,11.2962675,,46.26,0.9238436819433709,0.0077033292145061,5.003461428e-06
279,40.929,,10.539218,,46.26,0.9979807464169071,0.0077033292145061,5.003461428e-06
279,37.505,,9.657537,,46.26,1.5653212239386365,0.0077033292145061,5.003461428e-06
279,68.7752,0.0767,17.709614,0.01975025,46.26,0.8969345417893138,0.0077033292145061,5.003461428e-06
279,78.7691,0.0979,20.283043,0.02520925,46.26,1.7002780996154094,0.0077033292145061,5.003461428e-06
279,88.3072,0.0735,22.739103,0.01892625,46.26,1.5257009707225357,0.0077033292145061,5.003461428e-06
279,97.3036,0.0937,25.055677,0.02412775,46.26,0.868620857108859,0.0077033292145061,5.003461428e-06
279,106.2712,0.1199,27.364834,0.03087425,46.26,1.491847061285653,0.0077033292145061,5.003461428e-06
279,115.0733,0.1316,29.631374,0.033887,46.26,1.431628542171318,0.0077033292145061,5.003461428e-06
279,124.0663,0.0954,31.947073,0.0245655,46.26,1.5573494327399187,0.0077033292145061,5.003461428e-06
279,133.3845,0.1834,34.346508,0.0472255,46.26,1.628197852489336,0.0077033292145061,5.003461428e-06
279,143.0085,0.2616,36.824688,0.067362,46.26,1.518350563173155,0.0077033292145061,5.003461428e-06
279,98.65549,4.3160906,21.883726,1.8321147,46.14,1.386176295270972,0.0077033292145061,5.003461428e-06
280,15.58,,4.917048,,165.56,1.1224633185817776,0.0349611863818135,0.0001117439718914
280,14.551,,4.5922956,,165.56,1.4972736618299292,0.0349611863818135,0.0001117439718914
280,13.482,,4.254919,,165.56,1.7569715846307794,0.0349611863818135,0.0001117439718914
280,17.9269,0.1334,5.6577296,0.04210104,165.56,1.3875217805288744,0.0349611863818135,0.0001117439718914
280,21.5322,0.2255,6.7955623,0.0711678,165.56,1.464344868434254,0.0349611863818135,0.0001117439718914
280,24.5835,0.1848,7.7585526,0.05832288,165.56,1.2371280421998008,0.0349611863818135,0.0001117439718914
280,27.6119,0.2144,8.714315,0.06766464,165.56,1.5561208097430743,0.0349611863818135,0.0001117439718914
280,30.9466,0.3254,9.7667465,0.10269624,165.56,1.797667392338636,0.0349611863818135,0.0001117439718914
280,35.6918,0.2109,11.264332,0.06656004,165.56,0.9603893240677361,0.0349611863818135,0.0001117439718914
280,41.749,0.2745,13.175984,0.0866322,165.56,1.0024052795037623,0.0349611863818135,0.0001117439718914
280,48.6826,0.3363,15.364228,0.10613628,165.56,1.3394377586643895,0.0349611863818135,0.0001117439718914
280,56.5674,0.3988,17.85267,0.12586129,165.56,1.2813753972616584,0.0349611863818135,0.0001117439718914
280,36.067932,2.574534,9.552592,0.83612436,166.47,1.3715697845067187,0.0349611863818135,0.0001117439718914
281,18.669008,2.5362318,10.993127,1.6530899,12.1,0.8490740477242731,0.0383105034616981,9.6733590789e-06
282,15.442,,11.507379,,121.05,1.204276456330449,0.03789288121451,0.0001300899971273
282,14.261,,10.627297,,121.05,1.3829782620655608,0.03789288121451,0.0001300899971273
282,13.776,,10.265875,,121.05,1.3851913513049627,0.03789288121451,0.0001300899971273
282,6.9159,0.0245,5.1537285,0.0182574,121.05,1.4573339617683736,0.03789288121451,0.0001300899971273
282,10.5118,0.0461,7.8333936,0.03435372,121.05,1.5202160290026638,0.03789288121451,0.0001300899971273
282,14.4763,0.0711,10.787739,0.05298372,121.05,1.4415472033408565,0.03789288121451,0.0001300899971273
282,18.946,0.1278,14.118559,0.09523656,121.05,1.5902431553894352,0.03789288121451,0.0001300899971273
282,23.6772,0.139,17.644249,0.1035828,121.05,1.4247606346845916,0.03789288121451,0.0001300899971273
282,27.1318,0.1461,20.218616,0.10887372,121.05,1.3375076625372047,0.03789288121451,0.0001300899971273
282,29.8551,0.116,22.24802,0.0864432,121.05,1.406196428887811,0.03789288121451,0.0001300899971273
282,31.9466,0.1247,23.806606,0.09292644,121.05,0.9011933667533324,0.03789288121451,0.0001300899971273
282,33.8262,0.2183,25.207285,0.16267715,121.05,1.07315654072552,0.03789288121451,0.0001300899971273
283,9.6499,,6.0302224,,35.47,1.3273997806581312,0.033598577052929,9.3397945065e-06
283,8.9732,,5.6073527,,35.47,1.6729872154017071,0.033598577052929,9.3397945065e-06
283,8.7022,,5.438005,,35.47,1.4790515562879931,0.033598577052929,9.3397945065e-06
283,8.2057,0.0659,5.127742,0.04118091,35.47,0.8904080784718976,0.033598577052929,9.3397945065e-06
283,11.2186,0.118,7.0105033,0.0737382,35.47,1.3922749504444045,0.033598577052929,9.3397945065e-06
283,13.8952,0.1103,8.68311,0.06892647,35.47,1.021737987637099,0.033598577052929,9.3397945065e-06
283,16.4873,0.1328,10.302914,0.08298672,35.47,1.534016559788723,0.033598577052929,9.3397945065e-06
283,18.5772,0.1126,11.608892,0.07036374,35.47,1.6274408525087471,0.033598577052929,9.3397945065e-06
283,20.3532,0.0703,12.718715,0.04393047,35.47,1.3934562725899733,0.033598577052929,9.3397945065e-06
283,22.2907,0.1308,13.929459,0.08173692,35.47,1.3913626097517098,0.033598577052929,9.3397945065e-06
283,24.5279,0.128,15.327485,0.0799872,35.47,1.1385914432108142,0.033598577052929,9.3397945065e-06
283,27.3524,0.1413,17.092514,0.08829837,35.47,1.2462500211613095,0.033598577052929,9.3397945065e-06
283,17.993732,2.6516545,11.511217,1.8515986,39.6,1.6641083538153456,0.033598577052929,9.3397945065e-06
284,,,,,,,0.0357747492100018,0.0002064761800174
285,,,,,,,0.006301025758293,0.0002134810209268
286,21.092169,3.2539566,14.491764,2.4103992,16.5,1.168232386248371,0.0138529168735792,4.03612567914e-05
287,11.097,,3.9849327,,158.84,0.8503797382885544,0.0303443257401758,2.80193827242e-05
287,10.556,,3.7906597,,158.84,0.9430074013263852,0.0303443257401758,2.80193827242e-05
287,10.238,,3.6764657,,158.84,0.9930251895393707,0.0303443257401758,2.80193827242e-05
287,16.1144,0.126,5.786681,0.0452466,158.84,1.1733835432586748,0.0303443257401758,2.80193827242e-05
287,18.6641,0.1362,6.702278,0.04890942,158.84,1.7441436470762746,0.0303443257401758,2.80193827242e-05
287,21.8274,0.1469,7.838219,0.05275179,158.84,1.3051533948587486,0.0303443257401758,2.80193827242e-05
287,24.7943,0.2283,8.903633,0.08198253,158.84,1.034840163259231,0.0303443257401758,2.80193827242e-05
287,28.0845,0.2012,10.085144,0.07225092,158.84,0.9057501374615141,0.0303443257401758,2.80193827242e-05
287,31.4095,0.186,11.279152,0.0667926,158.84,1.138305524602964,0.0303443257401758,2.80193827242e-05
287,35.5749,0.1929,12.774946,0.06927039,158.84,1.6157306355510568,0.0303443257401758,2.80193827242e-05
287,39.2251,0.1887,14.085733,0.06776217,158.84,1.183342793410508,0.0303443257401758,2.80193827242e-05
287,43.0079,0.2964,15.444137,0.10643724,158.84,1.5725058060224135,0.0303443257401758,2.80193827242e-05
287,24.161354,4.7288537,7.9455004,1.6960342,158.0,1.602704976126879,0.0303443257401758,2.80193827242e-05
288,11.348,,10.391363,,145.08,0.9108207696987042,0.0206829752868566,6.671282003e-07
288,10.749,,9.842859,,145.08,1.4086597526267837,0.0206829752868566,6.671282003e-07
288,10.374,,9.499472,,145.08,1.7590960633711108,0.0206829752868566,6.671282003e-07
288,13.0675,0.0174,11.96591,0.01593318,145.08,1.202138074903554,0.0206829752868566,6.671282003e-07
288,16.0569,0.021,14.703303,0.0192297,145.08,0.8509440890030223,0.0206829752868566,6.671282003e-07
288,18.688,0.0203,17.112602,0.01858871,145.08,1.7233026902578787,0.0206829752868566,6.671282003e-07
288,21.3198,0.0232,19.522541,0.02124424,145.08,1.683666281572483,0.0206829752868566,6.671282003e-07
288,24.0094,0.0367,21.985407,0.03360619,145.08,1.3221414472090018,0.0206829752868566,6.671282003e-07
288,26.8521,0.0367,24.588469,0.03360619,145.08,1.3522531203440096,0.0206829752868566,6.671282003e-07
288,29.8224,0.0647,27.308372,0.05924579,145.08,1.011741102776125,0.0206829752868566,6.671282003e-07
288,32.4782,0.082,29.740288,0.0750874,145.08,1.6194507555446374,0.0206829752868566,6.671282003e-07
288,35.2143,0.116,32.245735,0.1062212,145.08,1.2986000383921263,0.0206829752868566,6.671282003e-07
288,27.804895,2.9450643,24.050343,3.1676967,162.0,0.8338777951425566,0.0206829752868566,6.671282003e-07
289,12.823,,3.137788,,109.19,1.4830149564489978,,
289,12.892,,3.1546724,,109.19,1.750496269802706,,
289,11.324,,2.7709827,,109.19,1.6291504903457503,,
289,16.243,0.1968,3.974662,0.04815696,109.19,1.0771981402105397,,
289,18.4726,0.2973,4.520245,0.07274931,109.19,0.8533250849333407,,
289,20.6308,0.1316,5.0483565,0.03220252,109.19,1.7403514125381805,,
289,22.6698,0.1749,5.5473,0.04279803,109.19,1.7370627248797015,,
289,24.0266,0.2137,5.879309,0.05229239,109.19,1.3324153197128694,,
289,26.5994,0.1981,6.508873,0.04847507,109.19,1.4423174116715352,,
289,28.9956,0.2058,7.0952234,0.05035926,109.19,1.2626000607108083,,
289,32.5108,0.3372,7.955393,0.08251284,109.19,1.2197653670987587,,
289,35.3706,0.2151,8.655186,0.05263497,109.19,0.9194484359287004,,
289,20.99526,2.1754518,7.196499,1.4921778,109.0,0.8967528983610961,,
290,13.87,,10.091812,,20.11,1.0327321466761874,0.0325992190237154,6.67128190396e-05
290,13.364,,9.723646,,20.11,1.6366407464065444,0.0325992190237154,6.67128190396e-05
290,12.682,,9.227424,,20.11,0.94583230073568,0.0325992190237154,6.67128190396e-05
290,17.9139,0.0188,13.034154,0.01367888,20.11,1.0266986519147108,0.0325992190237154,6.67128190396e-05
290,22.5431,0.0251,16.402359,0.01826276,20.11,1.3486140593222076,0.0325992190237154,6.67128190396e-05
290,27.9068,0.0387,20.304987,0.02815812,20.11,1.0151312180782743,0.0325992190237154,6.67128190396e-05
290,33.9098,0.0342,24.67277,0.02488392,20.11,0.9632066847177871,0.0325992190237154,6.67128190396e-05
290,40.5771,0.04,29.523897,0.029104,20.11,1.3633162416979623,0.0325992190237154,6.67128190396e-05
290,47.9746,0.0585,34.90632,0.0425646,20.11,1.1680932709966156,0.0325992190237154,6.67128190396e-05
290,56.2413,0.0841,40.92117,0.06119116,20.11,1.4261592858404692,0.0325992190237154,6.67128190396e-05
290,65.1828,0.1614,47.427006,0.11743464,20.11,1.7122053404086763,0.0325992190237154,6.67128190396e-05
290,73.9327,0.1635,53.793434,0.1189626,20.11,0.9509931314350677,0.0325992190237154,6.67128190396e-05
290,43.663773,6.8366895,31.631607,5.4737415,14.0,1.713433659813064,0.0325992190237154,6.67128190396e-05
291,4.4733,,2.2661738,,158.5,1.7024899674229186,0.0372114097680202,0.0001671156066045
291,3.8346,,1.9426084,,158.5,1.6290875833359029,0.0372114097680202,0.0001671156066045
291,3.4583,,1.7519748,,158.5,1.4312859173060852,0.0372114097680202,0.0001671156066045
291,6.1732,0.0216,3.1273432,0.01094256,158.5,1.4201466574655475,0.0372114097680202,0.0001671156066045
291,7.5108,0.0334,3.8049712,0.01692044,158.5,1.4392126599365016,0.0372114097680202,0.0001671156066045
291,8.9583,0.0342,4.538275,0.01732572,158.5,1.4904955512178133,0.0372114097680202,0.0001671156066045
291,10.4547,0.0379,5.296351,0.01920014,158.5,0.8164822005961571,0.0372114097680202,0.0001671156066045
291,11.8679,0.0537,6.012278,0.02720442,158.5,1.7580925791606496,0.0372114097680202,0.0001671156066045
291,13.2641,0.0566,6.719593,0.02867356,158.5,1.3856037614655798,0.0372114097680202,0.0001671156066045
291,14.7922,0.0515,7.4937286,0.0260899,158.5,1.5814658394024217,0.0372114097680202,0.0001671156066045
291,16.4339,0.1038,8.325414,0.05258508,158.5,1.1772818390613633,0.0372114097680202,0.0001671156066045
291,18.2019,0.068,9.221083,0.0344488,158.5,0.812397213915796,0.0372114097680202,0.0001671156066045
291,12.856456,1.8945973,6.1111264,0.96180797,159.6,1.3097346598764439,0.0372114097680202,0.0001671156066045
292,16.245,,9.123192,,28.7,1.307190119315929,0.0396394228169676,0.0001491031530985
292,14.92,,8.379072,,28.7,1.236989288311452,0.0396394228169676,0.0001491031530985
292,14.196,,7.9724736,,28.7,1.1397170541620767,0.0396394228169676,0.0001491031530985
292,14.1482,0.0907,7.945629,0.05093712,28.7,1.049826087809722,0.0396394228169676,0.0001491031530985
292,19.1589,0.1443,10.759638,0.08103888,28.7,1.3275448744971827,0.0396394228169676,0.0001491031530985
292,24.1933,0.1712,13.586957,0.09614592,28.7,1.1752781396934942,0.0396394228169676,0.0001491031530985
292,28.7938,0.1383,16.170599,0.07766928,28.7,1.7699318830498088,0.0396394228169676,0.0001491031530985
292,33.349,0.1552,18.728798,0.08716032,28.7,0.9729273077669315,0.0396394228169676,0.0001491031530985
292,37.2823,0.1099,20.93774,0.06171984,28.7,1.119665567627087,0.0396394228169676,0.0001491031530985
292,41.4543,0.202,23.280735,0.1134432,28.7,1.093960470924571,0.0396394228169676,0.0001491031530985
292,45.5,0.2038,25.5528,0.11445408,28.7,1.343309176235957,0.0396394228169676,0.0001491031530985
292,48.9914,0.1783,27.51357,0.10013328,28.7,1.299280256974148,0.0396394228169676,0.0001491031530985
292,28.715822,2.446463,15.350455,1.5398735,31.14,1.4437404654242731,0.0396394228169676,0.0001491031530985
293,8.1274,,2.847841,,73.01,1.750001770574208,0.0243615201287018,5.03681796474e-05
293,9.5429,,3.3438323,,73.01,1.0852210854938673,0.0243615201287018,5.03681796474e-05
293,10.2,,3.57408,,73.01,1.4927715692549965,0.0243615201287018,5.03681796474e-05
293,17.0965,0.1255,5.9906135,0.0439752,73.01,0.8250402030051837,0.0243615201287018,5.03681796474e-05
293,20.0544,0.1623,7.027062,0.05686992,73.01,1.0623884727336246,0.0243615201287018,5.03681796474e-05
293,22.9229,0.1878,8.032185,0.06580512,73.01,1.2637197279965928,0.0243615201287018,5.03681796474e-05
293,26.2592,0.2608,9.201223,0.09138432,73.01,0.8309947884811345,0.0243615201287018,5.03681796474e-05
293,29.3651,0.1951,10.289531,0.06836304,73.01,1.4176694605536388,0.0243615201287018,5.03681796474e-05
293,33.6736,0.2923,11.79923,0.10242192,73.01,1.4783106084017081,0.0243615201287018,5.03681796474e-05
293,38.9591,0.2417,13.651269,0.08469168,73.01,1.5467317148380468,0.0243615201287018,5.03681796474e-05
293,44.6337,0.4066,15.639648,0.14247264,73.01,1.3165745048430124,0.0243615201287018,5.03681796474e-05
293,50.6354,0.4125,17.742643,0.14454,73.01,1.4039446649786267,0.0243615201287018,5.03681796474e-05
293,33.275246,3.677716,11.069328,1.5447116,74.0,1.1960652512784873,0.0243615201287018,5.03681796474e-05
294,7.7437,,5.542166,,151.25,0.8412530325065626,0.0287999239794084,0.0002134810209268
294,6.7617,,4.839349,,151.25,0.8999518557745131,0.0287999239794084,0.0002134810209268
294,6.2801,,4.4946675,,151.25,1.454995924201464,0.0287999239794084,0.0002134810209268
294,11.2121,0.0242,8.0245,0.01731994,151.25,1.7955552995857764,0.0287999239794084,0.0002134810209268
294,13.8182,0.0392,9.889686,0.02805544,151.25,0.8158032391632962,0.0287999239794084,0.0002134810209268
294,16.7257,0.0385,11.970584,0.02755445,151.25,1.3575834968263827,0.0287999239794084,0.0002134810209268
294,19.933,0.0573,14.266048,0.04100961,151.25,1.551008752882558,0.0287999239794084,0.0002134810209268
294,23.4099,0.0369,16.754465,0.02640933,151.25,1.6267748280138787,0.0287999239794084,0.0002134810209268
294,27.1084,0.0606,19.401482,0.04337142,151.25,1.3452049012226401,0.0287999239794084,0.0002134810209268
294,31.1386,0.0923,22.285896,0.06605911,151.25,1.419915980184105,0.0287999239794084,0.0002134810209268
294,35.3782,0.1099,25.320177,0.07865543,151.25,1.4967249452745535,0.0287999239794084,0.0002134810209268
294,39.87,0.2317,28.53496,0.16582769,151.25,1.6589662496934308,0.0287999239794084,0.0002134810209268
294,24.66728,3.0103211,15.31515,2.1138082,148.03,0.9222895372028187,0.0287999239794084,0.0002134810209268
295,10.973,,6.761563,,23.53,1.7261821962748636,0.0258478817369048,2.00138457119e-05
295,9.6041,,5.9180465,,23.53,0.82601740355157,0.0258478817369048,2.00138457119e-05
295,8.9228,,5.4982295,,23.53,1.6361997509577755,0.0258478817369048,2.00138457119e-05
295,10.474,0.0281,6.4540787,0.01731522,23.53,0.8767404265596973,0.0258478817369048,2.00138457119e-05
295,13.5534,0.04,8.351605,0.024648,23.53,0.9946282116049223,0.0258478817369048,2.00138457119e-05
295,17.0707,0.0434,10.518966,0.02674308,23.53,0.8038941463811327,0.0258478817369048,2.00138457119e-05
295,20.7024,0.0537,12.756819,0.03308994,23.53,1.2452567055360406,0.0258478817369048,2.00138457119e-05
295,24.4473,0.0597,15.064426,0.03678714,23.53,1.1343592267173923,0.0258478817369048,2.00138457119e-05
295,28.2044,0.0806,17.37955,0.04966572,23.53,0.9659929114870274,0.0258478817369048,2.00138457119e-05
295,31.8521,0.0788,19.627264,0.04855656,23.53,1.2510901608039062,0.0258478817369048,2.00138457119e-05
295,35.3608,0.1652,21.789326,0.10179624,23.53,1.202370883172184,0.0258478817369048,2.00138457119e-05
295,38.8866,0.2027,23.961924,0.12490374,23.53,1.5676610326987417,0.0258478817369048,2.00138457119e-05
295,18.49785,2.7259438,9.730188,1.5836097,25.5,1.6931303060700325,0.0258478817369048,2.00138457119e-05
296,15.134,,9.15153,,22.32,1.452567251767082,0.0266047386689094,1.60110772057e-05
296,13.132,,7.9409204,,22.32,0.9244103887265239,0.0266047386689094,1.60110772057e-05
296,11.703,,7.076804,,22.32,1.0953907947098507,0.0266047386689094,1.60110772057e-05
296,13.7365,0.0965,8.306461,0.05835355,22.32,1.7133182968322798,0.0266047386689094,1.60110772057e-05
296,17.9246,0.1279,10.839005,0.07734113,22.32,0.8887344930078892,0.0266047386689094,1.60110772057e-05
296,22.8951,0.1391,13.844667,0.08411377,22.32,1.2068558393908266,0.0266047386689094,1.60110772057e-05
296,28.5007,0.1592,17.234373,0.09626824,22.32,1.7425046192334812,0.0266047386689094,1.60110772057e-05
296,34.1938,0.1311,20.67699,0.07927617,22.32,1.7506648414694856,0.0266047386689094,1.60110772057e-05
296,39.9647,0.1482,24.166655,0.08961654,22.32,1.2112031770488925,0.0266047386689094,1.60110772057e-05
296,45.5635,0.1747,27.552248,0.10564109,22.32,1.4673968880987975,0.0266047386689094,1.60110772057e-05
296,51.008,0.1776,30.844538,0.10739472,22.32,1.256745598353999,0.0266047386689094,1.60110772057e-05
296,56.0335,0.2042,33.883457,0.12347974,22.32,1.5534605394363417,0.0266047386689094,1.60110772057e-05
296,26.676033,3.439735,16.987179,2.4317095,22.63,0.8315813306929986,0.0266047386689094,1.60110772057e-05
297,4.8816,,3.3360856,,34.87,0.9441571489213585,,
297,4.3954,,3.0038164,,34.87,1.4141988035435993,,
297,4.3078,,2.9439504,,34.87,1.0325522624430636,,
297,5.4389,0.0342,3.7169442,0.02337228,34.87,1.4660522992691485,,
297,7.1502,0.0356,4.8864465,0.02432904,34.87,1.1512229274612984,,
297,9.0695,0.0639,6.1980963,0.04366926,34.87,1.6866455581278215,,
297,11.1153,0.0906,7.596196,0.06191604,34.87,1.6192593855599866,,
297,13.1524,0.0767,8.98835,0.05241678,34.87,1.2928378000687824,,
297,15.1464,0.099,10.351049,0.0676566,34.87,1.572895087094858,,
297,17.2452,0.0877,11.78537,0.05993418,34.87,1.0711378862350904,,
297,19.3286,0.1048,13.209166,0.07162032,34.87,1.2942597768118627,,
297,21.772,0.1495,14.878984,0.1021683,34.87,0.9974820518632782,,
297,12.362926,1.7934014,8.262686,1.4197947,32.33,1.660886168520994,,
298,25.088,,16.334797,,47.45,1.6230676165684148,0.0148242555187962,1.0006923254e-06
298,24.839,,16.172672,,47.45,1.7021496684090014,0.0148242555187962,1.0006923254e-06
298,25.045,,16.306799,,47.45,1.6774769812242596,0.0148242555187962,1.0006923254e-06
298,6.4175,0.0686,4.1784344,0.04466546,47.45,1.7595962620594947,0.0148242555187962,1.0006923254e-06
298,11.7069,0.0735,7.6223626,0.04785585,47.45,1.028336231631926,0.0148242555187962,1.0006923254e-06
298,16.1476,0.086,10.513702,0.0559946,47.45,1.7318242907953154,0.0148242555187962,1.0006923254e-06
298,21.3442,0.0664,13.897208,0.04323304,47.45,1.3712131913519978,0.0148242555187962,1.0006923254e-06
298,26.7301,0.0866,17.403969,0.05638526,47.45,1.2224950839181523,0.0148242555187962,1.0006923254e-06
298,32.8054,0.1151,21.359596,0.07494161,47.45,1.360373895967873,0.0148242555187962,1.0006923254e-06
298,39.4556,0.1888,25.68954,0.12292768,47.45,1.1426023566502779,0.0148242555187962,1.0006923254e-06
298,45.2241,0.1724,29.445412,0.11224964,47.45,1.0885530069609521,0.0148242555187962,1.0006923254e-06
298,50.247,0.1829,32.71582,0.11908619,47.45,1.041314337977529,0.0148242555187962,1.0006923254e-06
298,25.711136,2.0128706,13.555678,1.2312372,48.0,0.8824279894571269,0.0148242555187962,1.0006923254e-06
299,8.5647,,6.9142823,,2.23,1.2965648971471875,,
299,8.2951,,6.6966343,,2.23,1.6877616757138876,,
299,8.0571,,6.504497,,2.23,1.4301519692743847,,
299,8.399,0.0392,6.780513,0.03164616,2.23,1.3209756327557736,,
299,10.9663,0.0476,8.853094,0.03842748,2.23,1.2285929182509165,,
299,12.9498,0.0447,10.454373,0.03608631,2.23,1.264401626317192,,
299,14.2119,0.0357,11.473267,0.02882061,2.23,1.009277347571951,,
299,15.4611,0.044,12.481746,0.0355212,2.23,1.6229358771930973,,
299,16.6691,0.0427,13.4569645,0.03447171,2.23,0.9983829632815281,,
299,17.89,0.0542,14.442597,0.04375566,2.23,1.5166227567273132,,
299,19.0466,0.0414,15.37632,0.03342222,2.23,1.5599850114961527,,
299,20.0355,0.0569,16.17466,0.04593537,2.23,1.3748690420277343,,
299,16.87024,1.8645678,11.943215,1.4520559,1.33,1.6629263749548286,,
300,21.783178,3.5110335,16.185318,2.9863334,125.1,1.09105035245065,0.0638308252571183,0.0002535087123506
301,15.207,,3.781981,,123.86,1.6816172212428633,0.0169073632933087,1.13411795548e-05
301,14.252,,3.5444725,,123.86,1.5294104595993043,0.0169073632933087,1.13411795548e-05
301,13.257,,3.297016,,123.86,1.5987498277617607,0.0169073632933087,1.13411795548e-05
301,15.4553,0.1534,3.843733,0.03815058,123.86,1.4645797095273143,0.0169073632933087,1.13411795548e-05
301,19.6903,0.2959,4.8969774,0.07359033,123.86,1.6463430169899693,0.0169073632933087,1.13411795548e-05
301,22.869,0.2409,5.6875205,0.05991183,123.86,1.793098862717636,0.0169073632933087,1.13411795548e-05
301,26.2376,0.2177,6.525291,0.05414199,123.86,1.2201628545246388,0.0169073632933087,1.13411795548e-05
301,29.8807,0.3019,7.43133,0.07508253,123.86,1.6139156837095703,0.0169073632933087,1.13411795548e-05
301,34.3312,0.2404,8.53817,0.05978748,123.86,1.5445797595180335,0.0169073632933087,1.13411795548e-05
301,40.6257,0.32,10.103612,0.079584,123.86,1.252870165712018,0.0169073632933087,1.13411795548e-05
301,47.1907,0.4235,11.736327,0.10532445,123.86,1.726948999732512,0.0169073632933087,1.13411795548e-05
301,53.0012,0.4504,13.181398,0.11201448,123.86,1.1944259295725947,0.0169073632933087,1.13411795548e-05
301,13.400508,3.23986,7.2798305,2.512911,128.92,1.3654659162762375,0.0169073632933087,1.13411795548e-05
302,13.524501,1.8061962,10.498355,1.5568842,69.82,0.9059423569909616,,
303,25.185,,15.357813,,93.53,1.0257751940662663,0.0165304358657348,6.671281904e-06
303,24.37,,14.860826,,93.53,1.6406961705337606,0.0165304358657348,6.671281904e-06
303,24.292,,14.813262,,93.53,1.1965527228288475,0.0165304358657348,6.671281904e-06
303,15.151,0.0378,9.239079,0.02305044,93.53,1.1940840894152582,0.0165304358657348,6.671281904e-06
303,21.3669,0.0626,13.029535,0.03817348,93.53,1.0459810181906204,0.0165304358657348,6.671281904e-06
303,29.1027,0.0923,17.746826,0.05628454,93.53,1.2916103342974545,0.0165304358657348,6.671281904e-06
303,37.2608,0.1166,22.721636,0.07110268,93.53,1.6058169613506226,0.0165304358657348,6.671281904e-06
303,45.5706,0.1268,27.788952,0.07732264,93.53,1.6951641177737398,0.0165304358657348,6.671281904e-06
303,53.8699,0.1249,32.849865,0.07616402,93.53,0.8701144320441839,0.0165304358657348,6.671281904e-06
303,62.4252,0.1698,38.066887,0.10354404,93.53,1.3748207312401155,0.0165304358657348,6.671281904e-06
303,71.8728,0.1629,43.828033,0.09933642,93.53,1.2672733678923347,0.0165304358657348,6.671281904e-06
303,81.1816,0.1714,49.50454,0.10451972,93.53,1.4142818504715784,0.0165304358657348,6.671281904e-06
303,43.163956,2.5841057,23.720358,2.0869563,96.79,1.247275686908269,0.0165304358657348,6.671281904e-06
304,26.737528,4.0633187,9.486833,1.5660964,111.5,1.1986448208534153,0.0175754921759906,0.0001400969199832
305,33.681,,16.678831,,130.34,1.2718807124294895,0.0103988606678023,4.3363330785e-06
305,32.557,,16.122227,,130.34,1.3819991287564142,0.0103988606678023,4.3363330785e-06
305,31.089,,15.395273,,130.34,1.300983211031777,0.0103988606678023,4.3363330785e-06
305,13.8323,0.0706,6.849755,0.03496112,130.34,1.272144451020646,0.0103988606678023,4.3363330785e-06
305,19.7394,0.1335,9.774951,0.0661092,130.34,1.617835309958081,0.0103988606678023,4.3363330785e-06
305,26.9933,0.1405,13.367083,0.0695756,130.34,1.5456479912378578,0.0103988606678023,4.3363330785e-06
305,35.2757,0.1288,17.468527,0.06378176,130.34,1.1413784941811929,0.0103988606678023,4.3363330785e-06
305,44.3364,0.1327,21.955385,0.06571304,130.34,1.6005771175153205,0.0103988606678023,4.3363330785e-06
305,54.1106,0.1894,26.795568,0.09379088,130.34,1.6536506690045,0.0103988606678023,4.3363330785e-06
305,64.1775,0.1715,31.780699,0.0849268,130.34,0.9534922053741905,0.0103988606678023,4.3363330785e-06
305,75.1139,0.1703,37.196404,0.08433256,130.34,1.382682461730759,0.0103988606678023,4.3363330785e-06
305,86.0076,0.3035,42.590965,0.1502932,130.34,1.085311993599214,0.0103988606678023,4.3363330785e-06
305,39.00509,3.4128761,22.809788,2.3890057,132.29,1.5391723219267226,0.0103988606678023,4.3363330785e-06
306,12.095,,6.9509964,,83.3,1.0387853293586833,0.02959380652598,3.53577953635e-05
306,11.64,,6.689508,,83.3,1.4714035241730319,0.02959380652598,3.53577953635e-05
306,11.492,,6.6044526,,83.3,1.055124656057634,0.02959380652598,3.53577953635e-05
306,12.1566,0.0845,6.986398,0.04856215,83.3,1.3111437634299432,0.02959380652598,3.53577953635e-05
306,15.5645,0.1191,8.944918,0.06844677,83.3,1.7486464679161922,0.02959380652598,3.53577953635e-05
306,19.374,0.1392,11.134238,0.07999824,83.3,1.1813075384564344,0.02959380652598,3.53577953635e-05
306,23.5639,0.1432,13.542173,0.08229704,83.3,1.6757384859632078,0.02959380652598,3.53577953635e-05
306,27.9987,0.133,16.090853,0.0764351,83.3,1.7869445812038947,0.02959380652598,3.53577953635e-05
306,32.7588,0.1149,18.826483,0.06603303,83.3,1.6748508488051632,0.02959380652598,3.53577953635e-05
306,37.59,0.1665,21.602974,0.09568755,83.3,0.9658660297233429,0.02959380652598,3.53577953635e-05
306,42.4249,0.2099,24.38159,0.12062953,83.3,1.6196582195351632,0.02959380652598,3.53577953635e-05
306,47.3893,0.2765,27.23463,0.15890455,83.3,0.8321493951005613,0.02959380652598,3.53577953635e-05
306,22.239307,2.970058,13.712646,2.033557,80.0,1.193301883699308,0.02959380652598,3.53577953635e-05
307,336.84,,130.39076,,166.28,1.670733373317864,0.0102204038768713,0.0001681163090697
307,344.86,,133.4953,,166.28,1.4887522127599198,0.0102204038768713,0.0001681163090697
307,256.88,,99.43825,,166.28,1.3327404273378782,0.0102204038768713,0.0001681163090697
307,23.8042,0.2862,9.214606,0.11078802,166.28,1.1878640250826207,0.0102204038768713,0.0001681163090697
307,28.6,0.3438,11.07106,0.13308498,166.28,1.612296946470286,0.0102204038768713,0.0001681163090697
307,36.1395,0.4773,13.9896,0.18476284,166.28,1.5095584039482208,0.0102204038768713,0.0001681163090697
307,47.2687,0.3971,18.297714,0.15371741,166.28,1.2684053196156735,0.0102204038768713,0.0001681163090697
307,61.3112,0.4143,23.733566,0.16037554,166.28,1.6924843372096599,0.0102204038768713,0.0001681163090697
307,75.3283,0.5478,29.159584,0.21205337,166.28,1.0299480178186324,0.0102204038768713,0.0001681163090697
307,88.9409,0.6225,34.429024,0.24096975,166.28,0.9703915091586249,0.0102204038768713,0.0001681163090697
307,46.144638,7.118881,17.869864,3.5151095,166.66,1.4428037643335816,0.0102204038768713,0.0001681163090697
308,6.0753,,5.650029,,128.14,1.7719943427017704,0.0392988538757702,0.0001307571278626
308,6.0131,,5.592183,,128.14,1.0472565733067705,0.0392988538757702,0.0001307571278626
308,6.1055,,5.678115,,128.14,1.0496703789338264,0.0392988538757702,0.0001307571278626
308,7.74,0.0439,7.1982,0.040827,128.14,0.93949884796219,0.0392988538757702,0.0001307571278626
308,9.719,0.0621,9.03867,0.057753,128.14,1.6605635552736322,0.0392988538757702,0.0001307571278626
308,11.3313,0.0551,10.538109,0.051243,128.14,1.0263975404113341,0.0392988538757702,0.0001307571278626
308,12.7214,0.0707,11.830902,0.065751,128.14,1.3031785267248879,0.0392988538757702,0.0001307571278626
308,13.9559,0.0951,12.978987,0.088443,128.14,1.7908724780022047,0.0392988538757702,0.0001307571278626
308,15.1096,0.1237,14.051928,0.115041,128.14,0.8121409009220436,0.0392988538757702,0.0001307571278626
308,16.6654,0.2087,15.498822,0.194091,128.14,1.3564860905107943,0.0392988538757702,0.0001307571278626
308,18.889,0.15,17.56677,0.1395,128.14,1.3122890427049458,0.0392988538757702,0.0001307571278626
308,20.1542,0.1402,18.743406,0.130386,128.14,1.6074473764101547,0.0392988538757702,0.0001307571278626
309,67.645,,16.153625,,122.49,1.1552815395527771,0.0158979983412391,1.0340486633e-05
309,60.464,,14.438804,,122.49,1.2103413588990417,0.0158979983412391,1.0340486633e-05
309,41.606,,9.935513,,122.49,0.9679379805988637,0.0158979983412391,1.0340486633e-05
309,14.2584,0.204,3.404906,0.0487152,122.49,1.5408152316357868,0.0158979983412391,1.0340486633e-05
309,17.9342,0.2222,4.282687,0.05306136,122.49,1.5847089091881483,0.0158979983412391,1.0340486633e-05
309,22.9424,0.2695,5.4786453,0.0643566,122.49,0.9366633207788303,0.0158979983412391,1.0340486633e-05
309,28.77,0.2816,6.870276,0.06724608,122.49,1.1934570739883217,0.0158979983412391,1.0340486633e-05
309,34.8645,0.3582,8.325643,0.08553816,122.49,1.692904995362683,0.0158979983412391,1.0340486633e-05
309,39.5212,0.3132,9.437662,0.07479216,122.49,0.8027072736757872,0.0158979983412391,1.0340486633e-05
309,25.829813,2.973767,6.563285,0.88907367,134.01,1.0987590706226324,0.0158979983412391,1.0340486633e-05
310,6.9213,,2.928402,,102.47,1.3550422850525479,0.0291054686906099,6.671281904e-06
310,6.942,,2.9371603,,102.47,1.1340938596599535,0.0291054686906099,6.671281904e-06
310,6.6757,,2.8244886,,102.47,1.0720451891776694,0.0291054686906099,6.671281904e-06
310,10.035,0.1262,4.2458086,0.05339522,102.47,1.2600374849032128,0.0291054686906099,6.671281904e-06
310,12.328,0.1424,5.2159767,0.06024944,102.47,0.9815231081096938,0.0291054686906099,6.671281904e-06
310,14.075,0.1468,5.9551325,0.06211108,102.47,1.329625240959484,0.0291054686906099,6.671281904e-06
310,15.3378,0.1613,6.4894233,0.06824603,102.47,1.5066959213132258,0.0291054686906099,6.671281904e-06
310,16.602,0.1118,7.0243063,0.04730258,102.47,1.375294952628502,0.0291054686906099,6.671281904e-06
310,17.8391,0.1909,7.5477233,0.08076979,102.47,0.893109330858531,0.0291054686906099,6.671281904e-06
310,19.0075,0.1741,8.042073,0.07366171,102.47,1.6444086141655734,0.0291054686906099,6.671281904e-06
310,20.7269,0.1745,8.769551,0.07383095,102.47,0.9749778374874882,0.0291054686906099,6.671281904e-06
310,22.6949,0.1961,9.602212,0.08296991,102.47,1.5648120006111288,0.0291054686906099,6.671281904e-06
310,18.972355,4.936457,8.2817335,2.4049375,104.34,1.1605651107758503,0.0291054686906099,6.671281904e-06
311,12.824,,4.257568,,118.03,1.5827613480561022,0.0278993009223734,0.0002968720447264
311,11.712,,3.888384,,118.03,1.0062729034053457,0.0278993009223734,0.0002968720447264
311,11.923,,3.958436,,118.03,0.9866621036954298,0.0278993009223734,0.0002968720447264
311,7.5506,0.0898,2.5067992,0.0298136,118.03,1.2970258462174824,0.0278993009223734,0.0002968720447264
311,10.4872,0.1588,3.4817505,0.0527216,118.03,0.8329360146983605,0.0278993009223734,0.0002968720447264
311,14.2493,0.2083,4.7307677,0.0691556,118.03,1.0252973387823334,0.0278993009223734,0.0002968720447264
311,18.5314,0.2515,6.152425,0.083498,118.03,1.5240122521843484,0.0278993009223734,0.0002968720447264
311,22.3898,0.341,7.4334135,0.113212,118.03,1.6373834783054255,0.0278993009223734,0.0002968720447264
311,25.8944,0.294,8.596941,0.097608,118.03,0.8807853639378105,0.0278993009223734,0.0002968720447264
311,28.6861,0.1936,9.523786,0.0642752,118.03,1.6820777094381043,0.0278993009223734,0.0002968720447264
311,30.9567,0.1686,10.277624,0.0559752,118.03,1.597517204053179,0.0278993009223734,0.0002968720447264
311,32.5229,0.134,10.797603,0.044488,118.03,1.6696842957069653,0.0278993009223734,0.0002968720447264
311,18.841751,2.7332382,6.23909,0.9904233,125.0,1.4984285545788398,0.0278993009223734,0.0002968720447264
312,25.825,,11.014362,,74.88,1.474153067293965,0.0125656930302095,2.26823591097e-05
312,24.01,,10.240265,,74.88,1.3250932333448637,0.0125656930302095,2.26823591097e-05
312,22.372,,9.541658,,74.88,1.4527872244913151,0.0125656930302095,2.26823591097e-05
312,28.9872,0.051,12.363041,0.0217515,74.88,1.7191096645666053,0.0125656930302095,2.26823591097e-05
312,36.4972,0.0825,15.566056,0.03518625,74.88,0.9005220014167085,0.0125656930302095,2.26823591097e-05
312,44.5318,0.0783,18.992813,0.03339495,74.88,1.1157644778460911,0.0125656930302095,2.26823591097e-05
312,52.3728,0.0871,22.337,0.03714815,74.88,0.8724549735958719,0.0125656930302095,2.26823591097e-05
312,59.6977,0.0954,25.46107,0.0406881,74.88,1.7448051719440385,0.0125656930302095,2.26823591097e-05
312,66.1328,0.1189,28.205639,0.05071085,74.88,1.245265465999388,0.0125656930302095,2.26823591097e-05
312,72.4713,0.1504,30.90901,0.0641456,74.88,1.4753444706761885,0.0125656930302095,2.26823591097e-05
312,78.268,0.1777,33.3813,0.07578905,74.88,1.6411200645043214,0.0125656930302095,2.26823591097e-05
312,83.8277,0.2099,35.752514,0.08952235,74.88,1.7910002480764886,0.0125656930302095,2.26823591097e-05
312,64.58345,4.9073935,25.358366,2.60408,72.67,0.9617824577922658,0.0125656930302095,2.26823591097e-05
313,17.988,,13.89573,,179.64,1.5995126057182287,0.0293039393272528,3.26892819656e-05
313,16.691,,12.893798,,179.64,1.6874228981367363,0.0293039393272528,3.26892819656e-05
313,15.755,,12.170737,,179.64,0.8488753768508757,0.0293039393272528,3.26892819656e-05
313,14.5437,0.0265,11.235008,0.02047125,179.64,1.5540905601855735,0.0293039393272528,3.26892819656e-05
313,19.0861,0.0291,14.744012,0.02247975,179.64,1.1547253211965502,0.0293039393272528,3.26892819656e-05
313,24.5193,0.0387,18.94116,0.02989575,179.64,1.448596791470432,0.0293039393272528,3.26892819656e-05
313,30.6867,0.0424,23.705475,0.032754,179.64,1.3140481960388648,0.0293039393272528,3.26892819656e-05
313,37.3996,0.0618,28.891191,0.0477405,179.64,1.0597422520866369,0.0293039393272528,3.26892819656e-05
313,44.6959,0.0886,34.527584,0.0684435,179.64,0.9352213620039861,0.0293039393272528,3.26892819656e-05
313,53.1278,0.1437,41.041225,0.11100825,179.64,0.9169472330892083,0.0293039393272528,3.26892819656e-05
313,62.2806,0.269,48.111763,0.2078025,179.64,0.9033228577084917,0.0293039393272528,3.26892819656e-05
313,72.0375,0.2951,55.648968,0.22796474,179.64,1.4377900401345778,0.0293039393272528,3.26892819656e-05
313,36.993145,3.3220148,26.799164,2.7630842,174.25,1.1514108513995382,0.0293039393272528,3.26892819656e-05
314,8.4675,,6.357399,,157.39,1.0166334382058726,0.0161508399253993,1.23418716814e-05
314,8.4497,,6.3440347,,157.39,1.491885092705903,0.0161508399253993,1.23418716814e-05
314,8.4098,,6.314078,,157.39,1.4868495657664669,0.0161508399253993,1.23418716814e-05
314,5.3143,0.0306,3.9899764,0.02297448,157.39,1.3391682923569976,0.0161508399253993,1.23418716814e-05
314,7.5905,0.0349,5.6989474,0.02620292,157.39,1.734957816865851,0.0161508399253993,1.23418716814e-05
314,9.77,0.0384,7.335316,0.02883072,157.39,1.1854142314414213,0.0161508399253993,1.23418716814e-05
314,11.9083,0.0357,8.940752,0.02680356,157.39,1.635862971269293,0.0161508399253993,1.23418716814e-05
314,14.143,0.0481,10.618565,0.03611348,157.39,0.8751394079321964,0.0161508399253993,1.23418716814e-05
314,16.4664,0.0465,12.362973,0.0349122,157.39,1.5398310940385045,0.0161508399253993,1.23418716814e-05
314,18.873,0.0597,14.169848,0.04482276,157.39,1.7884474138319302,0.0161508399253993,1.23418716814e-05
314,21.317,0.0764,16.004803,0.05736112,157.39,1.646598216287817,0.0161508399253993,1.23418716814e-05
314,23.8019,0.0987,17.870466,0.07410396,157.39,1.3796647193100595,0.0161508399253993,1.23418716814e-05
314,13.586927,1.9396735,11.833719,1.9535229,176.0,1.4267660643271607,0.0161508399253993,1.23418716814e-05
315,8.8398,,3.668517,,95.37,1.1532895494369468,,
315,8.3597,,3.4692755,,95.37,1.479485218258104,,
315,8.3898,,3.481767,,95.37,1.570395383181327,,
315,4.5008,0.093,1.867832,0.038595,95.37,1.798228481117854,,
315,7.3542,0.0911,3.051993,0.0378065,95.37,1.292462917000433,,
315,9.9304,0.1492,4.121116,0.061918,95.37,0.8613040657734423,,
315,12.316,0.1309,5.11114,0.0543235,95.37,1.3958579507309854,,
315,14.4208,0.2061,5.984632,0.0855315,95.37,0.9190241499821686,,
315,16.2137,0.1512,6.7286854,0.062748,95.37,1.0447650435561102,,
315,17.6999,0.1456,7.3454585,0.060424,95.37,1.1287799113057373,,
315,19.2581,0.1417,7.9921117,0.0588055,95.37,1.5310298731484107,,
315,21.1502,0.3138,8.777333,0.130227,95.37,0.9838081238785006,,
315,12.477319,2.1834867,6.747164,1.2479124,109.0,0.9657529468423526,,
316,,,,,,,0.0888281185512678,0.0002064761800174
317,31.054264,4.862346,12.738587,2.359879,36.97,1.6732399363538808,0.0263108687010398,0.0001501038428392
318,5.8252,,1.6491141,,135.73,1.4935054243560608,,
318,6.201,,1.755503,,135.73,0.8399464656176265,,
318,5.8834,,1.6655905,,135.73,0.8282923056381146,,
318,7.3645,0.0319,2.08489,0.00903089,135.73,1.3586742964750562,,
318,9.0509,0.0407,2.5623097,0.01152217,135.73,1.082534401286711,,
318,10.6014,0.0483,3.0012562,0.01367373,135.73,1.396726350431929,,
318,12.2094,0.0701,3.4564812,0.01984531,135.73,1.2346041756809654,,
318,13.7266,0.0704,3.8860004,0.01993024,135.73,1.7233125623102548,,
318,15.2416,0.0823,4.314897,0.02329913,135.73,1.087809014961368,,
318,16.9352,0.1075,4.794355,0.03043325,135.73,1.4791453684388935,,
318,18.7592,0.142,5.3107295,0.0402002,135.73,0.8540543116185992,,
318,20.5284,0.1856,5.81159,0.05254336,135.73,1.7558605341889253,,
318,12.6217985,2.3831468,5.809266,1.1925956,134.0,1.7807574679083522,,
319,13.209,,9.346688,,109.26,1.5390746290164126,0.0381740757467621,0.0002198187438254
319,12.399,,8.773533,,109.26,1.265212471563573,0.0381740757467621,0.0002198187438254
319,11.893,,8.415486,,109.26,1.0199934393272614,0.0381740757467621,0.0002198187438254
319,13.0918,0.0304,9.263758,0.02151104,109.26,1.6125163402479648,0.0381740757467621,0.0002198187438254
319,16.7023,0.0411,11.818547,0.02908236,109.26,1.5363540971470222,0.0381740757467621,0.0002198187438254
319,20.6988,0.0827,14.646471,0.05851852,109.26,1.0219540395609492,0.0381740757467621,0.0002198187438254
319,24.61,0.0835,17.414036,0.0590846,109.26,1.2512152941572658,0.0381740757467621,0.0002198187438254
319,28.6349,0.1083,20.262054,0.07663308,109.26,1.2627989378167852,0.0381740757467621,0.0002198187438254
319,32.6261,0.0755,23.086227,0.0534238,109.26,1.626410549972709,0.0381740757467621,0.0002198187438254
319,36.2556,0.0786,25.654463,0.05561736,109.26,1.4838446843340765,0.0381740757467621,0.0002198187438254
319,39.5439,0.1414,27.981264,0.10005464,109.26,1.443167543540055,0.0381740757467621,0.0002198187438254
319,42.8524,0.1444,30.32236,0.10217744,109.26,1.4498274225632786,0.0381740757467621,0.0002198187438254
319,29.1153,2.6145778,19.01609,2.0283916,101.06,1.070470079382479,0.0381740757467621,0.0002198187438254
320,14.169,,12.127247,,134.89,1.171711259829534,0.0286331419318093,5.43709449724e-05
320,13.511,,11.564065,,134.89,0.8456622854367062,0.0286331419318093,5.43709449724e-05
320,13.104,,11.2157135,,134.89,1.5869411358121237,0.0286331419318093,5.43709449724e-05
320,18.3261,0.0179,15.685309,0.01532061,134.89,1.2329982151698138,0.0286331419318093,5.43709449724e-05
320,23.422,0.0255,20.04689,0.02182545,134.89,1.2382383570875737,0.0286331419318093,5.43709449724e-05
320,29.3625,0.0351,25.131363,0.03004209,134.89,1.0453562649336268,0.0286331419318093,5.43709449724e-05
320,35.9026,0.0464,30.729034,0.03971376,134.89,1.009427281459429,0.0286331419318093,5.43709449724e-05
320,42.8181,0.0664,36.64801,0.05683176,134.89,1.3878219295690293,0.0286331419318093,5.43709449724e-05
320,50.1762,0.0862,42.94581,0.07377858,134.89,1.0325530152036757,0.0286331419318093,5.43709449724e-05
320,58.3745,0.1691,49.962734,0.14473268,134.89,0.8642088515654645,0.0286331419318093,5.43709449724e-05
320,67.357,0.2791,57.650856,0.23888169,134.89,1.5675074159808984,0.0286331419318093,5.43709449724e-05
320,76.7708,0.262,65.70813,0.2242458,134.89,1.176469434406366,0.0286331419318093,5.43709449724e-05
320,39.821835,3.4843402,33.97201,3.558092,142.93,1.1802355838993046,0.0286331419318093,5.43709449724e-05
321,3.9834,,2.6358159,,5.31,1.2313182815157915,,
321,3.9838,,2.6360805,,5.31,1.6150448234080939,,
321,3.9397,,2.6068995,,5.31,1.1208368959398172,,
321,6.8721,0.0242,4.5472684,0.01601314,5.31,1.558036211257836,,
321,8.4475,0.0292,5.5897107,0.01932164,5.31,1.7395448407795433,,
321,10.1705,0.0309,6.72982,0.02044653,5.31,1.4608681959247996,,
321,11.9992,0.0513,7.939871,0.03394521,5.31,1.2316810811770247,,
321,13.8341,0.0461,9.154024,0.03050437,5.31,1.5477897231466646,,
321,15.709,0.0707,10.394646,0.04678219,5.31,1.2578973697513856,,
321,17.6702,0.0713,11.692371,0.04717921,5.31,1.214427271108141,,
321,19.583,0.0714,12.958071,0.04724538,5.31,1.3252831635726832,,
321,21.5425,0.1038,14.254672,0.06868446,5.31,1.1177223348092937,,
321,13.967583,1.9618545,10.767658,1.6746135,13.45,0.9042502162800012,,
322,45.616425,3.3611424,29.520332,2.565027,153.96,1.2148520055261653,0.0266517712063323,5.13688693881e-05
323,7.8707,,6.956125,,71.21,0.923856881129302,0.0252011009563155,8.33910238e-06
323,7.8122,,6.9044223,,71.21,1.2104414735554467,0.0252011009563155,8.33910238e-06
323,7.7248,,6.8271785,,71.21,1.3569337212134505,0.0252011009563155,8.33910238e-06
323,11.2734,0.0167,9.963431,0.01475946,71.21,1.7307111812056468,0.0252011009563155,8.33910238e-06
323,13.2818,0.0191,11.738455,0.01688058,71.21,0.8362223310453036,0.0252011009563155,8.33910238e-06
323,15.1948,0.0159,13.429164,0.01405242,71.21,1.4214584065019442,0.0252011009563155,8.33910238e-06
323,16.8822,0.0225,14.920488,0.0198855,71.21,1.2577351866500774,0.0252011009563155,8.33910238e-06
323,18.601,0.0286,16.439564,0.02527668,71.21,0.8202611282041392,0.0252011009563155,8.33910238e-06
323,20.4264,0.0337,18.052853,0.02978406,71.21,1.0495481759387204,0.0252011009563155,8.33910238e-06
323,22.3273,0.0439,19.732868,0.03879882,71.21,0.9184852523548016,0.0252011009563155,8.33910238e-06
323,24.2807,0.0742,21.459282,0.06557796,71.21,1.0167941457314447,0.0252011009563155,8.33910238e-06
323,26.3522,0.1328,23.290075,0.11736864,71.21,1.0745702434609181,0.0252011009563155,8.33910238e-06
323,17.065588,2.554173,15.244783,2.4202852,60.66,1.2013063353821964,0.0252011009563155,8.33910238e-06
324,9.1214,,2.437238,,59.52,1.3290393934888902,0.0375749946317862,0.0001501038428392
324,8.1641,,2.1814475,,59.52,0.8009899939263861,0.0375749946317862,0.0001501038428392
324,7.4042,,1.9784023,,59.52,0.9618693606287408,0.0375749946317862,0.0001501038428392
324,12.9544,0.0867,3.4614158,0.02316624,59.52,0.8935663856088008,0.0375749946317862,0.0001501038428392
324,15.3159,0.1086,4.0924087,0.02901792,59.52,1.3496733992627439,0.0375749946317862,0.0001501038428392
324,17.9583,0.133,4.7984576,0.0355376,59.52,1.1290748704012699,0.0375749946317862,0.0001501038428392
324,20.9297,0.1556,5.592416,0.04157632,59.52,1.3483977360347181,0.0375749946317862,0.0001501038428392
324,24.2967,0.1654,6.4920783,0.04419488,59.52,1.0218233021746779,0.0375749946317862,0.0001501038428392
324,27.6424,0.1758,7.3860493,0.04697376,59.52,0.8242293540875849,0.0375749946317862,0.0001501038428392
324,31.208,0.1989,8.338778,0.05314608,59.52,1.7413669012702468,0.0375749946317862,0.0001501038428392
324,34.2814,0.1276,9.15999,0.03409472,59.52,0.9083081211889941,0.0375749946317862,0.0001501038428392
324,38.0336,0.1657,10.162578,0.04427504,59.52,0.9268587479617169,0.0375749946317862,0.0001501038428392
324,28.12686,2.0724638,6.210424,0.5553127,58.62,0.9465468265101405,0.0375749946317862,0.0001501038428392
325,40.097866,3.1391773,32.81869,3.1891055,103.76,1.7812765239932729,0.0336315998983536,4.80332284361e-05
326,11.376,,6.393312,,43.47,1.417660240169996,0.0397841896342835,9.00623057035e-05
326,10.907,,6.129734,,43.47,1.4102899517038505,0.0397841896342835,9.00623057035e-05
326,10.698,,6.012276,,43.47,1.7866982015185298,0.0397841896342835,9.00623057035e-05
326,12.6421,0.028,7.1048603,0.015736,43.47,0.8884387692746548,0.0397841896342835,9.00623057035e-05
326,15.9395,0.0305,8.957999,0.017141,43.47,1.7745008925422892,0.0397841896342835,9.00623057035e-05
326,19.7153,0.0359,11.079999,0.0201758,43.47,1.004013146554041,0.0397841896342835,9.00623057035e-05
326,23.9211,0.0393,13.443658,0.0220866,43.47,1.4230715035620354,0.0397841896342835,9.00623057035e-05
326,28.6374,0.0516,16.09422,0.0289992,43.47,1.2200835653027917,0.0397841896342835,9.00623057035e-05
326,33.9744,0.0625,19.093613,0.035125,43.47,1.1839518134771783,0.0397841896342835,9.00623057035e-05
326,39.7156,0.0928,22.320168,0.0521536,43.47,1.7312433284794626,0.0397841896342835,9.00623057035e-05
326,46.1154,0.1107,25.916855,0.0622134,43.47,0.9492277284402565,0.0397841896342835,9.00623057035e-05
326,52.8867,0.202,29.722326,0.113524,43.47,1.7970690110762435,0.0397841896342835,9.00623057035e-05
326,28.12686,3.8211048,18.583233,2.7944508,37.5,1.1791250610915487,0.0397841896342835,9.00623057035e-05
327,5.7566,,5.217782,,65.86,1.4487749038885545,,
327,5.2225,,4.733674,,65.86,1.76790673148336,,
327,4.6737,,4.236242,,65.86,0.8576010503789748,,
327,7.7934,0.0183,7.0639377,0.01658712,65.86,1.7228643629251907,,
327,9.4558,0.0211,8.570737,0.01912504,65.86,1.3678113853543432,,
327,10.9267,0.0281,9.903961,0.02546984,65.86,1.5043968789774524,,
327,12.2788,0.034,11.129504,0.0308176,65.86,0.9491841838863484,,
327,13.2765,0.0275,12.033819,0.024926,65.86,1.3333874308310323,,
327,14.1831,0.0252,12.855562,0.02284128,65.86,1.4735137147252437,,
327,15.0939,0.0382,13.681111,0.03462448,65.86,1.2562473073876819,,
327,16.0458,0.0355,14.543913,0.0321772,65.86,0.9549851781060568,,
327,17.2137,0.0712,15.602498,0.06453568,65.86,1.0441190750855767,,
327,15.744224,1.8488731,12.650895,1.5957687,116.88,1.6543927909934986,,
328,12.921,,11.594013,,10.03,0.8344709928327628,0.0151785005878967,8.57259750108e-05
328,13.095,,11.750143,,10.03,1.5088620784408124,0.0151785005878967,8.57259750108e-05
328,13.125,,11.777062,,10.03,1.7993900365145268,0.0151785005878967,8.57259750108e-05
328,20.6523,0.0157,18.53131,0.01408761,10.03,0.8074829961067667,0.0151785005878967,8.57259750108e-05
328,24.0853,0.0151,21.61174,0.01354923,10.03,0.96104568281994,0.0151785005878967,8.57259750108e-05
328,27.7192,0.0177,24.872438,0.01588221,10.03,1.4741443008931345,0.0151785005878967,8.57259750108e-05
328,31.998,0.0246,28.711805,0.02207358,10.03,0.8599908345853483,0.0151785005878967,8.57259750108e-05
328,36.9375,0.0298,33.14402,0.02673954,10.03,1.389789983855859,0.0151785005878967,8.57259750108e-05
328,42.2277,0.0329,37.890915,0.02952117,10.03,1.4840001035610562,0.0151785005878967,8.57259750108e-05
328,47.4296,0.0444,42.55858,0.03984012,10.03,1.3881463481140703,0.0151785005878967,8.57259750108e-05
328,52.1178,0.0576,46.7653,0.05168448,10.03,1.1651847030210671,0.0151785005878967,8.57259750108e-05
328,56.3774,0.0755,50.58744,0.06774615,10.03,1.497282295986639,0.0151785005878967,8.57259750108e-05
329,13.502,,6.5646725,,60.3,1.3942944280138205,0.0239669138040824,2.30159228868e-05
329,11.863,,5.767791,,60.3,1.00763717209392,0.0239669138040824,2.30159228868e-05
329,11.508,,5.5951896,,60.3,1.3631355435851098,0.0239669138040824,2.30159228868e-05
329,13.3101,0.0949,6.4713707,0.04614038,60.3,1.6819072171389275,0.0239669138040824,2.30159228868e-05
329,16.4623,0.1506,8.00397,0.07322172,60.3,1.46683328569045,0.0239669138040824,2.30159228868e-05
329,20.3038,0.1862,9.871708,0.09053044,60.3,1.2717915073938473,0.0239669138040824,2.30159228868e-05
329,24.694,0.2189,12.006223,0.10642918,60.3,1.121584102869451,0.0239669138040824,2.30159228868e-05
329,29.9472,0.1887,14.5603285,0.09174594,60.3,0.8858862094375729,0.0239669138040824,2.30159228868e-05
329,35.2333,0.1805,17.13043,0.0877591,60.3,1.0446271327590289,0.0239669138040824,2.30159228868e-05
329,40.5393,0.2027,19.710207,0.09855274,60.3,0.8111867530868769,0.0239669138040824,2.30159228868e-05
329,45.8712,0.2061,22.302578,0.10020582,60.3,1.7866259175249644,0.0239669138040824,2.30159228868e-05
329,51.2819,0.1648,24.93326,0.08012576,60.3,1.02248225212874,0.0239669138040824,2.30159228868e-05
329,21.140793,2.8233514,8.874038,1.3250124,62.02,1.6148759426853727,0.0239669138040824,2.30159228868e-05
330,6.5041,,5.2468576,,13.25,0.9686448818049787,0.0237157400403982,0.000131090686868
330,6.407,,5.168527,,13.25,1.083601149605574,0.0237157400403982,0.000131090686868
330,6.7514,,5.4463544,,13.25,1.218277319228367,0.0237157400403982,0.000131090686868
330,10.2517,0.03,8.270046,0.024201,13.25,1.1244056641416051,0.0237157400403982,0.000131090686868
330,12.027,0.036,9.702181,0.0290412,13.25,1.5983508127598611,0.0237157400403982,0.000131090686868
330,13.8094,0.0442,11.140043,0.03565614,13.25,1.7576934080154232,0.0237157400403982,0.000131090686868
330,16.0191,0.0504,12.922608,0.04065768,13.25,1.6752944836508485,0.0237157400403982,0.000131090686868
330,18.3946,0.0727,14.838923,0.05864709,13.25,0.9535778669477566,0.0237157400403982,0.000131090686868
330,20.7276,0.0668,16.720955,0.05388756,13.25,1.5766886763492902,0.0237157400403982,0.000131090686868
330,23.0081,0.059,18.560635,0.0475953,13.25,0.9479469133047115,0.0237157400403982,0.000131090686868
330,25.0703,0.0677,20.22421,0.05461359,13.25,1.7133811065621014,0.0237157400403982,0.000131090686868
330,27.049,0.1016,21.820429,0.08196072,13.25,1.3178785756685785,0.0237157400403982,0.000131090686868
330,17.624681,7.2642365,14.064402,6.1562037,14.5,1.136381088056707,0.0237157400403982,0.000131090686868
331,14.532,,7.241296,,12.37,0.9570254973341928,0.0363528157869802,6.93813292563e-05
331,13.289,,6.6219087,,12.37,0.8118090881790047,0.0363528157869802,6.93813292563e-05
331,12.052,,6.0055118,,12.37,1.0479469916608848,0.0363528157869802,6.93813292563e-05
331,15.4807,0.0858,7.7140326,0.04275414,12.37,1.7140200632813118,0.0363528157869802,6.93813292563e-05
331,19.6705,0.1178,9.80181,0.05869974,12.37,1.5972621922722277,0.0363528157869802,6.93813292563e-05
331,24.938,0.1653,12.426605,0.08236899,12.37,1.7697937077507195,0.0363528157869802,6.93813292563e-05
331,31.4042,0.1759,15.648713,0.08765097,12.37,0.9007615211213731,0.0363528157869802,6.93813292563e-05
331,38.4856,0.149,19.177374,0.0742467,12.37,1.3921787435056694,0.0363528157869802,6.93813292563e-05
331,46.6351,0.1639,23.23827,0.08167137,12.37,1.0571504740307767,0.0363528157869802,6.93813292563e-05
331,55.2306,0.2138,27.521408,0.10653654,12.37,1.3429417057724073,0.0363528157869802,6.93813292563e-05
331,63.5539,0.2474,31.66891,0.12327942,12.37,1.120454885563455,0.0363528157869802,6.93813292563e-05
331,72.433,0.2137,36.093365,0.10648671,12.37,1.0834655502433574,0.0363528157869802,6.93813292563e-05
331,32.81869,2.7204418,17.828764,1.7992878,14.2,1.3738453020245975,0.0363528157869802,6.93813292563e-05
332,17.801,,13.359651,,52.29,0.9833181618695404,0.0034500534366344,5.3370256027e-06
332,18.872,,14.163436,,52.29,1.2691334369721168,0.0034500534366344,5.3370256027e-06
332,19.14,,14.36457,,52.29,1.4508122650440347,0.0034500534366344,5.3370256027e-06
332,8.5313,0.0283,6.4027405,0.02123915,52.29,0.9281820731828041,0.0034500534366344,5.3370256027e-06
332,15.0969,0.0288,11.330223,0.0216144,52.29,1.730594270876904,0.0034500534366344,5.3370256027e-06
332,20.17,0.0269,15.137585,0.02018845,52.29,1.305724699454125,0.0034500534366344,5.3370256027e-06
332,24.8547,0.0344,18.653452,0.0258172,52.29,1.6195279718843423,0.0034500534366344,5.3370256027e-06
332,29.6779,0.042,22.273264,0.031521,52.29,1.4539054306210635,0.0034500534366344,5.3370256027e-06
332,34.6609,0.0562,26.013006,0.0421781,52.29,1.5100009412225455,0.0034500534366344,5.3370256027e-06
332,40.0153,0.095,30.031483,0.0712975,52.29,1.516130940992838,0.0034500534366344,5.3370256027e-06
332,45.4317,0.1328,34.09649,0.0996664,52.29,1.6750998970614726,0.0034500534366344,5.3370256027e-06
332,50.449,0.2147,37.861973,0.16113235,52.29,1.4136054350469243,0.0034500534366344,5.3370256027e-06
332,28.649778,3.4303646,20.707193,2.8159516,54.67,1.0782171517213897,0.0034500534366344,5.3370256027e-06
333,3.1237,,2.610476,,23.29,0.8995096428654572,,
333,2.8074,,2.3461442,,23.29,1.4062506194501414,,
333,2.7894,,2.3311017,,23.29,0.8663528037705811,,
333,6.3216,0.0065,5.282961,0.00543205,23.29,1.0412934516895302,,
333,7.7782,0.0115,6.5002418,0.00961055,23.29,0.8607071846019118,,
333,9.6108,0.0147,8.031746,0.01228479,23.29,1.348887589006567,,
333,11.8203,0.0279,9.878224,0.02331603,23.29,0.9603381249428681,,
333,14.2181,0.0341,11.882066,0.02849737,23.29,1.4104073194334732,,
333,16.5454,0.0643,13.826991,0.05373551,23.29,1.5908651308632678,,
333,18.6879,0.0543,15.617478,0.04537851,23.29,1.6218807207718624,,
333,20.8398,0.0761,17.415821,0.06359677,23.29,1.1095435081376275,,
333,23.0237,0.1187,19.240906,0.09919759,23.29,1.348954532694496,,
333,14.525171,1.8394994,7.3641267,0.9923554,168.0,1.363010760086359,,
334,,,,,,,0.040614764231327,2.0347409489e-05
335,18.286106,3.7894785,4.593262,0.9968762,172.33,1.455113891424765,,
336,18.478,,7.8605413,,165.89,1.0100871238235336,0.03969412732858,0.0006327710784113
336,110.59,,47.044987,,165.89,1.7792432395867943,0.03969412732858,0.0006327710784113
336,110.48,,46.99819,,165.89,0.8980798270909325,0.03969412732858,0.0006327710784113
336,12.2856,0.0779,5.226294,0.03313866,165.89,1.6292211412031192,0.03969412732858,0.0006327710784113
336,15.6953,0.1347,6.6767807,0.05730138,165.89,1.394095986951188,0.03969412732858,0.0006327710784113
336,20.6139,0.2124,8.769153,0.09035496,165.89,1.044854747193716,0.03969412732858,0.0006327710784113
336,27.9299,0.224,11.881379,0.0952896,165.89,1.5456750006603,0.03969412732858,0.0006327710784113
336,37.8749,0.2316,16.111982,0.09852264,165.89,0.884480895677072,0.03969412732858,0.0006327710784113
336,49.7332,0.4281,21.156504,0.18211374,165.89,1.5744178344487831,0.03969412732858,0.0006327710784113
336,57.853,0.3526,24.610666,0.14999604,165.89,1.3899852222430136,0.03969412732858,0.0006327710784113
336,63.8475,0.2594,27.160727,0.11034876,165.89,0.9107503183964016,0.03969412732858,0.0006327710784113
336,68.8055,0.2526,29.26986,0.10745604,165.89,0.8795055630923703,0.03969412732858,0.0006327710784113
336,35.984978,3.645773,15.209722,1.8079464,168.47,1.5508363334364625,0.03969412732858,0.0006327710784113
337,7.0751,,5.49523,,27.76,1.092935906503837,0.0301271755142018,0.0001100761514154
337,6.2748,,4.873637,,27.76,1.6893018507672135,0.0301271755142018,0.0001100761514154
337,5.8496,,4.5433846,,27.76,1.562073021030176,0.0301271755142018,0.0001100761514154
337,8.9686,0.0104,6.9659114,0.00807768,27.76,1.498190244717716,0.0301271755142018,0.0001100761514154
337,11.2242,0.015,8.717836,0.0116505,27.76,1.078606052633451,0.0301271755142018,0.0001100761514154
337,13.8665,0.0206,10.77011,0.01600002,27.76,1.508944519021618,0.0301271755142018,0.0001100761514154
337,16.7976,0.0276,13.046696,0.02143692,27.76,1.748147684514834,0.0301271755142018,0.0001100761514154
337,20.0586,0.0386,15.5795145,0.02998062,27.76,0.891559834370569,0.0301271755142018,0.0001100761514154
337,23.6459,0.0334,18.36577,0.02594178,27.76,1.1261626420035662,0.0301271755142018,0.0001100761514154
337,27.4793,0.0415,21.343172,0.03223305,27.76,1.034672265461594,0.0301271755142018,0.0001100761514154
337,31.5801,0.0589,24.528263,0.04574763,27.76,1.1932501344006667,0.0301271755142018,0.0001100761514154
337,35.9063,0.103,27.888424,0.0800001,27.76,1.5423326548539464,0.0301271755142018,0.0001100761514154
337,21.58347,2.633982,17.38286,2.3807614,38.57,1.2742425814253866,0.0301271755142018,0.0001100761514154
338,8.335,,7.0222373,,147.47,1.3707306061202464,0.0366523563444681,1.0340486633e-05
338,8.349,,7.0340323,,147.47,1.1141548880783425,0.0366523563444681,1.0340486633e-05
338,8.5196,,7.177763,,147.47,0.9412892670871006,0.0366523563444681,1.0340486633e-05
338,2.3498,0.0264,1.9797065,0.022242,147.47,1.0669336489377286,0.0366523563444681,1.0340486633e-05
338,5.2775,0.0366,4.446294,0.0308355,147.47,1.6596803012419872,0.0366523563444681,1.0340486633e-05
338,8.1024,0.0528,6.826272,0.044484,147.47,1.4024169621534104,0.0366523563444681,1.0340486633e-05
338,10.5381,0.0405,8.878349,0.03412125,147.47,1.1779886731972338,0.0366523563444681,1.0340486633e-05
338,12.9579,0.0473,10.91703,0.03985025,147.47,1.5899059817355876,0.0366523563444681,1.0340486633e-05
338,14.7648,0.0672,12.439344,0.056616,147.47,0.8644574324549088,0.0366523563444681,1.0340486633e-05
338,16.456,0.0753,13.86418,0.06344025,147.47,1.0538910879223857,0.0366523563444681,1.0340486633e-05
338,17.9425,0.0959,15.116556,0.08079575,147.47,1.0301031540573393,0.0366523563444681,1.0340486633e-05
338,19.7199,0.1162,16.614016,0.0978985,147.47,1.7853645621682221,0.0366523563444681,1.0340486633e-05
338,13.369687,2.339648,11.094846,2.014315,127.5,1.5060985823927604,0.0366523563444681,1.0340486633e-05
339,5.3451,,2.2748744,,144.23,1.417785936388554,,
339,5.0761,,2.1603882,,144.23,0.8049849652944729,,
339,5.1476,,2.1908185,,144.23,0.9843100020898574,,
339,7.6773,0.1083,3.267459,0.04609248,144.23,1.4355412929730784,,
339,9.2985,0.1118,3.9574416,0.04758208,144.23,1.1797193264816657,,
339,10.6136,0.1125,4.517148,0.04788,144.23,1.7242803836790608,,
339,11.6041,0.0765,4.938705,0.0325584,144.23,1.564724219141758,,
339,12.6592,0.124,5.3877554,0.0527744,144.23,1.24738407280412,,
339,13.6448,0.1262,5.8072267,0.05371072,144.23,1.5495149775382706,,
339,14.5391,0.1415,6.187841,0.0602224,144.23,1.7754043238262216,,
339,15.3417,0.1449,6.5294275,0.06166944,144.23,1.2609808247014707,,
339,16.9041,0.2167,7.194385,0.09222752,144.23,1.4425258878885334,,
339,10.742893,1.5583948,6.041173,1.2393458,146.67,1.7186646150612952,,
340,24.208,,12.254089,,144.73,1.0486746620361733,,
340,25.149,,12.730424,,144.73,1.6865579136662783,,
340,25.397,,12.855962,,144.73,0.8975447067729827,,
340,5.5947,0.0389,2.8320372,0.01969118,144.73,1.4484481705876466,,
340,11.311,0.104,5.7256284,0.0526448,144.73,1.5828381550557844,,
340,19.0014,0.1062,9.618508,0.05375844,144.73,1.414606219252426,,
340,24.9745,0.1086,12.642092,0.05497332,144.73,1.2955348041525432,,
340,30.9643,0.1785,15.674129,0.0903567,144.73,1.417347099925686,,
340,37.2347,0.1644,18.848206,0.08321928,144.73,0.9516637087794446,,
340,43.2822,0.1971,21.90945,0.09977202,144.73,1.0155707103302185,,
340,27.423397,2.5257883,12.534911,1.3614508,144.6,1.069899343956342,,
341,8.1086,,2.4625819,,126.98,1.3977793406300383,0.0295597829882698,0.0001290893073866
341,7.4228,,2.2543044,,126.98,1.2419010737450704,0.0295597829882698,0.0001290893073866
341,7.0259,,2.133766,,126.98,1.0444758424858396,0.0295597829882698,0.0001290893073866
341,11.7,0.0824,3.55329,0.02502488,126.98,1.68280933214458,0.0295597829882698,0.0001290893073866
341,13.3885,0.114,4.0660872,0.0346218,126.98,1.1739218402932234,0.0295597829882698,0.0001290893073866
341,14.6617,0.0926,4.4527583,0.02812262,126.98,1.246031719229891,0.0295597829882698,0.0001290893073866
341,16.0816,0.1227,4.8839817,0.03726399,126.98,1.2097010765489946,0.0295597829882698,0.0001290893073866
341,17.3325,0.1457,5.2638803,0.04424909,126.98,0.9819429552767527,0.0295597829882698,0.0001290893073866
341,19.0743,0.1937,5.792865,0.05882669,126.98,1.5316270154302334,0.0295597829882698,0.0001290893073866
341,21.0748,0.207,6.400417,0.0628659,126.98,1.248458262268858,0.0295597829882698,0.0001290893073866
341,23.4575,0.2288,7.124043,0.06948656,126.98,0.8162571098927185,0.0295597829882698,0.0001290893073866
341,25.8475,0.2332,7.849886,0.07082284,126.98,1.764013702359797,0.0295597829882698,0.0001290893073866
341,19.103867,2.4633434,5.4591026,0.8045813,126.0,1.6157636115954137,0.0295597829882698,0.0001290893073866
342,7.0003743,1.8053232,5.716382,1.5164269,76.5,1.5235593540918033,0.0892083816197937,0.0002064761800174
343,15.402,,11.731704,,81.33,1.6690918705185291,0.0760592849870826,7.00484599916e-05
343,14.976,,11.407219,,81.33,1.7068072536055503,0.0760592849870826,7.00484599916e-05
343,14.606,,11.12539,,81.33,1.1374897063844387,0.0760592849870826,7.00484599916e-05
343,9.4963,0.0087,7.2333317,0.00662679,81.33,1.4109586784166988,0.0760592849870826,7.00484599916e-05
343,12.7834,0.0126,9.737116,0.00959742,81.33,1.4088078092055942,0.0760592849870826,7.00484599916e-05
343,16.4388,0.0152,12.521434,0.01157784,81.33,1.067299668810597,0.0760592849870826,7.00484599916e-05
343,20.4585,0.0183,15.58324,0.01393911,81.33,1.0219522514470674,0.0760592849870826,7.00484599916e-05
343,24.8393,0.0235,18.920095,0.01789995,81.33,0.9139072548190221,0.0760592849870826,7.00484599916e-05
343,29.573,0.0332,22.525755,0.02528844,81.33,1.4593141959164528,0.0760592849870826,7.00484599916e-05
343,34.6752,0.0572,26.4121,0.04356924,81.33,1.58091899103078,0.0760592849870826,7.00484599916e-05
343,39.7391,0.1278,30.269272,0.09734526,81.33,1.5609529795170038,0.0760592849870826,7.00484599916e-05
343,44.6438,0.241,34.005184,0.1835697,81.33,1.1162753771849743,0.0760592849870826,7.00484599916e-05
344,7.6109,,5.764496,,87.38,1.0052598504652024,0.0215882682412244,0.0001000692285594
344,6.9288,,5.2478733,,87.38,1.253614178454622,0.0215882682412244,0.0001000692285594
344,6.2957,,4.768363,,87.38,1.3468134602405106,0.0215882682412244,0.0001000692285594
344,9.6907,0.0153,7.339736,0.01158822,87.38,1.7190871279685558,0.0215882682412244,0.0001000692285594
344,12.2974,0.0213,9.314051,0.01613262,87.38,1.6748231542740541,0.0215882682412244,0.0001000692285594
344,15.3185,0.0276,11.602232,0.02090424,87.38,1.7160583313018276,0.0215882682412244,0.0001000692285594
344,18.7304,0.0403,14.186405,0.03052322,87.38,1.6502623851359797,0.0215882682412244,0.0001000692285594
344,22.4918,0.0311,17.03529,0.02355514,87.38,1.7645812044363112,0.0215882682412244,0.0001000692285594
344,26.8048,0.0622,20.301956,0.04711028,87.38,1.2654999971690575,0.0215882682412244,0.0001000692285594
344,31.585,0.0769,23.92248,0.05824406,87.38,0.8474734974330944,0.0215882682412244,0.0001000692285594
344,36.5611,0.1077,27.691378,0.08157198,87.38,0.8835620321484783,0.0215882682412244,0.0001000692285594
344,42.0861,0.1604,31.876013,0.12148696,87.38,1.190276141772343,0.0215882682412244,0.0001000692285594
344,20.946972,2.8939312,14.358903,2.2033188,98.0,1.0576870912729972,0.0215882682412244,0.0001000692285594
345,10.04,,4.513984,,100.5,0.9699405913610674,0.0208877836413082,2.06809732661e-05
345,10.323,,4.6412206,,100.5,1.7532037745086486,0.0208877836413082,2.06809732661e-05
345,10.517,,4.728443,,100.5,0.9954195884106225,0.0208877836413082,2.06809732661e-05
345,5.1577,0.0234,2.318902,0.01052064,100.5,1.759379272315231,0.0208877836413082,2.06809732661e-05
345,7.7757,0.0251,3.4959548,0.01128496,100.5,1.5608388403212072,0.0208877836413082,2.06809732661e-05
345,10.5211,0.0411,4.7302866,0.01847856,100.5,1.4409456721252236,0.0208877836413082,2.06809732661e-05
345,13.3653,0.0622,6.009039,0.02796512,100.5,1.4760189600893785,0.0208877836413082,2.06809732661e-05
345,16.3915,0.0911,7.3696184,0.04095856,100.5,1.131474323659124,0.0208877836413082,2.06809732661e-05
345,19.1027,0.0917,8.588573,0.04122832,100.5,1.4464270380582822,0.0208877836413082,2.06809732661e-05
345,21.6815,0.1269,9.748002,0.05705424,100.5,0.9866921182812654,0.0208877836413082,2.06809732661e-05
345,24.0033,0.0849,10.791883,0.03817104,100.5,1.7377054325359795,0.0208877836413082,2.06809732661e-05
345,25.9887,0.1522,11.68452,0.06842912,100.5,1.1017933399605937,0.0208877836413082,2.06809732661e-05
345,12.221408,2.3075483,4.8991556,0.98116356,98.0,1.0551865122935422,0.0208877836413082,2.06809732661e-05
346,5.6091,,4.4637218,,158.98,1.5111627981941576,0.0375159537869361,0.0002064761800174
346,5.4367,,4.3265257,,158.98,1.456448718066182,0.0375159537869361,0.0002064761800174
346,5.2531,,4.180417,,158.98,1.2512989183433052,0.0375159537869361,0.0002064761800174
346,6.5248,0.0408,5.1924357,0.03246864,158.98,1.4324462346907865,0.0375159537869361,0.0002064761800174
346,8.2734,0.0424,6.5839715,0.03374192,158.98,0.9594930717608562,0.0375159537869361,0.0002064761800174
346,10.2881,0.0421,8.18727,0.03350318,158.98,1.473328307401955,0.0375159537869361,0.0002064761800174
346,12.1989,0.0429,9.707885,0.03413982,158.98,1.070610695195194,0.0375159537869361,0.0002064761800174
346,14.2035,0.0315,11.303145,0.0250677,158.98,1.0728359766764575,0.0375159537869361,0.0002064761800174
346,16.0655,0.0355,12.7849245,0.0282509,158.98,0.9621799349437846,0.0375159537869361,0.0002064761800174
346,17.6388,0.0407,14.036957,0.03238906,158.98,1.1323771350361647,0.0375159537869361,0.0002064761800174
346,19.0163,0.0435,15.133171,0.0346173,158.98,1.1312510603113282,0.0375159537869361,0.0002064761800174
346,20.2873,0.0519,16.144634,0.04130202,158.98,1.2541790117022693,0.0375159537869361,0.0002064761800174
346,14.29293,3.9163718,10.993127,3.1544428,139.0,0.9904195046663495,0.0375159537869361,0.0002064761800174
347,,,,,,,0.0331636094727906,7.47183560519e-05
348,30.277586,2.7189522,24.441128,2.6694894,171.49,1.3417385716632284,0.0272591914236881,6.93813292563e-05
350,6.7122,,6.1644845,,165.27,0.9288774046704752,0.0286131280860974,6.73799497749e-05
350,6.4499,,5.9235883,,165.27,1.488897007988835,0.0286131280860974,6.73799497749e-05
350,6.4944,,5.964457,,165.27,1.7439471258625967,0.0286131280860974,6.73799497749e-05
350,12.7386,0.0151,11.69913,0.01386784,165.27,1.2267956216643783,0.0286131280860974,6.73799497749e-05
350,15.5852,0.0167,14.313448,0.01533728,165.27,1.7011053131506768,0.0286131280860974,6.73799497749e-05
350,18.8394,0.013,17.302105,0.0119392,165.27,0.8983165911258645,0.0286131280860974,6.73799497749e-05
350,22.2961,0.0149,20.476738,0.01368416,165.27,0.8429576273756446,0.0286131280860974,6.73799497749e-05
350,25.8518,0.0172,23.742292,0.01579648,165.27,1.52136887751384,0.0286131280860974,6.73799497749e-05
350,29.6303,0.0239,27.212467,0.02194976,165.27,1.5610215729814967,0.0286131280860974,6.73799497749e-05
350,33.6264,0.0423,30.882486,0.03884832,165.27,1.6430582409657513,0.0286131280860974,6.73799497749e-05
350,37.8042,0.059,34.719376,0.0541856,165.27,0.8568176783999815,0.0286131280860974,6.73799497749e-05
350,42.4491,0.0911,38.985252,0.08366624,165.27,1.5769070549568305,0.0286131280860974,6.73799497749e-05
351,4.4671,,2.4515445,,157.52,1.176538732796582,0.0753988280785902,0.0002968720447264
351,4.3745,,2.4007256,,157.52,1.1033376326821986,0.0753988280785902,0.0002968720447264
351,3.9415,,2.1630952,,157.52,0.973023921343297,0.0753988280785902,0.0002968720447264
351,5.4162,0.0417,2.9724107,0.02288496,157.52,1.796015755102527,0.0753988280785902,0.0002968720447264
351,6.8685,0.0625,3.7694328,0.0343,157.52,0.8636635893188637,0.0753988280785902,0.0002968720447264
351,8.4929,0.0772,4.6609035,0.04236736,157.52,1.6270080146079995,0.0753988280785902,0.0002968720447264
351,10.1997,0.0924,5.597595,0.05070912,157.52,1.4394944354905275,0.0753988280785902,0.0002968720447264
351,12.0073,0.0922,6.5896063,0.05059936,157.52,1.535080444261867,0.0753988280785902,0.0002968720447264
351,13.8117,0.1132,7.579861,0.06212416,157.52,1.5117171199217965,0.0753988280785902,0.0002968720447264
351,15.4862,0.1276,8.498827,0.07002688,157.52,1.6584344850731827,0.0753988280785902,0.0002968720447264
351,17.7079,0.1289,9.718096,0.07074032,157.52,0.9837920698561083,0.0753988280785902,0.0002968720447264
351,19.8475,0.158,10.892308,0.0867104,157.52,0.8008246168346854,0.0753988280785902,0.0002968720447264
351,12.1652565,2.2129114,6.311335,1.2386675,169.09,1.398528489043266,0.0753988280785902,0.0002968720447264
352,7.395,,2.6851244,,111.03,1.1538586393233339,0.0239088736515179,0.0001307571278626
352,7.1453,,2.5944583,,111.03,0.9237873311171377,0.0239088736515179,0.0001307571278626
352,6.2972,,2.2865133,,111.03,0.9861387541042389,0.0239088736515179,0.0001307571278626
352,11.6224,0.1321,4.2200933,0.04796551,111.03,1.131749312459223,0.0239088736515179,0.0001307571278626
352,13.5758,0.113,4.929373,0.0410303,111.03,0.8702333708867033,0.0239088736515179,0.0001307571278626
352,15.1335,0.1283,5.4949737,0.04658573,111.03,0.8569132021284509,0.0239088736515179,0.0001307571278626
352,16.5856,0.1099,6.0222316,0.03990469,111.03,1.7160262548324443,0.0239088736515179,0.0001307571278626
352,17.9454,0.0938,6.5159745,0.03405878,111.03,1.1121027493536961,0.0239088736515179,0.0001307571278626
352,19.364,0.1483,7.0310683,0.05384773,111.03,1.7822306974735849,0.0239088736515179,0.0001307571278626
352,21.0973,0.1991,7.6604295,0.07229321,111.03,1.7643670083304,0.0239088736515179,0.0001307571278626
352,23.4605,0.1976,8.518508,0.07174856,111.03,0.9425712823271138,0.0239088736515179,0.0001307571278626
352,26.3326,0.2774,9.561367,0.10072394,111.03,1.514924302896191,0.0239088736515179,0.0001307571278626
352,20.707193,9.392975,6.9043255,3.443222,108.5,1.4008048891270692,0.0239088736515179,0.0001307571278626
353,10.684,,7.2266574,,164.57,1.4906470731051535,0.017869028579765,7.00484599916e-05
353,10.458,,7.073791,,164.57,0.8961910000144748,0.017869028579765,7.00484599916e-05
353,10.079,,6.8174357,,164.57,0.9885600786345581,0.017869028579765,7.00484599916e-05
353,13.6461,0.0196,9.230222,0.01325744,164.57,0.8766386614508815,0.017869028579765,7.00484599916e-05
353,17.6165,0.0144,11.915801,0.00974016,164.57,1.4041342052170713,0.017869028579765,7.00484599916e-05
353,22.0066,0.0142,14.885264,0.00960488,164.57,1.786591075849091,0.017869028579765,7.00484599916e-05
353,26.2381,0.0115,17.747452,0.0077786,164.57,1.4719845376579415,0.017869028579765,7.00484599916e-05
353,30.3286,0.0189,20.514265,0.01278396,164.57,1.5107615350219297,0.017869028579765,7.00484599916e-05
353,34.2215,0.0279,23.147423,0.01887156,164.57,1.7845850415432811,0.017869028579765,7.00484599916e-05
353,37.7475,0.028,25.53241,0.0189392,164.57,1.4780115541717962,0.017869028579765,7.00484599916e-05
353,41.1756,0.0686,27.851175,0.04640104,164.57,0.8401815726284704,0.017869028579765,7.00484599916e-05
353,44.8162,0.0741,30.313677,0.05012124,164.57,1.6670056008565977,0.017869028579765,7.00484599916e-05
353,36.317944,6.6900125,26.492397,5.6599593,170.0,1.1646782903787964,0.017869028579765,7.00484599916e-05
354,17.837,,11.82058,,147.06,0.8043636215147154,0.0204761655478337,9.6733590789e-06
354,16.573,,10.982927,,147.06,1.3072341775608205,0.0204761655478337,9.6733590789e-06
354,15.945,,10.5667515,,147.06,1.7370150008762637,0.0204761655478337,9.6733590789e-06
354,22.9764,0.056,15.22646,0.0371112,147.06,1.0573306871949832,0.0204761655478337,9.6733590789e-06
354,30.2663,0.0775,20.057478,0.05135925,147.06,1.29151317305284,0.0204761655478337,9.6733590789e-06
354,38.533,0.1111,25.53582,0.07362597,147.06,0.9737768877823908,0.0204761655478337,9.6733590789e-06
354,46.9337,0.1112,31.102962,0.07369224,147.06,0.8576926716664401,0.0204761655478337,9.6733590789e-06
354,54.346,0.1818,36.015095,0.12047886,147.06,0.8805449467131132,0.0204761655478337,9.6733590789e-06
354,61.3234,0.1564,40.63902,0.10364628,147.06,1.5270109059613555,0.0204761655478337,9.6733590789e-06
354,67.5804,0.1655,44.78553,0.10967685,147.06,1.664074470742149,0.0204761655478337,9.6733590789e-06
354,73.2596,0.1618,48.549137,0.10722486,147.06,0.9432988392524911,0.0204761655478337,9.6733590789e-06
354,78.669,0.2367,52.133945,0.1568611,147.06,1.0883185678104688,0.0204761655478337,9.6733590789e-06
354,47.656403,3.950385,31.269524,3.2400331,150.88,0.9950294676448274,0.0204761655478337,9.6733590789e-06
355,4.8595,,4.0674014,,131.85,0.826855776926428,0.0481986774997521,2.96872032002e-05
355,4.4532,,3.7273283,,131.85,1.3534313698869838,0.0481986774997521,2.96872032002e-05
355,4.5715,,3.8263454,,131.85,1.4999221701376477,0.0481986774997521,2.96872032002e-05
355,7.8661,0.028,6.5839257,0.023436,131.85,1.4478774808850705,0.0481986774997521,2.96872032002e-05
355,9.472,0.0477,7.928064,0.0399249,131.85,1.1880535473022475,0.0481986774997521,2.96872032002e-05
355,11.2367,0.0633,9.405118,0.0529821,131.85,1.3550102459399054,0.0481986774997521,2.96872032002e-05
355,13.2381,0.0715,11.08029,0.0598455,131.85,0.8940993066362247,0.0481986774997521,2.96872032002e-05
355,15.4463,0.0678,12.928553,0.0567486,131.85,0.9543037187226845,0.0481986774997521,2.96872032002e-05
355,17.7534,0.0526,14.859596,0.0440262,131.85,1.7317946195529834,0.0481986774997521,2.96872032002e-05
355,20.0313,0.0539,16.766197,0.0451143,131.85,1.5615077478198969,0.0481986774997521,2.96872032002e-05
355,22.4385,0.0914,18.781025,0.0765018,131.85,1.7227390958251674,0.0481986774997521,2.96872032002e-05
355,24.5623,0.147,20.558645,0.123039,131.85,1.7166802844993674,0.0481986774997521,2.96872032002e-05
355,14.863505,1.7796733,8.956148,1.217938,101.0,1.4493926171077407,0.0481986774997521,2.96872032002e-05
356,14.653,,3.780474,,106.6,1.7282386481121652,0.0262795136760912,4.53647182194e-05
356,13.596,,3.507768,,106.6,1.2167041030824632,0.0262795136760912,4.53647182194e-05
356,12.59,,3.24822,,106.6,0.803616244784941,0.0262795136760912,4.53647182194e-05
356,18.0289,0.0985,4.6514564,0.025413,106.6,0.8625711158461594,0.0262795136760912,4.53647182194e-05
356,21.2667,0.1822,5.486809,0.0470076,106.6,0.9094873257008153,0.0262795136760912,4.53647182194e-05
356,24.3966,0.1629,6.294323,0.0420282,106.6,0.8953534531828603,0.0262795136760912,4.53647182194e-05
356,27.7496,0.2225,7.1593966,0.057405,106.6,1.1517023908502635,0.0262795136760912,4.53647182194e-05
356,31.3582,0.1929,8.090416,0.0497682,106.6,1.5012708071093577,0.0262795136760912,4.53647182194e-05
356,35.8403,0.2087,9.246798,0.0538446,106.6,1.5906488066004951,0.0262795136760912,4.53647182194e-05
356,40.3062,0.2439,10.398999,0.0629262,106.6,1.3902132743446247,0.0262795136760912,4.53647182194e-05
356,46.2291,0.3387,11.927108,0.0873846,106.6,0.9464361745569796,0.0262795136760912,4.53647182194e-05
356,52.0119,0.2937,13.41907,0.0757746,106.6,1.5479016021481753,0.0262795136760912,4.53647182194e-05
356,18.49785,3.9185443,6.1252136,1.3341354,105.6,1.1548019191375989,0.0262795136760912,4.53647182194e-05
357,9.292258,2.1182253,6.7316456,1.5947124,125.5,0.8129933486717963,,
358,29.724958,2.4639928,22.188158,2.182571,166.82,1.0805886205327493,0.0372557737926816,0.0002064761800174
359,7.7901,,7.311009,,50.08,1.1306005541409778,,
359,8.477,,7.9556646,,50.08,1.074245535218103,,
359,8.8705,,8.324965,,50.08,1.6118701531875856,,
359,3.296,0.0151,3.093296,0.01417135,50.08,1.5599263975940905,,
359,5.7844,0.0157,5.4286594,0.01473445,50.08,1.4955520304126415,,
359,7.8409,0.0221,7.3586845,0.02074085,50.08,0.9390050785122653,,
359,9.8936,0.0215,9.285144,0.02017775,50.08,1.6078339097062821,,
359,12.064,0.024,11.322064,0.022524,50.08,1.4771759616633238,,
359,14.3135,0.0304,13.43322,0.0285304,50.08,0.9948376864813919,,
359,16.5204,0.0474,15.5043955,0.0444849,50.08,1.4480939302815163,,
359,18.5102,0.0532,17.371822,0.0499282,50.08,1.283511641003681,,
359,20.3145,0.0961,19.065159,0.09018985,50.08,1.239350061856225,,
359,11.353277,1.5685133,8.812949,1.3436068,177.5,0.9121231634723889,,
361,14.325878,1.7482873,6.3258843,0.8251289,101.67,1.3183042758451653,0.0292999365581104,0.0002001384571189
362,4.9277,,3.4769852,,143.1,0.8999318089723637,0.0357197111342941,0.0001147460538379
362,4.3254,,3.0520022,,143.1,0.9642533872542667,0.0357197111342941,0.0001147460538379
362,4.1115,,2.9010744,,143.1,0.9325463142747628,0.0357197111342941,0.0001147460538379
362,9.5387,0.0524,6.730507,0.03697344,143.1,1.7541082790700075,0.0357197111342941,0.0001147460538379
362,11.484,0.0479,8.10311,0.03379824,143.1,1.0848646904438901,0.0357197111342941,0.0001147460538379
362,13.631,0.0537,9.618033,0.03789072,143.1,1.1552043235960077,0.0357197111342941,0.0001147460538379
362,16.0787,0.0432,11.345131,0.03048192,143.1,1.122080606296036,0.0357197111342941,0.0001147460538379
362,18.8008,0.0697,13.265844,0.04918032,143.1,1.698250445178144,0.0357197111342941,0.0001147460538379
362,21.6742,0.0481,15.293316,0.03393936,143.1,1.3629659113348884,0.0357197111342941,0.0001147460538379
362,24.7884,0.0614,17.490696,0.04332384,143.1,1.7191598989333117,0.0357197111342941,0.0001147460538379
362,28.241,0.0642,19.92685,0.04529952,143.1,1.0999249058278955,0.0357197111342941,0.0001147460538379
362,31.8857,0.0896,22.49855,0.06322176,143.1,0.914834674431949,0.0357197111342941,0.0001147460538379
362,16.33508,2.2943876,11.275122,1.6925106,134.36,1.3562184527241747,0.0357197111342941,0.0001147460538379
363,6.462,,6.242938,,7.3,1.1455369917900176,0.1135932512351595,9.80678427158e-05
363,5.9055,,5.7053037,,7.3,1.6019068334907485,0.1135932512351595,9.80678427158e-05
363,5.579,,5.389872,,7.3,1.6794234089116586,0.1135932512351595,9.80678427158e-05
363,5.1538,0.0064,4.9790864,0.00618304,7.3,1.2725735109070717,0.1135932512351595,9.80678427158e-05
363,6.6257,0.005,6.4010887,0.0048305,7.3,1.7713590240855084,0.1135932512351595,9.80678427158e-05
363,8.3857,0.0073,8.101425,0.00705253,7.3,1.353013006344406,0.1135932512351595,9.80678427158e-05
363,10.468,0.0078,10.113134,0.00753558,7.3,1.0709203933863125,0.1135932512351595,9.80678427158e-05
363,12.8422,0.0095,12.40685,0.00917795,7.3,1.2889755153442746,0.1135932512351595,9.80678427158e-05
363,15.3888,0.014,14.86712,0.0135254,7.3,0.8373102924029276,0.1135932512351595,9.80678427158e-05
363,18.2103,0.0183,17.59297,0.01767963,7.3,1.6040011602630675,0.1135932512351595,9.80678427158e-05
363,21.0735,0.0336,20.359108,0.03246096,7.3,0.901435050854421,0.1135932512351595,9.80678427158e-05
363,23.8933,0.0359,23.083317,0.03468299,7.3,1.108748488503005,0.1135932512351595,9.80678427158e-05
364,11.173,,10.73837,,31.3,1.3653165470049435,0.0225292525537783,4.13619465321e-05
364,10.153,,9.758048,,31.3,0.8429751256468989,0.0225292525537783,4.13619465321e-05
364,9.3809,,9.015983,,31.3,0.8793168991814483,0.0225292525537783,4.13619465321e-05
364,14.9965,0.0056,14.4131365,0.00538216,31.3,1.4961163576130128,0.0225292525537783,4.13619465321e-05
364,18.5156,0.01,17.795343,0.009611,31.3,0.8717770930607688,0.0225292525537783,4.13619465321e-05
364,22.9292,0.0215,22.037254,0.02066365,31.3,1.2770828662473765,0.0225292525537783,4.13619465321e-05
364,27.822,0.0241,26.739725,0.02316251,31.3,1.1386956334207503,0.0225292525537783,4.13619465321e-05
364,33.3987,0.0291,32.09949,0.02796801,31.3,1.0280794079564166,0.0225292525537783,4.13619465321e-05
364,39.0952,0.0454,37.574398,0.04363394,31.3,0.9887788978636655,0.0225292525537783,4.13619465321e-05
364,45.4504,0.0917,43.68238,0.08813287,31.3,1.5634112937325795,0.0225292525537783,4.13619465321e-05
364,52.2018,0.1282,50.17115,0.12321302,31.3,1.7515421931502826,0.0225292525537783,4.13619465321e-05
364,58.1824,0.1852,55.919106,0.17799573,31.3,0.9401797422033318,0.0225292525537783,4.13619465321e-05
364,34.524014,3.497757,28.256687,3.4286637,21.5,1.759681219174127,0.0225292525537783,4.13619465321e-05
365,23.351,,19.164165,,5.16,1.3947625034751039,0.0103418212075235,1.06740512054e-05
365,23.403,,19.206842,,5.16,1.4416604053632571,0.0103418212075235,1.06740512054e-05
365,21.286,,17.46942,,5.16,1.5099263781425818,0.0103418212075235,1.06740512054e-05
365,0.8799,0.0117,0.72213393,0.00960219,5.16,1.504118890354581,0.0103418212075235,1.06740512054e-05
365,3.5764,0.0165,2.9351516,0.01354155,5.16,1.6198111081856883,0.0103418212075235,1.06740512054e-05
365,7.8263,0.0248,6.423044,0.02035336,5.16,1.2834686513476976,0.0103418212075235,1.06740512054e-05
365,12.9403,0.0266,10.620104,0.02183062,5.16,1.3333585875147012,0.0103418212075235,1.06740512054e-05
365,17.9902,0.0299,14.764557,0.02453893,5.16,1.123827002463416,0.0103418212075235,1.06740512054e-05
365,22.9277,0.0273,18.816763,0.02240511,5.16,0.9052575937831171,0.0103418212075235,1.06740512054e-05
365,27.8208,0.0356,22.832531,0.02921692,5.16,1.464640190926219,0.0103418212075235,1.06740512054e-05
365,32.3184,0.0439,26.52371,0.03602873,5.16,0.833609969186251,0.0103418212075235,1.06740512054e-05
365,36.5664,0.0467,30.010044,0.03832669,5.16,1.0756350510833683,0.0103418212075235,1.06740512054e-05
366,18.473,,7.444619,,18.09,0.8942298644461003,0.0209808480238685,1.30090000308e-05
366,16.924,,6.820372,,18.09,0.9907271573227181,0.0209808480238685,1.30090000308e-05
366,16.116,,6.494748,,18.09,1.4387309128973809,0.0209808480238685,1.30090000308e-05
366,23.4721,0.1105,9.459256,0.0445315,18.09,1.4284766302049183,0.0209808480238685,1.30090000308e-05
366,28.1779,0.1214,11.355694,0.0489242,18.09,1.221054912995712,0.0209808480238685,1.30090000308e-05
366,33.2523,0.1475,13.400677,0.0594425,18.09,0.8901719764894912,0.0209808480238685,1.30090000308e-05
366,39.3942,0.1621,15.875863,0.0653263,18.09,1.2333739164594084,0.0209808480238685,1.30090000308e-05
366,46.8426,0.1651,18.877567,0.0665353,18.09,1.1527448718582933,0.0209808480238685,1.30090000308e-05
366,55.1885,0.2121,22.240965,0.0854763,18.09,1.52045915285595,0.0209808480238685,1.30090000308e-05
366,63.7214,0.2523,25.679724,0.1016769,18.09,1.3790266081990517,0.0209808480238685,1.30090000308e-05
366,72.0708,0.2768,29.044533,0.1115504,18.09,1.2915657673369991,0.0209808480238685,1.30090000308e-05
366,79.847,0.2272,32.17834,0.0915616,18.09,1.2869820823049953,0.0209808480238685,1.30090000308e-05
366,44.373253,3.6782348,19.414278,2.0116363,17.2,1.766296887260419,0.0209808480238685,1.30090000308e-05
367,34.12882,2.7504578,11.301114,1.0363072,115.67,1.5562942217034506,0.0247537915046548,5.60387654484e-05
368,16.71,,11.192358,,33.87,1.296979560460128,0.0340135307873555,0.0002001384571189
368,17.012,,11.394638,,33.87,1.2792226128889777,0.0340135307873555,0.0002001384571189
368,16.892,,11.314261,,33.87,0.8264791013049635,0.0340135307873555,0.0002001384571189
368,7.0696,0.0685,4.735218,0.0458813,33.87,1.7425092633198067,0.0340135307873555,0.0002001384571189
368,12.1641,0.0514,8.147514,0.03442772,33.87,1.1191739717673297,0.0340135307873555,0.0002001384571189
368,17.4927,0.0319,11.716611,0.02136662,33.87,1.055939081880744,0.0340135307873555,0.0002001384571189
368,21.5555,0.0309,14.437874,0.02069682,33.87,1.7994089253876715,0.0340135307873555,0.0002001384571189
368,25.7726,0.0483,17.262487,0.03235134,33.87,1.5186896715045246,0.0340135307873555,0.0002001384571189
368,30.2939,0.0466,20.290854,0.03121268,33.87,0.847363773299288,0.0340135307873555,0.0002001384571189
368,34.6588,0.0931,23.214464,0.06235838,33.87,0.8618854770255765,0.0340135307873555,0.0002001384571189
368,39.6721,0.1169,26.572372,0.07829962,33.87,0.8255015639601979,0.0340135307873555,0.0002001384571189
368,45.3978,0.182,30.407446,0.1219036,33.87,1.399618899512869,0.0340135307873555,0.0002001384571189
368,21.238373,2.8852866,16.87024,2.5368598,12.5,0.8715645000619519,0.0340135307873555,0.0002001384571189
369,,,,,,,0.034113600015915,0.0002001384571189
370,3.3906,,2.7897856,,153.08,1.736906540022678,0.0405530548737153,7.83875623716e-05
370,2.8481,,2.3434167,,153.08,1.3460540667480798,0.0405530548737153,7.83875623716e-05
370,2.7044,,2.2251804,,153.08,1.4166389313959509,0.0405530548737153,7.83875623716e-05
370,5.5977,0.0118,4.6057878,0.00970904,153.08,1.0918944015252499,0.0405530548737153,7.83875623716e-05
370,6.9294,0.0255,5.7015104,0.0209814,153.08,0.8639725424082734,0.0405530548737153,7.83875623716e-05
370,8.5425,0.0266,7.028769,0.02188648,153.08,1.5374604451918157,0.0405530548737153,7.83875623716e-05
370,10.3198,0.0334,8.491132,0.02748152,153.08,0.9017859887490175,0.0405530548737153,7.83875623716e-05
370,12.1669,0.0321,10.010925,0.02641188,153.08,0.8855576410183932,0.0405530548737153,7.83875623716e-05
370,13.9863,0.0377,11.507928,0.03101956,153.08,1.1112231092042237,0.0405530548737153,7.83875623716e-05
370,15.7794,0.0638,12.983291,0.05249464,153.08,0.8124656598378821,0.0405530548737153,7.83875623716e-05
370,17.7142,0.051,14.575244,0.0419628,153.08,1.2340356157563162,0.0405530548737153,7.83875623716e-05
370,19.7712,0.0929,16.267744,0.07643812,153.08,1.5076809100800768,0.0405530548737153,7.83875623716e-05
370,13.712646,1.9576211,9.820221,1.786912,158.69,1.601348931421939,0.0405530548737153,7.83875623716e-05
371,,,,,,,1.8972491963090012,0.0008148970947487
372,15.535,,10.076001,,31.39,1.6468742031139127,0.1149131643598585,1.73453323141e-05
372,12.245,,7.942107,,31.39,1.2065022037671103,0.1149131643598585,1.73453323141e-05
372,13.517,,8.767126,,31.39,1.6487720850604766,0.1149131643598585,1.73453323141e-05
372,6.046,0.045,3.9214356,0.029187,31.39,1.3064733104983794,0.1149131643598585,1.73453323141e-05
372,8.0585,0.0463,5.226743,0.03003018,31.39,1.0230361279982954,0.1149131643598585,1.73453323141e-05
372,10.5474,0.0589,6.8410435,0.03820254,31.39,1.7441456466604661,0.1149131643598585,1.73453323141e-05
372,13.6194,0.0725,8.833543,0.0470235,31.39,1.0749708738371164,0.1149131643598585,1.73453323141e-05
372,17.3456,0.0898,11.250356,0.05824428,31.39,0.8262014841877932,0.1149131643598585,1.73453323141e-05
372,21.4935,0.1103,13.940684,0.07154058,31.39,1.042674042955027,0.1149131643598585,1.73453323141e-05
372,26.1509,0.0956,16.961473,0.06200616,31.39,1.1666875612574277,0.1149131643598585,1.73453323141e-05
372,31.2931,0.1198,20.296705,0.07770228,31.39,1.151349683289264,0.1149131643598585,1.73453323141e-05
372,36.6487,0.1729,23.770348,0.11214294,31.39,1.3246675094435716,0.1149131643598585,1.73453323141e-05
372,19.639086,9.49634,12.362926,6.621183,27.02,1.6831268820359235,0.1149131643598585,1.73453323141e-05
374,7.8398,,6.503898,,178.71,1.0923382271096993,0.0353347781684354,0.000111410412886
374,7.1613,,5.9410143,,178.71,1.3207706079591688,0.0353347781684354,0.000111410412886
374,6.6616,,5.5264635,,178.71,1.1401389536884794,0.0353347781684354,0.000111410412886
374,8.3238,0.0145,6.9054246,0.0120292,178.71,1.6217730593732005,0.0353347781684354,0.000111410412886
374,10.538,0.0263,8.742325,0.02181848,178.71,0.9576015132884784,0.0353347781684354,0.000111410412886
374,13.2045,0.0274,10.954453,0.02273104,178.71,0.9035102683100585,0.0353347781684354,0.000111410412886
374,16.4157,0.0366,13.618464,0.03036336,178.71,1.3029952532376017,0.0353347781684354,0.000111410412886
374,19.9504,0.042,16.550852,0.0348432,178.71,1.4718875857654918,0.0353347781684354,0.000111410412886
374,23.9049,0.0375,19.831505,0.03111,178.71,1.5955252010907666,0.0353347781684354,0.000111410412886
374,28.2881,0.0467,23.467808,0.03874232,178.71,1.3896248529053166,0.0353347781684354,0.000111410412886
374,32.6258,0.0567,27.066364,0.04703832,178.71,1.5738497613190008,0.0353347781684354,0.000111410412886
374,37.1765,0.1159,30.841625,0.09615064,178.71,1.1927100585609238,0.0353347781684354,0.000111410412886
374,20.376108,2.2989686,13.77594,1.7901592,173.59,0.832867670266469,0.0353347781684354,0.000111410412886
375,,,,,,,0.1125111693103367,0.0004086160166177
376,9.466,,7.4232373,,42.18,0.8387226012289962,0.018806677251367,0.0001094090206801
376,9.4063,,7.3764205,,42.18,1.1289436504764927,0.018806677251367,0.0001094090206801
376,9.2841,,7.280591,,42.18,1.2954913412686824,0.018806677251367,0.0001094090206801
376,11.2114,0.0575,8.79198,0.0450915,42.18,1.1563174836569394,0.018806677251367,0.0001094090206801
376,13.3156,0.0399,10.442094,0.03128958,42.18,1.3605994750663921,0.018806677251367,0.0001094090206801
376,15.1432,0.0368,11.875298,0.02885856,42.18,1.2806091484927877,0.018806677251367,0.0001094090206801
376,16.7793,0.056,13.158327,0.0439152,42.18,1.4779428018639402,0.018806677251367,0.0001094090206801
376,18.6163,0.0407,14.598903,0.03191694,42.18,1.4669621635634063,0.018806677251367,0.0001094090206801
376,20.6551,0.0848,16.19773,0.06650016,42.18,1.1180641471086794,0.018806677251367,0.0001094090206801
376,22.8568,0.0836,17.924303,0.06555912,42.18,1.1462144553610916,0.018806677251367,0.0001094090206801
376,25.0771,0.0953,19.665462,0.07473426,42.18,1.3851478216413033,0.018806677251367,0.0001094090206801
376,27.5678,0.1745,21.61867,0.1368429,42.18,1.396432467890842,0.018806677251367,0.0001094090206801
376,21.934172,2.9798126,15.350455,2.3395028,37.7,1.1146999136371332,0.018806677251367,0.0001094090206801
378,9.2927,,7.988934,,51.34,1.1303178857754252,0.0176592167638853,1.16747433319e-05
378,9.0971,,7.820777,,51.34,1.4940450131861471,0.0176592167638853,1.16747433319e-05
378,8.7258,,7.50157,,51.34,1.4474108228760696,0.0176592167638853,1.16747433319e-05
378,16.8127,0.0354,14.453878,0.03043338,51.34,0.9350508046797747,0.0176592167638853,1.16747433319e-05
378,20.7378,0.0354,17.828287,0.03043338,51.34,1.2410418796753935,0.0176592167638853,1.16747433319e-05
378,25.3351,0.0357,21.780586,0.03069129,51.34,1.6927060787105903,0.0176592167638853,1.16747433319e-05
378,30.4925,0.0321,26.214403,0.02759637,51.34,0.8363056761044753,0.0176592167638853,1.16747433319e-05
378,36.1116,0.0362,31.045143,0.03112114,51.34,1.6551639464842136,0.0176592167638853,1.16747433319e-05
378,42.0442,0.0497,36.145397,0.04272709,51.34,0.9631781570641437,0.0176592167638853,1.16747433319e-05
378,48.3088,0.0683,41.531075,0.05871751,51.34,1.3072486324617159,0.0176592167638853,1.16747433319e-05
378,55.7216,0.1308,47.90386,0.11244876,51.34,1.2243364289230114,0.0176592167638853,1.16747433319e-05
378,63.746,0.2193,54.802437,0.1885322,51.34,0.8101293373414589,0.0176592167638853,1.16747433319e-05
379,19.974,,3.8070445,,58.85,1.715396937089632,0.0289510285145332,0.000132758507344
379,17.348,,3.3065288,,58.85,1.2549252273343057,0.0289510285145332,0.000132758507344
379,15.45,,2.94477,,58.85,1.754268276760615,0.0289510285145332,0.000132758507344
379,17.6904,0.0985,3.3717902,0.0187741,58.85,1.086743900979218,0.0289510285145332,0.000132758507344
379,22.8118,0.1731,4.347929,0.03299286,58.85,1.6662757734159723,0.0289510285145332,0.000132758507344
379,27.7384,0.2103,5.286939,0.04008318,58.85,1.7223895739956305,0.0289510285145332,0.000132758507344
379,33.0647,0.1697,6.3021317,0.03234482,58.85,1.3568324163707808,0.0289510285145332,0.000132758507344
379,38.9708,0.1866,7.4278345,0.03556596,58.85,1.0026777878677176,0.0289510285145332,0.000132758507344
379,44.6909,0.2664,8.5180855,0.05077584,58.85,1.48524743210572,0.0289510285145332,0.000132758507344
379,51.8634,0.2507,9.885164,0.04778342,58.85,1.3489780665294602,0.0289510285145332,0.000132758507344
379,59.5774,0.3031,11.355453,0.05777086,58.85,1.744529665852626,0.0289510285145332,0.000132758507344
379,67.4083,0.2896,12.8480215,0.05519776,58.85,1.239272061810492,0.0289510285145332,0.000132758507344
379,38.647488,2.847652,6.055099,0.5661706,59.35,1.068513647639822,0.0289510285145332,0.000132758507344
380,18.92872,2.7458544,14.032054,2.2275162,110.0,0.9382870014941072,0.0166114919408679,0.0002034740980709
381,9.9429,,9.9429,,0.0,1.4986335686866794,0.0347577122837426,1.0340486633e-05
381,9.3746,,9.3746,,0.0,1.7741096189805823,0.0347577122837426,1.0340486633e-05
381,8.8698,,8.8698,,0.0,0.8283437705713985,0.0347577122837426,1.0340486633e-05
381,11.7745,0.0112,11.7745,0.0112,0.0,1.540445354778127,0.0347577122837426,1.0340486633e-05
381,14.7404,0.0166,14.7404,0.0166,0.0,1.7269303625596666,0.0347577122837426,1.0340486633e-05
381,17.2457,0.0184,17.2457,0.0184,0.0,0.8747815342273494,0.0347577122837426,1.0340486633e-05
381,19.3616,0.0178,19.3616,0.0178,0.0,0.9101700451061332,0.0347577122837426,1.0340486633e-05
381,21.1719,0.0219,21.1719,0.0219,0.0,1.4919570984497086,0.0347577122837426,1.0340486633e-05
381,23.0177,0.0199,23.0177,0.0199,0.0,1.4479633758957884,0.0347577122837426,1.0340486633e-05
381,24.8443,0.0235,24.8443,0.0235,0.0,0.8688274153162457,0.0347577122837426,1.0340486633e-05
381,26.8089,0.0507,26.8089,0.0507,0.0,1.6344227521511565,0.0347577122837426,1.0340486633e-05
381,28.7068,0.0632,28.7068,0.0632,0.0,1.3234238478448925,0.0347577122837426,1.0340486633e-05
382,14.935,,11.79865,,42.6,1.7071973733366126,0.0347647171297418,6.90477702509e-05
382,13.497,,10.66263,,42.6,1.6779908809927044,0.0347647171297418,6.90477702509e-05
382,12.559,,9.92161,,42.6,1.6125077690501657,0.0347647171297418,6.90477702509e-05
382,15.1276,0.0255,11.950804,0.020145,42.6,1.3158988962444214,0.0347647171297418,6.90477702509e-05
382,20.1189,0.0431,15.893931,0.034049,42.6,1.0517106417494322,0.0347647171297418,6.90477702509e-05
382,24.9045,0.0504,19.674555,0.039816,42.6,1.3059755039111325,0.0347647171297418,6.90477702509e-05
382,29.5211,0.0393,23.321669,0.031047,42.6,0.9008113778017801,0.0347647171297418,6.90477702509e-05
382,33.5396,0.0361,26.496284,0.028519,42.6,1.4588461484734263,0.0347647171297418,6.90477702509e-05
382,37.7144,0.0509,29.794376,0.040211,42.6,0.9339772192290077,0.0347647171297418,6.90477702509e-05
382,42.3457,0.0834,33.453102,0.065886,42.6,1.3111729625007231,0.0347647171297418,6.90477702509e-05
382,47.8858,0.1378,37.82978,0.108862,42.6,0.8543819741668178,0.0347647171297418,6.90477702509e-05
382,54.3433,0.1837,42.931206,0.145123,42.6,1.099512490274646,0.0347647171297418,6.90477702509e-05
382,39.730247,2.9274328,27.109484,2.6542153,47.65,1.0320804606697878,0.0347647171297418,6.90477702509e-05
383,13.506,,6.735442,,82.55,1.4200315427116705,0.0356830190838223,0.0001340927688145
383,12.188,,6.0781555,,82.55,1.5867867120225088,0.0356830190838223,0.0001340927688145
383,11.341,,5.6557565,,82.55,0.8573029545405262,0.0356830190838223,0.0001340927688145
383,15.5627,0.0912,7.7611184,0.04548144,82.55,1.6502836851553844,0.0356830190838223,0.0001340927688145
383,19.5791,0.1247,9.764097,0.06218789,82.55,1.6607676949546044,0.0356830190838223,0.0001340927688145
383,24.2874,0.189,12.112126,0.0942543,82.55,1.1422690742880228,0.0356830190838223,0.0001340927688145
383,29.3751,0.1676,14.649363,0.08358212,82.55,1.4590040659703223,0.0356830190838223,0.0001340927688145
383,34.8432,0.1546,17.376305,0.07709902,82.55,1.2026130317034496,0.0356830190838223,0.0001340927688145
383,39.7649,0.1377,19.830755,0.06867099,82.55,0.9541908821896316,0.0356830190838223,0.0001340927688145
383,44.4971,0.1699,22.190704,0.08472913,82.55,1.3286624185631104,0.0356830190838223,0.0001340927688145
383,49.291,0.1769,24.58142,0.08822003,82.55,0.8863596745015967,0.0356830190838223,0.0001340927688145
383,54.1553,0.1962,27.007248,0.09784494,82.55,1.6784721553959878,0.0356830190838223,0.0001340927688145
383,18.972355,3.582208,16.148094,3.2218037,84.15,1.7242897594096087,0.0356830190838223,0.0001340927688145
384,8.7793,,5.6907425,,163.79,1.6216131370114035,0.0370469626690875,0.0001501038428392
384,8.4576,,5.4822164,,163.79,1.3625281207559787,0.0370469626690875,0.0001501038428392
384,8.1881,,5.3075266,,163.79,1.3575985911254551,0.0370469626690875,0.0001501038428392
384,8.5515,0.0699,5.543082,0.04530918,163.79,1.7846073766009298,0.0370469626690875,0.0001501038428392
384,11.2901,0.1037,7.318243,0.06721834,163.79,1.0479016898311828,0.0370469626690875,0.0001501038428392
384,13.8984,0.081,9.008943,0.0525042,163.79,0.8759483659052075,0.0370469626690875,0.0001501038428392
384,16.1713,0.0613,10.482237,0.03973466,163.79,1.361940923601178,0.0370469626690875,0.0001501038428392
384,18.3555,0.0976,11.898035,0.06326432,163.79,1.1287855978101033,0.0370469626690875,0.0001501038428392
384,20.4628,0.0761,13.263987,0.04932802,163.79,1.1223387728080443,0.0370469626690875,0.0001501038428392
384,22.4896,0.0839,14.577759,0.05438398,163.79,0.8070853541699481,0.0370469626690875,0.0001501038428392
384,24.5432,0.0952,15.908902,0.06170864,163.79,1.396239409547933,0.0370469626690875,0.0001501038428392
384,26.4961,0.0929,17.174772,0.06021778,163.79,1.0640337022756141,0.0370469626690875,0.0001501038428392
384,19.958195,2.2977722,11.405682,1.4565659,170.08,0.987858548192681,0.0370469626690875,0.0001501038428392
385,,,,,,,0.1132450103197726,0.0002001384571189
386,28.1917,2.5316377,14.358903,1.4969727,154.33,1.1643615764756112,0.0284560193972591,0.0001037384348791
387,9.865549,2.0671802,6.9521837,1.5241259,140.66,1.6789688723864575,0.070925733561983,0.0002064761800174
388,31.704525,2.9200947,13.87143,1.5414225,137.13,1.1366708075973724,0.0024579697940825,1.39973518166e-05
389,,,,,,,0.0050034614279722,0.0001907986649982
390,6.8669,,2.7014384,,135.09,1.5565469634019073,0.0352270369656864,0.0001707848192863
390,6.1395,,2.4152794,,135.09,1.1281008091901996,0.0352270369656864,0.0001707848192863
390,5.8829,,2.314333,,135.09,1.6216407350120412,0.0352270369656864,0.0001707848192863
390,11.8565,0.0934,4.664347,0.03674356,135.09,1.491879659666949,0.0352270369656864,0.0001707848192863
390,14.0112,0.1193,5.5120063,0.04693262,135.09,1.3592422287009516,0.0352270369656864,0.0001707848192863
390,16.1221,0.1612,6.342434,0.06341608,135.09,0.800992464050629,0.0352270369656864,0.0001707848192863
390,18.5761,0.1295,7.307838,0.0509453,135.09,0.8350907659228082,0.0352270369656864,0.0001707848192863
390,21.3111,0.1827,8.383787,0.07187418,135.09,1.7908658441060634,0.0352270369656864,0.0001707848192863
390,24.5146,0.178,9.644044,0.0700252,135.09,1.5822839235035593,0.0352270369656864,0.0001707848192863
390,28.9791,0.1627,11.400378,0.06400618,135.09,1.737565258772947,0.0352270369656864,0.0001707848192863
390,34.1806,0.2145,13.446648,0.0843843,135.09,1.7023032049180276,0.0352270369656864,0.0001707848192863
390,39.1589,0.2868,15.405111,0.11282712,135.09,0.8204429831427509,0.0352270369656864,0.0001707848192863
390,18.370512,2.2418823,7.764639,1.0554516,136.0,1.5918472897910738,0.0352270369656864,0.0001707848192863
391,7.890804,1.9622787,5.985787,1.5377536,14.0,1.2511457440111546,0.0355779463938349,0.0002064761800174
392,17.543703,4.968692,14.161891,4.2598085,150.0,1.5895582040006557,0.028686512187041,0.0002001384571189
393,29.588385,2.8614504,14.161891,1.5938411,8.01,0.8067157841633852,0.03176530878572,1.30090000308e-05
394,19.766,,2.9866426,,133.49,1.0881993012005644,0.0285764360356256,0.0001350934585553
394,18.425,,2.7840176,,133.49,1.5513237757913023,0.0285764360356256,0.0001350934585553
394,17.27,,2.609497,,133.49,1.59302078860159,0.0285764360356256,0.0001350934585553
394,20.7513,0.2801,3.1355214,0.04232311,133.49,1.419714601214624,0.0285764360356256,0.0001350934585553
394,25.9775,0.2642,3.9252002,0.03992062,133.49,1.1012561894462638,0.0285764360356256,0.0001350934585553
394,30.1231,0.2528,4.5516005,0.03819808,133.49,1.110362591287863,0.0285764360356256,0.0001350934585553
394,34.0732,0.2155,5.1484604,0.03256205,133.49,1.7667639636420327,0.0285764360356256,0.0001350934585553
394,37.235,0.2025,5.6262083,0.03059775,133.49,1.2392121792342046,0.0285764360356256,0.0001350934585553
394,41.0486,0.2494,6.2024436,0.03768434,133.49,1.2471255502438372,0.0285764360356256,0.0001350934585553
394,45.1694,0.2457,6.825096,0.03712527,133.49,1.3523327502406994,0.0285764360356256,0.0001350934585553
394,50.1785,0.3627,7.581971,0.05480397,133.49,1.209502336864389,0.0285764360356256,0.0001350934585553
394,54.1628,0.3316,8.183999,0.05010476,133.49,1.3526715645974141,0.0285764360356256,0.0001350934585553
394,34.28635,3.0789423,5.310327,0.5870464,133.79,1.2323354227675578,0.0285764360356256,0.0001350934585553
395,5.8467,,2.8058314,,99.34,1.6267149196021866,,
395,5.8776,,2.8206604,,99.34,1.709051019798284,,
395,5.8818,,2.8226757,,99.34,1.7321102598153617,,
395,7.3479,0.1135,3.5262573,0.05446865,99.34,1.3642962058293866,,
395,9.0286,0.1097,4.332825,0.05264503,99.34,1.2421485574644953,,
395,10.5955,0.111,5.08478,0.0532689,99.34,1.505240058791838,,
395,11.8025,0.2117,5.6640196,0.10159483,99.34,1.6383235912959067,,
395,12.5794,0.207,6.0368543,0.0993393,99.34,1.3629822420663773,,
395,13.5275,0.0811,6.491847,0.03891989,99.34,1.4999810218222613,,
395,14.1843,0.1013,6.8070455,0.04861387,99.34,1.5497293507212482,,
395,15.0501,0.1677,7.222543,0.08047923,99.34,1.4763937767172868,,
395,16.3791,0.2127,7.86033,0.10207473,99.34,1.5461335557293094,,
395,10.402105,1.5089592,5.849534,1.0427862,99.67,1.0086453325559983,,
396,5.9627,,5.485684,,7.02,1.2983745470217976,,
396,6.3953,,5.883676,,7.02,1.3882685546050872,,
396,6.4966,,5.976872,,7.02,0.8024779308570231,,
396,5.7378,0.0121,5.278776,0.011132,7.02,1.655962508813682,,
396,7.1417,0.0169,6.570364,0.015548,7.02,1.4100245084449121,,
396,8.7538,0.0108,8.053496,0.009936,7.02,0.9291363316982033,,
396,10.6474,0.0135,9.795608,0.01242,7.02,1.6163570725758272,,
396,12.7978,0.0141,11.773976,0.012972,7.02,1.5170569664405447,,
396,15.1161,0.0174,13.906812,0.016008,7.02,1.558299543463637,,
396,17.4499,0.0227,16.053907,0.020884,7.02,1.1920424618618561,,
396,19.806,0.0335,18.22152,0.03082,7.02,1.6542025066949921,,
396,22.1617,0.0487,20.388763,0.044804,7.02,1.2140275821323623,,
397,4.0381,,3.0612836,,31.2,1.3705091529455915,,
397,3.8049,,2.8844948,,31.2,0.8006423036998738,,
397,3.9266,,2.9767554,,31.2,1.4448731146778622,,
397,4.9443,0.0232,3.7482738,0.01758792,31.2,1.5181757921279369,,
397,6.0718,0.0342,4.6030316,0.02592702,31.2,1.3671093654887922,,
397,7.188,0.0377,5.4492226,0.02858037,31.2,1.296558817043616,,
397,8.3493,0.032,6.329604,0.0242592,31.2,1.6099364737117083,,
397,9.5995,0.0436,7.277381,0.03305316,31.2,1.4813727171652418,,
397,10.9242,0.0733,8.281636,0.05556873,31.2,1.078074039720023,,
397,12.3003,0.0999,9.324858,0.07573419,31.2,1.759073338079986,,
397,13.6521,0.0989,10.349657,0.07497609,31.2,1.5072671941953408,,
397,14.8884,0.13,11.286896,0.098553,31.2,1.7879389289124248,,
397,12.221408,2.3075483,8.416301,1.6730253,37.0,1.7712613162688684,,
398,11.881,,8.38561,,110.67,1.71890972281009,0.0363858386324048,0.0001501038428392
398,11.375,,8.028475,,110.67,1.5553715412253077,0.0363858386324048,0.0001501038428392
398,11.633,,8.210571,,110.67,1.4094293684969674,0.0363858386324048,0.0001501038428392
398,4.0164,0.0228,2.8347752,0.01609224,110.67,0.9721706636829243,0.0363858386324048,0.0001501038428392
398,6.1223,0.0256,4.3211193,0.01806848,110.67,1.3433514174237577,0.0363858386324048,0.0001501038428392
398,8.8689,0.0405,6.25967,0.0285849,110.67,1.5653765223943275,0.0363858386324048,0.0001501038428392
398,11.9739,0.0507,8.451179,0.03578406,110.67,1.320857158705568,0.0363858386324048,0.0001501038428392
398,15.0329,0.0414,10.610221,0.02922012,110.67,1.668239128405658,0.0363858386324048,0.0001501038428392
398,18.358,0.056,12.957076,0.0395248,110.67,0.9096558991916983,0.0363858386324048,0.0001501038428392
398,21.7937,0.0772,15.381993,0.05448776,110.67,1.180940348048634,0.0363858386324048,0.0001501038428392
398,25.2783,0.1119,17.841425,0.07897902,110.67,1.3059644185936574,0.0363858386324048,0.0001501038428392
398,28.8253,0.1587,20.344896,0.11201046,110.67,1.2323252958691082,0.0363858386324048,0.0001501038428392
398,26.492397,3.416056,12.477319,1.8674557,122.0,0.9085865478215531,0.0363858386324048,0.0001501038428392
399,20.699,,14.400294,,48.33,0.9535282940446306,0.0368638359808237,7.13827151e-05
399,20.075,,13.966178,,48.33,1.637617292855487,0.0368638359808237,7.13827151e-05
399,19.775,,13.757467,,48.33,1.2843842592014512,0.0368638359808237,7.13827151e-05
399,13.019,0.0307,9.057319,0.02135799,48.33,0.8487224267527277,0.0368638359808237,7.13827151e-05
399,17.6314,0.0506,12.266165,0.03520242,48.33,0.81649125897765,0.0368638359808237,7.13827151e-05
399,23.0037,0.0709,16.003674,0.04932513,48.33,1.2734754019943266,0.0368638359808237,7.13827151e-05
399,29.081,0.0673,20.231651,0.04682061,48.33,0.9643787259244437,0.0368638359808237,7.13827151e-05
399,35.8087,0.0835,24.912113,0.05809095,48.33,1.505125945999222,0.0368638359808237,7.13827151e-05
399,43.3156,0.0972,30.134663,0.06762204,48.33,1.5953234625277513,0.0368638359808237,7.13827151e-05
399,51.9189,0.1217,36.11998,0.08466669,48.33,1.0282967084571055,0.0368638359808237,7.13827151e-05
399,61.8742,0.1535,43.04588,0.10678995,48.33,1.392176944881781,0.0368638359808237,7.13827151e-05
399,72.5632,0.1924,50.48222,0.13385268,48.33,0.954444643485386,0.0368638359808237,7.13827151e-05
399,40.1903,3.5165803,25.416822,2.6303444,49.48,1.1035826515943872,0.0368638359808237,7.13827151e-05
400,7.196499,1.8890427,5.716382,1.5451176,9.0,1.6887954941814334,0.1110768437009846,0.0002001384571189
401,9.933933,2.1501303,5.716382,1.2909948,147.0,1.3440980914823109,0.1160803051289569,0.0002001384571189
402,8.074604,1.9708011,6.7161636,1.6954664,142.0,1.6858886951442003,0.1107432796057864,0.0002001384571189
403,11.619,,9.1976,,174.21,1.025247804179507,0.0277091693881104,0.0001300899971273
403,10.984,,8.694935,,174.21,1.130024343248666,0.0277091693881104,0.0001300899971273
403,10.525,,8.33159,,174.21,1.270952138456817,0.0277091693881104,0.0001300899971273
403,11.1089,0.0214,8.793805,0.01694024,174.21,1.280080075194543,0.0277091693881104,0.0001300899971273
403,14.523,0.0288,11.496407,0.02279808,174.21,1.7976479671837005,0.0277091693881104,0.0001300899971273
403,17.5124,0.0265,13.862816,0.0209774,174.21,0.9144453189711301,0.0277091693881104,0.0001300899971273
403,20.2364,0.0289,16.019135,0.02287724,174.21,1.6519650356015907,0.0277091693881104,0.0001300899971273
403,22.7219,0.0248,17.986656,0.01963168,174.21,1.6636820394218703,0.0277091693881104,0.0001300899971273
403,25.1908,0.0292,19.941038,0.02311472,174.21,1.3531986315377873,0.0277091693881104,0.0001300899971273
403,27.7864,0.0416,21.995714,0.03293056,174.21,1.1440371682591537,0.0277091693881104,0.0001300899971273
403,30.349,0.0327,24.02427,0.02588532,174.21,1.3192261042882962,0.0277091693881104,0.0001300899971273
403,32.9,0.0655,26.04364,0.0518498,174.21,1.0924677048065639,0.0277091693881104,0.0001300899971273
403,27.297398,2.4513288,20.898796,2.2036173,165.19,1.5991074484399395,0.0277091693881104,0.0001300899971273
404,11.606,,2.7668705,,12.94,1.2982791587103302,0.0385109754829122,0.000289867203817
404,10.385,,2.475784,,12.94,1.7258421788774507,0.0385109754829122,0.000289867203817
404,8.8386,,2.1071222,,12.94,1.4226913443560438,0.0385109754829122,0.000289867203817
404,18.2032,0.1535,4.339643,0.0365944,12.94,1.3143193331146834,0.0385109754829122,0.000289867203817
404,21.7987,0.2244,5.1968102,0.05349696,12.94,1.5110693539776523,0.0385109754829122,0.000289867203817
404,25.2572,0.2589,6.0213165,0.06172176,12.94,1.3039329644302344,0.0385109754829122,0.000289867203817
404,28.535,0.2145,6.802744,0.0511368,12.94,1.704506350419447,0.0385109754829122,0.000289867203817
404,31.239,0.1723,7.4473777,0.04107632,12.94,0.9844459608868413,0.0385109754829122,0.000289867203817
404,33.9434,0.2288,8.092107,0.05454592,12.94,1.7733486837459056,0.0385109754829122,0.000289867203817
404,37.1015,0.1832,8.844997,0.04367488,12.94,1.612190551851192,0.0385109754829122,0.000289867203817
404,39.8131,0.2554,9.491443,0.06088736,12.94,1.6607333618648696,0.0385109754829122,0.000289867203817
404,43.4607,0.2337,10.361031,0.05571408,12.94,1.2829078323710712,0.0385109754829122,0.000289867203817
404,40.282948,2.5043828,6.2247405,0.48159716,14.01,1.6372015493375973,0.0385109754829122,0.000289867203817
405,28.715822,4.760685,10.522556,2.1518917,158.08,1.1067740835772053,0.0201369308630172,9.30643812878e-05
406,7.1799474,1.8351008,6.3991346,1.6867684,26.0,1.5619481785641751,,
407,9.421526,3.9699774,7.8184605,3.3801422,95.0,0.9404501583890227,0.0334181188774268,0.0001440996916705
408,22.290575,2.4123194,13.095475,1.6196078,69.23,1.1070519159625087,0.0656440796786155,0.0001314242585979
409,5.2155,,4.701773,,93.24,1.2457326633597328,0.0921610909904878,0.0001314242585979
409,4.924,,4.438986,,93.24,1.122319718143422,0.0921610909904878,0.0001314242585979
409,4.8041,,4.3308964,,93.24,1.1870171156241835,0.0921610909904878,0.0001314242585979
409,6.3325,0.0083,5.708749,0.00748245,93.24,1.620104744783698,0.0921610909904878,0.0001314242585979
409,7.9321,0.0088,7.1507883,0.0079332,93.24,1.0566758921421675,0.0921610909904878,0.0001314242585979
409,9.8555,0.0152,8.884733,0.0137028,93.24,1.5452811721545723,0.0921610909904878,0.0001314242585979
409,12.1247,0.0192,10.930417,0.0173088,93.24,0.8737120691116519,0.0921610909904878,0.0001314242585979
409,14.7321,0.0282,13.280988,0.0254223,93.24,1.5657391075150608,0.0921610909904878,0.0001314242585979
409,17.295,0.0397,15.591442,0.03578955,93.24,1.592023242829773,0.0921610909904878,0.0001314242585979
409,19.5327,0.0256,17.608728,0.0230784,93.24,1.2016987755024822,0.0921610909904878,0.0001314242585979
409,21.2898,0.0373,19.192755,0.03362595,93.24,1.5224778231674705,0.0921610909904878,0.0001314242585979
409,22.9321,0.057,20.673288,0.0513855,93.24,1.7151384037450992,0.0921610909904878,0.0001314242585979
409,17.74685,1.8388634,14.392003,1.7059247,72.35,1.600712973554527,0.0921610909904878,0.0001314242585979
410,,,,,,,0.0289183392332037,0.0001911322240036
411,13.462,,2.658745,,157.19,1.2842135142800646,0.0356763478019183,0.0001427654301999
411,12.695,,2.5072625,,157.19,1.5793575447858055,0.0356763478019183,0.0001427654301999
411,13.207,,2.6083825,,157.19,1.0925945898491236,0.0356763478019183,0.0001427654301999
411,17.0972,0.1416,3.376697,0.027966,157.19,1.6038827403088736,0.0356763478019183,0.0001427654301999
411,20.827,0.223,4.1133323,0.0440425,157.19,1.128071142560941,0.0356763478019183,0.0001427654301999
411,24.1276,0.246,4.765201,0.048585,157.19,1.6059905823855383,0.0356763478019183,0.0001427654301999
411,26.7415,0.2555,5.2814465,0.05046125,157.19,0.8868004433507234,0.0356763478019183,0.0001427654301999
411,29.1327,0.1916,5.7537084,0.037841,157.19,0.8443972969105902,0.0356763478019183,0.0001427654301999
411,31.9382,0.2857,6.3077946,0.05642575,157.19,1.7976754473698224,0.0356763478019183,0.0001427654301999
411,34.6281,0.2445,6.83905,0.04828875,157.19,1.669457123234689,0.0356763478019183,0.0001427654301999
411,38.6269,0.2842,7.628813,0.0561295,157.19,1.682847503466204,0.0356763478019183,0.0001427654301999
411,42.0319,0.2538,8.3013,0.0501255,157.19,1.7512799476066174,0.0356763478019183,0.0001427654301999
411,26.676033,3.3783112,4.96731,0.70589876,157.93,1.238316309414488,0.0356763478019183,0.0001427654301999
412,11.06,,4.431742,,70.45,1.0868355546801522,0.0291494991511761,0.0001427654301999
412,10.232,,4.099962,,70.45,0.930024995017903,0.0291494991511761,0.0001427654301999
412,9.9909,,4.0033536,,70.45,1.3012091335384646,0.0291494991511761,0.0001427654301999
412,9.1075,0.0897,3.6493752,0.03594279,70.45,1.020048320476608,0.0291494991511761,0.0001427654301999
412,12.3983,0.2067,4.967999,0.08282469,70.45,1.7355508567393199,0.0291494991511761,0.0001427654301999
412,15.2167,0.1782,6.0973315,0.07140474,70.45,0.8040031624427791,0.0291494991511761,0.0001427654301999
412,17.3736,0.1603,6.9616017,0.06423221,70.45,0.9431967377431216,0.0291494991511761,0.0001427654301999
412,19.6653,0.1818,7.8798857,0.07284726,70.45,1.0464758530834268,0.0291494991511761,0.0001427654301999
412,22.5621,0.2229,9.040633,0.08931603,70.45,0.9989567115931951,0.0291494991511761,0.0001427654301999
412,27.1387,0.3467,10.874477,0.13892269,70.45,1.0257784365797105,0.0291494991511761,0.0001427654301999
412,32.1235,0.2425,12.871886,0.09716975,70.45,1.4560476050611784,0.0291494991511761,0.0001427654301999
412,36.5892,0.516,14.661292,0.2067612,70.45,1.1275120783131491,0.0291494991511761,0.0001427654301999
412,22.915073,3.324126,8.772457,1.3925822,67.0,1.4150243819033732,0.0291494991511761,0.0001427654301999
413,3.8811,,3.0039713,,147.46,1.6902579336462913,,
413,3.7061,,2.8685215,,147.46,1.402556765525702,,
413,3.2549,,2.5192926,,147.46,1.4945327912863815,,
413,4.9439,0.0463,3.8265786,0.0358362,147.46,1.1655032982213573,,
413,5.7895,0.0562,4.481073,0.0434988,147.46,0.9597384676227092,,
413,6.764,0.0598,5.235336,0.0462852,147.46,1.1205840624499062,,
413,7.8599,0.086,6.0835624,0.066564,147.46,1.7642826487041081,,
413,9.2725,0.0905,7.176915,0.070047,147.46,1.4218113844531373,,
413,10.7299,0.0867,8.304942,0.0671058,147.46,1.0775111194340152,,
413,12.197,0.0776,9.440478,0.0600624,147.46,1.250915267162104,,
413,13.3377,0.0789,10.3233795,0.0610686,147.46,1.6355130374309943,,
413,14.387,0.0908,11.135538,0.0702792,147.46,1.4684435707057735,,
413,10.767658,2.15703,8.056033,1.7070765,96.64,1.3606528407291683,,
414,29.862162,2.887927,5.6639743,0.65117556,30.13,1.6851628766338411,0.0105005977168378,0.0002001384571189
415,11.548,,7.604358,,97.72,1.4724395722167904,0.0250703438309979,1.5343948061e-05
415,9.7901,,6.4467807,,97.72,1.4427297307910956,0.0250703438309979,1.5343948061e-05
415,8.5839,,5.6524982,,97.72,0.9897681372107682,0.0250703438309979,1.5343948061e-05
415,13.3899,0.0566,8.817249,0.0372711,97.72,0.9063886830124078,0.0250703438309979,1.5343948061e-05
415,17.4025,0.0688,11.459546,0.0453048,97.72,1.765142117057399,0.0250703438309979,1.5343948061e-05
415,22.2215,0.0757,14.632857,0.04984845,97.72,1.3988583701003527,0.0250703438309979,1.5343948061e-05
415,26.6437,0.0487,17.544876,0.03206895,97.72,1.215683409146429,0.0250703438309979,1.5343948061e-05
415,30.4511,0.0315,20.05205,0.02074275,97.72,1.3890208209102175,0.0250703438309979,1.5343948061e-05
415,33.0199,0.0307,21.743605,0.02021595,97.72,0.8618119610717154,0.0250703438309979,1.5343948061e-05
415,35.3069,0.0403,23.249594,0.02653755,97.72,1.6221272739041068,0.0250703438309979,1.5343948061e-05
415,37.6648,0.0911,24.80227,0.05998935,97.72,1.016645535564336,0.0250703438309979,1.5343948061e-05
415,40.3833,0.1007,26.592403,0.06631095,97.72,1.604546006317947,0.0250703438309979,1.5343948061e-05
415,32.071648,6.4247494,19.912292,4.555767,97.55,1.3343784432636108,0.0250703438309979,1.5343948061e-05
417,9.730188,1.5235119,5.1656055,1.2308103,88.0,1.0765720136569028,,
418,,,,,,,0.1148127615672039,0.0004086160166177
420,7.216,,6.2974033,,124.52,1.6158333553266058,0.0351232985320798,0.0001634464066471
420,6.8249,,5.9560905,,124.52,0.9764601414693067,0.0351232985320798,0.0001634464066471
420,6.8124,,5.9451814,,124.52,0.8518051156398735,0.0351232985320798,0.0001634464066471
420,8.8719,0.0175,7.742507,0.01527225,124.52,1.5558777308258809,0.0351232985320798,0.0001634464066471
420,10.9083,0.0201,9.519673,0.01754127,124.52,1.1500432223729788,0.0351232985320798,0.0001634464066471
420,13.1627,0.0271,11.487088,0.02365017,124.52,1.18933400559165,0.0351232985320798,0.0001634464066471
420,15.7873,0.0197,13.777576,0.01719219,124.52,1.047067587280719,0.0351232985320798,0.0001634464066471
420,18.8885,0.028,16.483994,0.0244356,124.52,1.659178478696897,0.0351232985320798,0.0001634464066471
420,22.5119,0.0307,19.646135,0.02679189,124.52,1.0973295261065321,0.0351232985320798,0.0001634464066471
420,26.7572,0.0397,23.35101,0.03464619,124.52,1.010192569751024,0.0351232985320798,0.0001634464066471
420,31.5568,0.0491,27.53962,0.04284957,124.52,1.1092497263361563,0.0351232985320798,0.0001634464066471
420,36.6196,0.1073,31.957926,0.09364071,124.52,1.003149575167397,0.0351232985320798,0.0001634464066471
421,7.854549,1.3745183,6.1676717,1.2196842,26.0,1.1176552208052075,,
422,,,,,,,0.1180149768811062,0.0004086160166177
423,9.292258,2.1182253,5.677031,1.3522255,28.0,0.9585300291194584,,
424,12.714,,3.1683288,,60.06,1.217052883396148,0.0191702621151329,7.00484599916e-05
424,12.588,,3.1369295,,60.06,1.6794668555898764,0.0191702621151329,7.00484599916e-05
424,11.327,,2.8226883,,60.06,0.8572907467222859,0.0191702621151329,7.00484599916e-05
424,19.5395,0.1632,4.8692436,0.04066944,60.06,1.0126747067600306,0.0191702621151329,7.00484599916e-05
424,21.645,0.1297,5.393934,0.03232124,60.06,1.7083456755415964,0.0191702621151329,7.00484599916e-05
424,23.8717,0.18,5.9488277,0.044856,60.06,1.6900146741599218,0.0191702621151329,7.00484599916e-05
424,26.0638,0.1803,6.495099,0.04493076,60.06,1.4794508332959413,0.0191702621151329,7.00484599916e-05
424,28.4488,0.3063,7.089441,0.07632996,60.06,1.0404735540952381,0.0191702621151329,7.00484599916e-05
424,31.1879,0.2317,7.7720246,0.05773964,60.06,1.2198105610557857,0.0191702621151329,7.00484599916e-05
424,34.2153,0.2481,8.526453,0.06182652,60.06,1.011220994437965,0.0191702621151329,7.00484599916e-05
424,37.9177,0.2856,9.449091,0.07117152,60.06,0.9285885091252033,0.0191702621151329,7.00484599916e-05
424,41.9079,0.286,10.443449,0.0712712,60.06,1.1799983945138917,0.0191702621151329,7.00484599916e-05
424,35.491245,3.6774726,7.0814347,0.86419713,60.0,1.3758216050703502,0.0191702621151329,7.00484599916e-05
425,17.928,,6.595711,,33.32,1.1599326754648054,0.0197503300766825,0.0002334948666387
425,18.708,,6.8826733,,33.32,1.4108245504659698,0.0197503300766825,0.0002334948666387
425,20.821,,7.660046,,33.32,1.0962547353793055,0.0197503300766825,0.0002334948666387
425,7.7436,0.0614,2.8488705,0.02258906,33.32,1.1458505277607904,0.0197503300766825,0.0002334948666387
425,10.7248,0.0676,3.945654,0.02487004,33.32,1.5906735916446095,0.0197503300766825,0.0002334948666387
425,14.4263,0.0683,5.307436,0.02512757,33.32,1.6783147308938582,0.0197503300766825,0.0002334948666387
425,18.5477,0.0525,6.823699,0.01931475,33.32,1.122034081531052,0.0197503300766825,0.0002334948666387
425,22.8958,0.0946,8.423365,0.03480334,33.32,1.3715158013452764,0.0197503300766825,0.0002334948666387
425,28.3263,0.1181,10.421246,0.04344899,33.32,1.0781622838922682,0.0197503300766825,0.0002334948666387
425,34.3286,0.1752,12.629492,0.06445608,33.32,0.8533346417074276,0.0197503300766825,0.0002334948666387
425,41.116,0.3306,15.126576,0.12162774,33.32,1.537857181360408,0.0197503300766825,0.0002334948666387
425,47.0166,0.3117,17.297407,0.11467443,33.32,0.9710034832361504,0.0197503300766825,0.0002334948666387
425,33.583138,3.4797614,11.069328,1.3375773,29.0,1.225712523746917,0.0197503300766825,0.0002334948666387
426,10.688,,4.002656,,177.19,1.2870454933791569,0.0220312413596475,2.9020075646e-05
426,9.9907,,3.741517,,177.19,0.984471584179106,0.0220312413596475,2.9020075646e-05
426,8.7349,,3.27122,,177.19,0.8945553506633963,0.0220312413596475,2.9020075646e-05
426,14.9625,0.0671,5.603456,0.02512895,177.19,1.1480130146710708,0.0220312413596475,2.9020075646e-05
426,17.7551,0.0902,6.649285,0.0337799,177.19,1.7522859075503185,0.0220312413596475,2.9020075646e-05
426,20.4423,0.0748,7.6556416,0.0280126,177.19,1.4151355899884215,0.0220312413596475,2.9020075646e-05
426,23.0672,0.1081,8.638666,0.04048345,177.19,1.1814102284029024,0.0220312413596475,2.9020075646e-05
426,25.6531,0.0973,9.607086,0.03643885,177.19,0.838910820774215,0.0220312413596475,2.9020075646e-05
426,28.3152,0.0724,10.604042,0.0271138,177.19,1.4002732813910819,0.0220312413596475,2.9020075646e-05
426,31.098,0.1005,11.646201,0.03763725,177.19,0.8922576409353726,0.0220312413596475,2.9020075646e-05
426,33.9442,0.1132,12.712103,0.0423934,177.19,1.3425440710475263,0.0220312413596475,2.9020075646e-05
426,36.9995,0.1676,13.856313,0.0627662,177.19,1.551950508271743,0.0220312413596475,2.9020075646e-05
426,16.410479,2.0026858,6.4583454,0.8424067,176.34,1.2235853482947863,0.0220312413596475,2.9020075646e-05
427,9.3998575,3.636187,5.9172683,2.3961437,152.35,1.0994114948165246,,
428,,,,,,,0.1135785744149707,0.0002001384571189
429,8.111876,1.4008712,6.3697333,1.138454,119.0,0.8247778751615968,,
430,7.5166,,2.4135802,,134.37,1.2300265696455213,,
430,7.0627,,2.267833,,134.37,1.683345270702968,,
430,6.6226,,2.1265168,,134.37,1.0440627787931904,,
430,5.9717,0.1447,1.9175129,0.04646317,134.37,1.3740555057818213,,
430,8.2605,0.1548,2.6524465,0.04970628,134.37,1.4843058196797618,,
430,10.3971,0.193,3.3385088,0.0619723,134.37,0.8608298675013615,,
430,12.3528,0.1727,3.966484,0.05545397,134.37,0.9531003758033771,,
430,13.4776,0.143,4.327657,0.0459173,134.37,1.131276793419567,,
430,14.6608,0.1589,4.707583,0.05102279,134.37,1.4700931741485705,,
430,15.7232,0.1788,5.0487194,0.05741268,134.37,1.239035112228097,,
430,16.8686,0.1895,5.4165072,0.06084845,134.37,1.5341950682182453,,
430,18.1759,0.1642,5.8362813,0.05272462,134.37,1.6675978655731925,,
430,17.66531,2.684608,3.7767763,0.62347424,137.5,1.558372276598543,,
431,15.625,,4.6359377,,33.95,1.7922472073132492,0.0220005534628893,6.671281904e-06
431,15.493,,4.596773,,33.95,1.5543610687316498,0.0220005534628893,6.671281904e-06
431,15.672,,4.6498823,,33.95,1.6521791950074505,0.0220005534628893,6.671281904e-06
431,10.7513,0.0665,3.1899107,0.01973055,33.95,1.632366358465001,0.0220005534628893,6.671281904e-06
431,14.3704,0.1024,4.2636976,0.03038208,33.95,1.5302657622800466,0.0220005534628893,6.671281904e-06
431,18.2295,0.1633,5.408693,0.04845111,33.95,1.6018018166558905,0.0220005534628893,6.671281904e-06
431,22.275,0.1425,6.6089926,0.04227975,33.95,1.7346832278674102,0.0220005534628893,6.671281904e-06
431,26.7209,0.1398,7.928091,0.04147866,33.95,1.2752073785262925,0.0220005534628893,6.671281904e-06
431,31.6976,0.1665,9.404678,0.04940055,33.95,1.4382870239125436,0.0220005534628893,6.671281904e-06
431,36.9134,0.283,10.952206,0.0839661,33.95,1.3149397215727727,0.0220005534628893,6.671281904e-06
431,42.2791,0.2603,12.544209,0.07723101,33.95,1.651036987192073,0.0220005534628893,6.671281904e-06
431,47.4985,0.2806,14.092805,0.08325402,33.95,1.2313596028715073,0.0220005534628893,6.671281904e-06
431,24.895523,2.1783142,7.398118,0.7748492,32.49,1.619726771144733,0.0220005534628893,6.671281904e-06
432,33.04618,3.9567652,11.833719,1.873793,8.67,1.5993545750571387,0.0260813766035435,8.80609198599e-05
433,7.7111874,1.9531232,5.3348384,1.3943195,127.0,1.7618861013685905,0.1247996705774366,0.0002968720447264
434,5.7007,,2.3008025,,21.69,1.048920699257419,0.0909145619667323,7.3384102534e-06
434,5.1235,,2.0678446,,21.69,1.5096195098859124,0.0909145619667323,7.3384102534e-06
434,5.1176,,2.0654633,,21.69,1.5569194976474863,0.0909145619667323,7.3384102534e-06
434,5.9121,0.083,2.3861237,0.0334988,21.69,1.7362784928046657,0.0909145619667323,7.3384102534e-06
434,7.66,0.1154,3.091576,0.04657544,21.69,1.706902418055531,0.0909145619667323,7.3384102534e-06
434,9.2751,0.1635,3.7434304,0.0659886,21.69,1.3735258617084485,0.0909145619667323,7.3384102534e-06
434,10.3546,0.1987,4.1791167,0.08019532,21.69,1.3791531858639798,0.0909145619667323,7.3384102534e-06
434,11.3558,0.123,4.583201,0.0496428,21.69,0.9672912284042294,0.0909145619667323,7.3384102534e-06
434,12.3462,0.1766,4.9829264,0.07127576,21.69,1.774962702423771,0.0909145619667323,7.3384102534e-06
434,12.9803,0.114,5.238849,0.0460104,21.69,1.055017462703427,0.0909145619667323,7.3384102534e-06
434,14.5375,0.1626,5.867335,0.06562536,21.69,1.524736218451292,0.0909145619667323,7.3384102534e-06
434,16.1582,0.2004,6.5214496,0.08088144,21.69,1.5957950048053124,0.0909145619667323,7.3384102534e-06
434,10.118619,2.1901042,4.700253,1.0646511,20.04,1.241215504611381,0.0909145619667323,7.3384102534e-06
435,6.3918,,3.8721523,,133.13,1.0111937200290582,0.0289633703860555,0.0002311599281519
435,4.9985,,3.0280912,,133.13,0.9889603842196868,0.0289633703860555,0.0002311599281519
435,4.5298,,2.7441528,,133.13,1.6564960009015919,0.0289633703860555,0.0002311599281519
435,9.3706,0.0325,5.6767097,0.0196885,133.13,1.3107564867485149,0.0289633703860555,0.0002311599281519
435,11.6763,0.0433,7.0735025,0.02623114,133.13,0.8901369820382667,0.0289633703860555,0.0002311599281519
435,14.3572,0.0583,8.697592,0.03531814,133.13,1.5170194727628887,0.0289633703860555,0.0002311599281519
435,17.5263,0.0846,10.617433,0.05125068,133.13,1.0501710528050296,0.0289633703860555,0.0002311599281519
435,20.9201,0.1079,12.673396,0.06536582,133.13,1.6763947507508794,0.0289633703860555,0.0002311599281519
435,24.2467,0.082,14.688651,0.0496756,133.13,1.1095717860299752,0.0289633703860555,0.0002311599281519
435,28.0121,0.1088,16.96973,0.06591104,133.13,1.0002708300901433,0.0289633703860555,0.0002311599281519
435,32.4378,0.1436,19.65082,0.08699288,133.13,0.8848584435549344,0.0289633703860555,0.0002311599281519
435,37.8302,0.2433,22.917536,0.14739114,133.13,1.3115311366376474,0.0289633703860555,0.0002311599281519
436,30.138474,2.775856,6.1818895,0.6714319,166.02,1.2507375878182874,0.0272158280913124,0.000131090686868
437,12.685,,9.216921,,22.49,1.551312144603143,0.028001371535504,0.0001464346428818
437,11.267,,8.186603,,22.49,1.2646025871930364,0.028001371535504,0.0001464346428818
437,9.8113,,7.1288905,,22.49,1.143815968924371,0.028001371535504,0.0001464346428818
437,12.2256,0.0408,8.883121,0.02964528,22.49,1.061654915632944,0.028001371535504,0.0001464346428818
437,15.0783,0.0486,10.955893,0.03531276,22.49,1.0781467454699711,0.028001371535504,0.0001464346428818
437,19.2499,0.0595,13.986978,0.0432327,22.49,1.727847901827814,0.028001371535504,0.0001464346428818
437,23.6063,0.0851,17.152338,0.06183366,22.49,0.9650786020878124,0.028001371535504,0.0001464346428818
437,29.1438,0.0783,21.175884,0.05689278,22.49,1.7881764245571503,0.028001371535504,0.0001464346428818
437,35.0659,0.0696,25.478884,0.05057136,22.49,1.1269194551922248,0.028001371535504,0.0001464346428818
437,41.3351,0.1007,30.034084,0.07316862,22.49,0.8883902354174975,0.028001371535504,0.0001464346428818
437,47.7188,0.1215,34.67248,0.0882819,22.49,1.048690380787865,0.028001371535504,0.0001464346428818
437,54.1677,0.1607,39.35825,0.11676462,22.49,0.8584143795546187,0.028001371535504,0.0001464346428818
437,28.981525,2.802762,21.934172,2.521727,164.57,1.590029769163916,0.028001371535504,0.0001464346428818
439,21.683094,3.3950474,10.993127,1.9244244,104.0,1.3125529125411055,,
440,,,,,,,0.0292398950209748,0.0001524387940504
441,10.644402,2.2058678,9.486833,2.0589283,152.5,1.4620496046315625,0.0596309197344784,0.0002001384571189
442,9.9568,,2.6116686,,1.49,1.4306465259503203,,
442,9.4392,,2.475902,,1.49,1.7398720892275903,,
442,9.0839,,2.3827069,,1.49,1.7612605167483797,,
442,8.6854,0.0313,2.2781804,0.00820999,1.49,1.4806837756654052,,
442,11.529,0.0316,3.0240567,0.00828868,1.49,1.6178159272441686,,
442,13.8306,0.0545,3.6277664,0.01429535,1.49,1.5924251003351786,,
442,16.1513,0.0639,4.236486,0.01676097,1.49,1.2913035326998998,,
442,18.4194,0.1169,4.8314085,0.03066287,1.49,1.504458288033417,,
442,20.6672,0.0782,5.4210067,0.02051186,1.49,0.8782590076835702,,
442,23.0235,0.1209,6.039064,0.03171207,1.49,1.558021083150307,,
442,25.437,0.1204,6.672125,0.03158092,1.49,1.7618330071923678,,
442,27.4084,0.0866,7.1892233,0.02271518,1.49,0.8849747531257385,,
442,23.665804,2.1252086,6.4434915,0.65028036,175.18,1.6361157845918546,,
443,18.81,,8.583003,,103.68,1.7329800266492712,0.1140218810974891,0.0001214173357419
443,17.927,,8.18009,,103.68,1.0261888898020621,0.1140218810974891,0.0001214173357419
443,17.221,,7.857942,,103.68,1.3248111876092037,0.1140218810974891,0.0001214173357419
443,9.599,0.0248,4.3800235,0.01131624,103.68,1.7278582254629886,0.1140218810974891,0.0001214173357419
443,12.6211,0.0317,5.759008,0.01446471,103.68,1.760226004522968,0.1140218810974891,0.0001214173357419
443,16.1355,0.0373,7.3626285,0.01701999,103.68,0.9278823843523164,0.1140218810974891,0.0001214173357419
443,20.3155,0.042,9.269962,0.0191646,103.68,1.1490042255554507,0.1140218810974891,0.0001214173357419
443,25.3272,0.0513,11.556802,0.02340819,103.68,1.4981446411508568,0.1140218810974891,0.0001214173357419
443,30.9423,0.0593,14.118972,0.02705859,103.68,1.0215584993859304,0.1140218810974891,0.0001214173357419
443,37.2598,0.0923,17.001646,0.04211649,103.68,1.1247706286344807,0.1140218810974891,0.0001214173357419
443,44.4698,0.1407,20.29157,0.06420141,103.68,0.8232910600046933,0.1140218810974891,0.0001214173357419
443,51.9883,0.2307,23.722261,0.10526841,103.68,0.9535216809311989,0.1140218810974891,0.0001214173357419
443,23.287413,3.00279,9.486833,1.3676658,99.5,1.362329494417744,0.1140218810974891,0.0001214173357419
444,8.853627,2.038623,4.2376127,1.013274,38.0,1.4530900663041828,0.1137987267178015,0.0002968720447264
445,7.381103,1.8355267,5.118247,1.3119738,115.54,1.4489118310958369,0.1341261226791769,0.0002064761800174
446,14.89,,13.34144,,55.5,1.5783604707782168,0.0106133423810148,7.3384102534e-06
446,15.541,,13.924736,,55.5,1.2152814137387915,0.0106133423810148,7.3384102534e-06
446,15.65,,14.0224,,55.5,1.0734907162411556,0.0106133423810148,7.3384102534e-06
446,2.279,0.0252,2.041984,0.0225792,55.5,0.815580700042525,0.0106133423810148,7.3384102534e-06
446,5.9779,0.0307,5.3561983,0.0275072,55.5,1.006629826052387,0.0106133423810148,7.3384102534e-06
446,11.2604,0.034,10.089318,0.030464,55.5,1.1123878122020372,0.0106133423810148,7.3384102534e-06
446,15.6033,0.036,13.9805565,0.032256,55.5,0.9782068564804656,0.0106133423810148,7.3384102534e-06
446,19.6162,0.0591,17.576115,0.0529536,55.5,0.8201444714966023,0.0106133423810148,7.3384102534e-06
446,23.4103,0.0542,20.975628,0.0485632,55.5,0.9574476086651916,0.0106133423810148,7.3384102534e-06
446,26.9868,0.0957,24.180172,0.0857472,55.5,1.4660995535675725,0.0106133423810148,7.3384102534e-06
446,30.3157,0.1484,27.162867,0.1329664,55.5,1.4295854164725958,0.0106133423810148,7.3384102534e-06
446,17.66531,2.684608,10.892342,1.7981193,107.0,1.7356836393980424,0.0106133423810148,7.3384102534e-06
447,23.692,,9.429416,,126.83,1.5981682913973092,0.0455428401737844,0.0001414311814538
447,21.367,,8.504066,,126.83,1.3677561168411914,0.0455428401737844,0.0001414311814538
447,21.856,,8.698688,,126.83,0.9375563474932114,0.0455428401737844,0.0001414311814538
447,6.421,0.0376,2.555558,0.0149648,126.83,1.364071818925157,0.0455428401737844,0.0001414311814538
447,8.7895,0.0503,3.498221,0.0200194,126.83,0.8615950609141808,0.0455428401737844,0.0001414311814538
447,11.484,0.0622,4.570632,0.0247556,126.83,1.2308848974108528,0.0455428401737844,0.0001414311814538
447,14.4333,0.0811,5.7444534,0.0322778,126.83,1.1902586289471955,0.0455428401737844,0.0001414311814538
447,18.0314,0.1181,7.176497,0.0470038,126.83,1.2278138093629418,0.0455428401737844,0.0001414311814538
447,22.463,0.1524,8.940274,0.0606552,126.83,1.0798259183947874,0.0455428401737844,0.0001414311814538
447,27.4136,0.1521,10.910613,0.0605358,126.83,1.4858304476238238,0.0455428401737844,0.0001414311814538
447,32.1136,0.2678,12.781213,0.1065844,126.83,1.6409444672987794,0.0455428401737844,0.0001414311814538
447,35.8235,0.1542,14.257753,0.0613716,126.83,1.5685169925989775,0.0455428401737844,0.0001414311814538
447,25.949038,2.6289942,8.632195,1.0474297,126.41,1.4277520957908805,0.0455428401737844,0.0001414311814538
448,33.275246,3.2180014,14.325878,1.6122969,33.08,1.3383447993330133,0.0301635340005784,4.36968977434e-05
449,10.371,,6.157263,,16.32,0.8310841800080304,0.0340068595054516,6.67128190396e-05
449,10.15,,6.026055,,16.32,1.5229339986919213,0.0340068595054516,6.67128190396e-05
449,9.3172,,5.5316215,,16.32,1.3449829395784976,0.0340068595054516,6.67128190396e-05
449,15.4706,0.0683,9.1848955,0.04054971,16.32,1.0707410506638868,0.0340068595054516,6.67128190396e-05
449,19.1154,0.1175,11.348813,0.06975975,16.32,1.1278420388534416,0.0340068595054516,6.67128190396e-05
449,23.5144,0.1127,13.960499,0.06690999,16.32,1.7356067864697415,0.0340068595054516,6.67128190396e-05
449,28.7287,0.0923,17.056229,0.05479851,16.32,1.424362245117227,0.0340068595054516,6.67128190396e-05
449,34.9858,0.1073,20.771069,0.06370401,16.32,1.2759124346575283,0.0340068595054516,6.67128190396e-05
449,41.9895,0.1227,24.929167,0.07284699,16.32,1.4209217397084077,0.0340068595054516,6.67128190396e-05
449,49.6891,0.1436,29.50042,0.08525532,16.32,1.213742324985657,0.0340068595054516,6.67128190396e-05
449,57.8294,0.201,34.333313,0.1193337,16.32,1.2701822732030164,0.0340068595054516,6.67128190396e-05
449,65.7437,0.2609,39.032036,0.15489633,16.32,1.0903092567076704,0.0340068595054516,6.67128190396e-05
449,31.341606,2.5980017,17.993732,1.7480222,15.32,1.2398533005916446,0.0340068595054516,6.67128190396e-05
450,12.093,,8.768634,,178.76,1.4855922324379105,0.0182879850833338,1.56775118381e-05
450,11.846,,8.589535,,178.76,0.8399419250864693,0.0182879850833338,1.56775118381e-05
450,12.192,,8.840419,,178.76,1.595027407296155,0.0182879850833338,1.56775118381e-05
450,2.5568,0.027,1.8539357,0.0195777,178.76,1.082979540861313,0.0182879850833338,1.56775118381e-05
450,5.5626,0.0419,4.033441,0.03038169,178.76,1.4825597934324999,0.0182879850833338,1.56775118381e-05
450,8.5338,0.0562,6.1878586,0.04075062,178.76,1.44272531468006,0.0182879850833338,1.56775118381e-05
450,11.4978,0.0638,8.337055,0.04626138,178.76,1.4526280491413055,0.0182879850833338,1.56775118381e-05
450,14.592,0.0608,10.580659,0.04408608,178.76,1.4081289162558028,0.0182879850833338,1.56775118381e-05
450,17.7266,0.0674,12.853558,0.04887174,178.76,1.759101838069535,0.0182879850833338,1.56775118381e-05
450,20.9289,0.0864,15.175546,0.06264864,178.76,1.3083441626953909,0.0182879850833338,1.56775118381e-05
450,24.1736,0.0988,17.528276,0.07163988,178.76,1.5323191155153515,0.0182879850833338,1.56775118381e-05
450,27.4726,0.1103,19.920382,0.07997853,178.76,1.5054493312345776,0.0182879850833338,1.56775118381e-05
450,12.797385,2.3573656,8.262686,1.6125757,165.0,1.0362675772783305,0.0182879850833338,1.56775118381e-05
451,14.353,,4.4250298,,163.47,1.0833058391868255,0.0175943452186512,0.0002999999970354
451,14.317,,4.413931,,163.47,1.2240170981569678,0.0175943452186512,0.0002999999970354
451,15.912,,4.9056697,,163.47,1.0776979304632093,0.0175943452186512,0.0002999999970354
451,6.8119,0.1061,2.1001089,0.03271063,163.47,1.1667430989299596,0.0175943452186512,0.0002999999970354
451,10.7692,0.1454,3.3201444,0.04482682,163.47,1.190960613928306,0.0175943452186512,0.0002999999970354
451,14.5115,0.1877,4.4738955,0.05786791,163.47,1.403864560938344,0.0175943452186512,0.0002999999970354
451,18.6866,0.2211,5.761079,0.06816513,163.47,1.0198900427350617,0.0175943452186512,0.0002999999970354
451,22.8004,0.2897,7.029363,0.08931451,163.47,1.6042918658766874,0.0175943452186512,0.0002999999970354
451,26.4906,0.2554,8.167052,0.07873982,163.47,1.2375363567715048,0.0175943452186512,0.0002999999970354
451,29.3406,0.2496,9.045707,0.07695168,163.47,1.5062441116832468,0.0175943452186512,0.0002999999970354
451,32.6784,0.2025,10.074751,0.06243075,163.47,0.8814424812408179,0.0175943452186512,0.0002999999970354
451,36.1065,0.2414,11.131634,0.07442362,163.47,1.269965394124367,0.0175943452186512,0.0002999999970354
451,20.898796,3.224124,4.787637,0.8185231,168.81,0.8282195321773284,0.0175943452186512,0.0002999999970354
452,4.5693,,2.727415,,118.42,1.475909991815565,,
452,4.4547,,2.6590104,,118.42,1.1437100769970696,,
452,4.3503,,2.596694,,118.42,1.7492528141058288,,
452,4.0269,0.0626,2.4036567,0.03736594,118.42,1.1241242146014194,,
452,5.1975,0.0524,3.1023877,0.03127756,118.42,1.363805898017727,,
452,6.3575,0.072,3.7947917,0.0429768,118.42,1.0573875756946147,,
452,7.5377,0.0667,4.4992533,0.03981323,118.42,1.4201126289473405,,
452,8.7789,0.1174,5.240125,0.07007606,118.42,1.2670423501332346,,
452,10.0894,0.0751,6.0223627,0.04482719,118.42,1.170628261505633,,
452,11.385,0.1038,6.7957063,0.06195822,118.42,1.00368934908018,,
452,12.695,0.1471,7.5776453,0.08780399,118.42,0.9115213439714553,,
452,14.5177,0.1934,8.665615,0.11544046,118.42,0.9198791339566733,,
452,11.564351,2.2367437,5.0480223,1.0291886,125.0,1.7990400175055532,,
453,7.956,,2.5467155,,37.1,1.2123107268572348,,
453,8.0036,,2.5619524,,37.1,0.8019297078733395,,
453,7.9779,,2.5537257,,37.1,1.7529287906260143,,
453,10.2328,0.0738,3.2755194,0.02362338,37.1,0.8199799242298127,,
453,12.2177,0.0828,3.9108858,0.02650428,37.1,1.2185861255545336,,
453,14.1939,0.122,4.5434675,0.0390522,37.1,1.517477585970656,,
453,16.1652,0.1332,5.1744804,0.04263732,37.1,1.7145992443717617,,
453,18.1682,0.1202,5.815641,0.03847602,37.1,1.512886291432101,,
453,20.2978,0.1769,6.497326,0.05662569,37.1,1.2636257549000118,,
453,22.5983,0.1076,7.233716,0.03444276,37.1,1.7744420389841036,,
453,24.7807,0.1731,7.932302,0.05540931,37.1,0.8393193830332705,,
453,27.343,0.1925,8.752494,0.06161925,37.1,1.786892202538008,,
453,15.8168955,1.8209875,6.0830483,0.98057157,36.25,1.649391551708439,,
454,,,,,,,0.1181193824429032,0.0002304927846921
455,7.854549,1.3745183,6.4583454,1.1686665,32.5,1.0547724240975367,,
456,13.115,,6.759471,,149.55,0.9424580722842698,0.0342603682178022,8.00553828476e-05
456,12.373,,6.377044,,149.55,1.4633152793727002,0.0342603682178022,8.00553828476e-05
456,11.327,,5.837936,,149.55,1.31585943798612,0.0342603682178022,8.00553828476e-05
456,11.2064,0.0622,5.775779,0.03205788,149.55,1.3231679607443794,0.0342603682178022,8.00553828476e-05
456,13.8197,0.1147,7.1226735,0.05911638,149.55,1.7246191784832177,0.0342603682178022,8.00553828476e-05
456,17.0909,0.0798,8.80865,0.04112892,149.55,1.4200809066532623,0.0342603682178022,8.00553828476e-05
456,21.4244,0.1395,11.042136,0.0718983,149.55,1.11106383510459,0.0342603682178022,8.00553828476e-05
456,26.7763,0.1441,13.800505,0.07426914,149.55,1.200066556417876,0.0342603682178022,8.00553828476e-05
456,33.0427,0.0993,17.030207,0.05117922,149.55,0.9334958350918513,0.0342603682178022,8.00553828476e-05
456,39.8208,0.141,20.52364,0.0726714,149.55,0.9923140402756894,0.0342603682178022,8.00553828476e-05
456,46.6937,0.1552,24.065933,0.07999008,149.55,0.9433500702095385,0.0342603682178022,8.00553828476e-05
456,53.4798,0.1807,27.563488,0.09313278,149.55,1.6102913412113544,0.0342603682178022,8.00553828476e-05
456,28.256687,2.8627908,12.915798,1.5510343,151.79,1.5048734679721187,0.0342603682178022,8.00553828476e-05
457,8.8496,,2.65311,,23.08,1.3303450176108518,0.0334274586720924,0.0001150796128434
457,8.0609,,2.416658,,23.08,1.1743678336275707,0.0334274586720924,0.0001150796128434
457,8.3903,,2.5154119,,23.08,1.4684942903243505,0.0334274586720924,0.0001150796128434
457,16.6698,0.156,4.9976063,0.0467688,23.08,1.612905347695761,0.0334274586720924,0.0001150796128434
457,20.3501,0.2096,6.10096,0.06283808,23.08,1.6812332156717091,0.0334274586720924,0.0001150796128434
457,24.0265,0.2473,7.2031446,0.07414054,23.08,1.3470162282063336,0.0334274586720924,0.0001150796128434
457,27.4627,0.1913,8.233317,0.05735174,23.08,1.619885121819701,0.0334274586720924,0.0001150796128434
457,31.1222,0.2039,9.330436,0.06112922,23.08,1.311305953412695,0.0334274586720924,0.0001150796128434
457,35.0651,0.2905,10.512517,0.0870919,23.08,1.2745300891878908,0.0334274586720924,0.0001150796128434
457,40.4117,0.2234,12.115428,0.06697532,23.08,1.6654318556221002,0.0334274586720924,0.0001150796128434
457,46.8864,0.3367,14.056542,0.10094266,23.08,1.1863739362646641,0.0334274586720924,0.0001150796128434
457,53.464,0.3517,16.028507,0.10543966,23.08,1.1959126790407022,0.0334274586720924,0.0001150796128434
457,30.138474,2.7064595,7.9638166,0.8698176,24.15,1.1049113452849162,0.0334274586720924,0.0001150796128434
458,10.871,,10.00132,,105.64,1.3187017282946167,0.0207997227201759,1.63446409828e-05
458,10.815,,9.9498,,105.64,1.3448500336894607,0.0207997227201759,1.63446409828e-05
458,10.934,,10.05928,,105.64,1.460461145310457,0.0207997227201759,1.63446409828e-05
458,2.3974,0.0296,2.205608,0.027232,105.64,1.2305023101095705,0.0207997227201759,1.63446409828e-05
458,5.446,0.0281,5.01032,0.025852,105.64,1.0178372918835994,0.0207997227201759,1.63446409828e-05
458,8.7042,0.0327,8.007864,0.030084,105.64,1.6668420624138758,0.0207997227201759,1.63446409828e-05
458,12.3996,0.0319,11.407632,0.029348,105.64,1.1460008672380144,0.0207997227201759,1.63446409828e-05
458,15.4694,0.0383,14.231848,0.035236,105.64,1.7229434198401747,0.0207997227201759,1.63446409828e-05
458,17.9795,0.0531,16.54114,0.048852,105.64,1.007353333026456,0.0207997227201759,1.63446409828e-05
458,20.3746,0.0687,18.744633,0.063204,105.64,1.3600574762362305,0.0207997227201759,1.63446409828e-05
458,22.4113,0.1101,20.618397,0.101292,105.64,1.3366150935294523,0.0207997227201759,1.63446409828e-05
458,24.1014,0.0796,22.173288,0.073232,105.64,1.6286478479269952,0.0207997227201759,1.63446409828e-05
459,12.563807,2.0829048,4.1602674,0.74003345,120.5,0.9388513867508298,0.0328760772227298,0.0002064761800174
460,4.9093,,2.3981931,,176.14,1.7099371729174613,0.0358147769014255,0.0002064761800174
460,4.5523,,2.2237985,,176.14,1.3314281721720702,0.0358147769014255,0.0002064761800174
460,4.2948,,2.0980098,,176.14,1.3861093839143663,0.0358147769014255,0.0002064761800174
460,6.4001,0.0713,3.1264489,0.03483005,176.14,1.3101662932977671,0.0358147769014255,0.0002064761800174
460,8.0297,0.1186,3.9225085,0.0579361,176.14,0.8360249068362665,0.0358147769014255,0.0002064761800174
460,9.6596,0.1457,4.7187147,0.07117445,176.14,1.2970906618065983,0.0358147769014255,0.0002064761800174
460,10.9707,0.1062,5.359187,0.0518787,176.14,1.0635496626769907,0.0358147769014255,0.0002064761800174
460,12.1116,0.1643,5.916517,0.08026055,176.14,1.1426881803778315,0.0358147769014255,0.0002064761800174
460,13.1167,0.0864,6.407508,0.0422064,176.14,1.44910159918714,0.0358147769014255,0.0002064761800174
460,14.0157,0.1077,6.8466697,0.05261145,176.14,1.297697129474106,0.0358147769014255,0.0002064761800174
460,15.0196,0.1531,7.3370748,0.07478935,176.14,0.8932182126674605,0.0358147769014255,0.0002064761800174
460,16.3884,0.1635,8.0057335,0.07986975,176.14,0.873041274761759,0.0358147769014255,0.0002064761800174
460,10.450119,1.9249831,6.0134163,1.1736,172.07,0.9856576956173704,0.0358147769014255,0.0002064761800174
461,28.06217,3.4246233,9.5306225,1.3053166,151.25,0.9908851465722237,0.0186395616396727,7.004845681e-06
462,31.197605,3.0170758,8.853627,0.9964259,170.48,1.4083007569713648,0.0270954114529458,3.569135755e-05
463,12.141,,6.4760094,,103.51,0.9778144640455428,0.098901754226252,7.33841009436e-05
463,10.911,,5.819927,,103.51,1.6817194232747705,0.098901754226252,7.33841009436e-05
463,8.5608,,4.566331,,103.51,1.0097606606134133,0.098901754226252,7.33841009436e-05
463,5.9489,0.0243,3.1731431,0.01296162,103.51,0.8911314454263827,0.098901754226252,7.33841009436e-05
463,7.5476,0.0284,4.02589,0.01514856,103.51,1.675746016359647,0.098901754226252,7.33841009436e-05
463,9.398,0.0408,5.012893,0.02176272,103.51,1.0953275760767331,0.098901754226252,7.33841009436e-05
463,11.6534,0.041,6.215924,0.0218694,103.51,1.2254226298337358,0.098901754226252,7.33841009436e-05
463,14.2564,0.0726,7.604364,0.03872484,103.51,1.7590263840124423,0.098901754226252,7.33841009436e-05
463,17.3151,0.0846,9.235874,0.04512564,103.51,1.744369219157774,0.098901754226252,7.33841009436e-05
463,20.594,0.0923,10.984839,0.04923282,103.51,1.5149168892649179,0.098901754226252,7.33841009436e-05
463,23.6491,0.0992,12.614429,0.05291328,103.51,0.8689389517325548,0.098901754226252,7.33841009436e-05
463,26.9062,0.1262,14.351768,0.06731508,103.51,1.3933401254113975,0.098901754226252,7.33841009436e-05
463,20.564648,2.0361295,8.000576,0.8898039,102.61,1.7890779350422579,0.098901754226252,7.33841009436e-05
464,,,,,,,0.0996499384917815,0.0001437661199406
465,14.902,,6.586684,,89.16,0.9060024925199429,0.0385169796366258,1.10076149825e-05
465,13.42,,5.93164,,89.16,1.1959673030903688,0.0385169796366258,1.10076149825e-05
465,12.844,,5.677048,,89.16,1.1155367459028394,0.0385169796366258,1.10076149825e-05
465,13.5461,0.1162,5.987376,0.0513604,89.16,0.9297281069049056,0.0385169796366258,1.10076149825e-05
465,17.9037,0.1538,7.9134355,0.0679796,89.16,1.4947983112487608,0.0385169796366258,1.10076149825e-05
465,22.4646,0.2651,9.929353,0.1171742,89.16,1.0738483643602368,0.0385169796366258,1.10076149825e-05
465,26.0881,0.1338,11.53094,0.0591396,89.16,1.1448658031252978,0.0385169796366258,1.10076149825e-05
465,30.7501,0.1702,13.591544,0.0752284,89.16,0.890358876701418,0.0385169796366258,1.10076149825e-05
465,34.6872,0.2776,15.331742,0.1226992,89.16,1.2979675587786657,0.0385169796366258,1.10076149825e-05
465,39.5271,0.2934,17.470978,0.1296828,89.16,0.9581678636520565,0.0385169796366258,1.10076149825e-05
465,45.6284,0.3313,20.167753,0.1464346,89.16,1.2320904235794892,0.0385169796366258,1.10076149825e-05
465,51.7171,0.3433,22.858957,0.1517386,89.16,0.9433422221033015,0.0385169796366258,1.10076149825e-05
465,27.360325,3.023975,12.6800585,1.622466,91.0,1.7538498899501458,0.0385169796366258,1.10076149825e-05
467,,,,,,,0.1114104077961827,0.0002001384571189
468,11.872,,7.39032,,11.34,1.3218871538506334,0.0362987784035581,0.0001200830742713
468,11.571,,7.2029476,,11.34,0.9969798253189875,0.0362987784035581,0.0001200830742713
468,11.546,,7.187385,,11.34,0.8763618034726093,0.0362987784035581,0.0001200830742713
468,14.236,0.023,8.86191,0.0143175,11.34,1.0023086188420982,0.0362987784035581,0.0001200830742713
468,17.8066,0.0214,11.084608,0.0133215,11.34,0.8547741073904361,0.0362987784035581,0.0001200830742713
468,21.9643,0.0272,13.672777,0.016932,11.34,0.9393973831209889,0.0362987784035581,0.0001200830742713
468,26.6699,0.0199,16.602013,0.01238775,11.34,1.293484157763217,0.0362987784035581,0.0001200830742713
468,32.1855,0.0275,20.035473,0.01711875,11.34,1.4518155210575743,0.0362987784035581,0.0001200830742713
468,38.5804,0.0409,24.016298,0.02546025,11.34,0.8873398150717835,0.0362987784035581,0.0001200830742713
468,45.9676,0.0516,28.614832,0.032121,11.34,1.2410186239042686,0.0362987784035581,0.0001200830742713
468,53.9628,0.0803,33.591843,0.04998675,11.34,1.381247022853352,0.0362987784035581,0.0001200830742713
468,61.9599,0.1219,38.570038,0.07588275,11.34,1.0342256762110615,0.0362987784035581,0.0001200830742713
468,29.317116,3.3077526,18.540491,2.4093044,4.21,1.1720784115160254,0.0362987784035581,0.0001200830742713
469,,,,,,,0.1154518703736035,0.0001964692571615
470,8.652095,2.0320628,4.8654304,1.1849859,50.0,1.020131080233095,0.1200397109389589,0.0001467682018872
471,8.3892,,3.2784994,,173.55,1.26675292591894,,
471,8.0754,,3.1558664,,173.55,1.7904421789253222,,
471,8.0305,,3.1383195,,173.55,1.7962650629391335,,
471,6.0531,0.0608,2.3655515,0.02376064,173.55,1.779621681124288,,
471,8.4059,0.1019,3.2850258,0.03982252,173.55,1.2230863863003276,,
471,10.8952,0.1764,4.257844,0.06893712,173.55,0.8806803784146651,,
471,13.1924,0.177,5.15559,0.0691716,173.55,1.1235734372493336,,
471,15.178,0.1318,5.9315624,0.05150744,173.55,1.0377143753709772,,
471,17.1825,0.1222,6.714921,0.04775576,173.55,0.8141265749098546,,
471,19.1263,0.1408,7.474558,0.05502464,173.55,0.8952336102883754,,
471,21.1165,0.2562,8.252328,0.10012296,173.55,1.2531919350490661,,
471,23.7041,0.233,9.263562,0.0910564,173.55,1.1396624638042971,,
471,13.999782,2.3532052,6.5181036,1.2216024,164.0,0.9803537216344831,,
472,,,,,,,0.1309906201843143,0.0004086160166177
473,,,,,,,0.025003297447863,0.0001424318711945
474,63.455,,12.906747,,14.05,1.6518678557465445,0.005045156939872,2.16816661879e-05
474,64.215,,13.061331,,14.05,1.0409771602631173,0.005045156939872,2.16816661879e-05
474,64.228,,13.063975,,14.05,1.3383934900866248,0.005045156939872,2.16816661879e-05
474,56.7044,0.3523,11.533675,0.07165782,14.05,0.9841392171491825,0.005045156939872,2.16816661879e-05
474,76.3438,0.3908,15.528329,0.07948872,14.05,1.295300616385842,0.005045156939872,2.16816661879e-05
474,96.7526,0.451,19.67948,0.0917334,14.05,0.9524665089783863,0.005045156939872,2.16816661879e-05
474,114.4734,0.25,23.28389,0.05085,14.05,0.961578624371522,0.005045156939872,2.16816661879e-05
474,127.3366,0.3003,25.900265,0.06108102,14.05,1.4122233770420158,0.005045156939872,2.16816661879e-05
474,140.199,0.2547,28.516476,0.05180598,14.05,1.0637860421757668,0.005045156939872,2.16816661879e-05
474,152.4761,0.2858,31.01364,0.05813172,14.05,0.9723672265642473,0.005045156939872,2.16816661879e-05
474,165.3016,0.2809,33.622345,0.05713506,14.05,1.729768250135073,0.005045156939872,2.16816661879e-05
474,179.1059,0.31,36.43014,0.063054,14.05,0.8430032507400511,0.005045156939872,2.16816661879e-05
474,75.35659,5.552479,23.665804,2.212826,15.88,1.3651481126958873,0.005045156939872,2.16816661879e-05
475,8.8208,,8.1169,,34.86,1.3482638418332653,,
475,8.6984,,8.004268,,34.86,1.0506088744030597,,
475,8.6794,,7.986784,,34.86,1.2527717451128177,,
475,4.9913,0.0178,4.592994,0.01637956,34.86,0.8877377830826355,,
475,7.0709,0.0218,6.5066423,0.02006036,34.86,1.5212701459238858,,
475,9.557,0.0304,8.794352,0.02797408,34.86,1.0216971483768233,,
475,12.1952,0.0337,11.222023,0.03101074,34.86,0.993385359826556,,
475,14.7171,0.0407,13.542675,0.03745214,34.86,1.114878478277503,,
475,17.2378,0.0362,15.862224,0.03331124,34.86,1.7023699202631422,,
475,19.8844,0.0508,18.297625,0.04674616,34.86,1.5964666482835428,,
475,22.7607,0.0894,20.944397,0.08226588,34.86,1.7468922911337577,,
475,25.4948,0.1272,23.460316,0.11704944,34.86,1.4519623460330855,,
475,16.638771,4.482526,7.7289634,2.2122965,149.5,1.4629215110320877,,
476,4.6536,,3.4376142,,143.33,1.280030999426217,0.0181775753678232,2.4016614218e-05
476,4.6493,,3.434438,,143.33,1.7051863233669755,0.0181775753678232,2.4016614218e-05
476,4.6922,,3.466128,,143.33,1.310877149270329,0.0181775753678232,2.4016614218e-05
476,7.9379,0.0504,5.8637266,0.03723048,143.33,1.1550600707950247,0.0181775753678232,2.4016614218e-05
476,8.9707,0.0732,6.626656,0.05407284,143.33,1.4403750099176653,0.0181775753678232,2.4016614218e-05
476,10.1069,0.0782,7.465967,0.05776634,143.33,1.3461394934009636,0.0181775753678232,2.4016614218e-05
476,11.4689,0.1162,8.472076,0.08583694,143.33,0.9240198153098955,0.0181775753678232,2.4016614218e-05
476,13.8792,0.1426,10.252565,0.10533862,143.33,1.1927254139124295,0.0181775753678232,2.4016614218e-05
476,16.9491,0.1618,12.5203,0.11952166,143.33,1.11332541109448,0.0181775753678232,2.4016614218e-05
476,19.7828,0.2057,14.613554,0.15195058,143.33,1.6468337750111317,0.0181775753678232,2.4016614218e-05
476,22.2861,0.1231,16.462742,0.09093397,143.33,1.178842556973109,0.0181775753678232,2.4016614218e-05
476,24.1597,0.2177,17.846771,0.16081499,143.33,1.6215552326388927,0.0181775753678232,2.4016614218e-05
476,14.032054,7.3020597,7.7467804,4.189829,105.5,1.2423895939009455,0.0181775753678232,2.4016614218e-05
477,20.142866,2.6900785,6.340467,0.9402781,71.71,1.55350056344561,0.0180591601140279,0.0001841273830943
478,24.679,,3.6327488,,130.66,0.93528192851119,0.0248188365032185,0.0001307571278626
478,23.782,,3.5007105,,130.66,1.7246502196584625,0.0248188365032185,0.0001307571278626
478,21.566,,3.1745152,,130.66,1.2805598907989184,0.0248188365032185,0.0001307571278626
478,16.517,0.2363,2.4313023,0.03478336,130.66,1.0597982456263064,0.0248188365032185,0.0001307571278626
478,24.3847,0.3796,3.589428,0.05587712,130.66,1.041489606364807,0.0248188365032185,0.0001307571278626
478,31.5794,0.3316,4.6484876,0.04881152,130.66,1.065077288574972,0.0248188365032185,0.0001307571278626
478,37.2882,0.3393,5.488823,0.04994496,130.66,1.1667241729179678,0.0248188365032185,0.0001307571278626
478,43.89,0.2529,6.460608,0.03722688,130.66,1.5175195326756168,0.0248188365032185,0.0001307571278626
478,47.8996,0.2386,7.0508213,0.03512192,130.66,1.7496030429007936,0.0248188365032185,0.0001307571278626
478,53.1293,0.2745,7.820633,0.0404064,130.66,1.4690374301236322,0.0248188365032185,0.0001307571278626
478,59.3025,0.3696,8.729328,0.05440512,130.66,1.3471662709441008,0.0248188365032185,0.0001307571278626
478,65.5503,0.4136,9.649004,0.06088192,130.66,1.2485978080171347,0.0248188365032185,0.0001307571278626
478,42.866817,3.1585438,5.4090533,0.5295856,130.72,1.6281944670376165,0.0248188365032185,0.0001307571278626
479,,,,,,,0.1149995574605149,0.0002968720447264
480,7.7111874,1.9531232,4.3363194,1.1333455,26.0,1.0930376744328187,0.1134117923673717,0.0002001384571189
481,9.618808,1.8604424,6.0690575,1.2170677,178.43,1.75342024865343,0.1138571004344612,0.000132758507344
482,12.704,,6.2097154,,83.22,1.1951153632063822,0.0047632952794296,0.0002054754775523
482,13.081,,6.393993,,83.22,1.600078069191528,0.0047632952794296,0.0002054754775523
482,13.308,,6.5049505,,83.22,1.7668198780822335,0.0047632952794296,0.0002054754775523
482,11.7581,0.1075,5.7473593,0.052546,83.22,1.5036581008556111,0.0047632952794296,0.0002054754775523
482,15.2997,0.1552,7.478493,0.07586176,83.22,0.9615507264511938,0.0047632952794296,0.0002054754775523
482,19.383,0.1843,9.47441,0.09008584,83.22,1.3861369551739309,0.0047632952794296,0.0002054754775523
482,23.5778,0.166,11.524829,0.0811408,83.22,0.9187771230955785,0.0047632952794296,0.0002054754775523
482,28.0623,0.1905,13.716852,0.0931164,83.22,1.5891420398689262,0.0047632952794296,0.0002054754775523
482,32.0775,0.1601,15.679482,0.07825688,83.22,1.0813151738738829,0.0047632952794296,0.0002054754775523
482,35.6586,0.1553,17.429924,0.07591064,83.22,1.4952148230600186,0.0047632952794296,0.0002054754775523
482,39.1226,0.2336,19.123127,0.11418368,83.22,1.710089674130199,0.0047632952794296,0.0002054754775523
482,42.6417,0.1934,20.843264,0.09453392,83.22,0.9810098506701724,0.0047632952794296,0.0002054754775523
482,26.799164,2.4682944,15.070277,1.6942991,79.23,1.1928578386011668,0.0047632952794296,0.0002054754775523
483,19.047,,8.53877,,139.65,1.4471187880735663,0.0191208946290436,4.03612567914e-05
483,19.794,,8.873651,,139.65,1.2196585928095012,0.0191208946290436,4.03612567914e-05
483,17.939,,8.042054,,139.65,0.9748189416247153,0.0191208946290436,4.03612567914e-05
483,18.7602,0.0752,8.410197,0.03371216,139.65,0.829071614168797,0.0191208946290436,4.03612567914e-05
483,23.3626,0.1065,10.4734535,0.04774395,139.65,1.2065981437019628,0.0191208946290436,4.03612567914e-05
483,28.529,0.1598,12.789551,0.07163834,139.65,1.4492090265819204,0.0191208946290436,4.03612567914e-05
483,34.2112,0.1542,15.336881,0.06912786,139.65,1.3739842081524887,0.0191208946290436,4.03612567914e-05
483,40.3897,0.1518,18.106703,0.06805194,139.65,0.9562412397606425,0.0191208946290436,4.03612567914e-05
483,48.1867,0.2202,21.602098,0.09871566,139.65,1.2506934438673867,0.0191208946290436,4.03612567914e-05
483,56.401,0.3404,25.284569,0.15260132,139.65,1.1694710461812527,0.0191208946290436,4.03612567914e-05
483,65.3923,0.628,29.315369,0.2815324,139.65,1.0742024022934,0.0191208946290436,4.03612567914e-05
483,62.247406,8.169807,24.610546,4.01223,136.73,1.5292712438603893,0.0191208946290436,4.03612567914e-05
484,4.6063,,3.2912014,,148.3,1.1096520300271844,0.0367190691635077,0.0001147460538379
484,4.4951,,3.2117488,,148.3,1.3401419523330294,0.0367190691635077,0.0001147460538379
484,4.3026,,3.0742078,,148.3,1.7232235352696166,0.0367190691635077,0.0001147460538379
484,6.3782,0.0452,4.557224,0.0322954,148.3,1.3392759822535825,0.0367190691635077,0.0001147460538379
484,7.8161,0.0307,5.5846033,0.02193515,148.3,1.417022910160561,0.0367190691635077,0.0001147460538379
484,9.7631,0.0356,6.975735,0.0254362,148.3,0.8732459861675514,0.0367190691635077,0.0001147460538379
484,12.2037,0.0317,8.719543,0.02264965,148.3,0.9781341437417364,0.0367190691635077,0.0001147460538379
484,14.9747,0.0532,10.699423,0.0380114,148.3,0.9009511992981135,0.0367190691635077,0.0001147460538379
484,17.9227,0.0566,12.805769,0.0404407,148.3,1.5648129483558402,0.0367190691635077,0.0001147460538379
484,20.8132,0.0741,14.871032,0.05294445,148.3,1.6359210809168423,0.0367190691635077,0.0001147460538379
484,23.8656,0.0889,17.051971,0.06351905,148.3,0.9864552931945777,0.0367190691635077,0.0001147460538379
484,26.7094,0.1259,19.083866,0.08995555,148.3,1.019271750923091,0.0367190691635077,0.0001147460538379
484,23.233854,2.942386,11.698259,1.7006134,143.12,1.123207289492783,0.0367190691635077,0.0001147460538379
485,33.315,,16.39098,,28.86,1.3910776169538355,0.0206896465687605,2.83529480918e-05
485,31.646,,15.569832,,28.86,1.4217961938000196,0.0206896465687605,2.83529480918e-05
485,30.373,,14.943516,,28.86,1.4867539585414575,0.0206896465687605,2.83529480918e-05
485,31.9326,0.1729,15.710839,0.0850668,28.86,1.7051927562134628,0.0206896465687605,2.83529480918e-05
485,41.5552,0.2147,20.445158,0.1056324,28.86,1.0950401404965382,0.0206896465687605,2.83529480918e-05
485,52.5687,0.1523,25.8638,0.0749316,28.86,1.4587589892067756,0.0206896465687605,2.83529480918e-05
485,64.6626,0.2122,31.814,0.1044024,28.86,1.3597228457776922,0.0206896465687605,2.83529480918e-05
485,78.1194,0.2212,38.434746,0.1088304,28.86,1.1058372404125671,0.0206896465687605,2.83529480918e-05
485,93.2698,0.1727,45.88874,0.0849684,28.86,1.7074151865936735,0.0206896465687605,2.83529480918e-05
485,109.8573,0.2215,54.049793,0.108978,28.86,0.8954834119592175,0.0206896465687605,2.83529480918e-05
485,127.0485,0.2808,62.507862,0.1381536,28.86,1.5120010268320514,0.0206896465687605,2.83529480918e-05
485,143.7964,0.3255,70.747826,0.160146,28.86,1.5278737130226019,0.0206896465687605,2.83529480918e-05
485,50.48022,4.18446,11.301114,1.1867756,22.57,1.7153265276899616,0.0206896465687605,2.83529480918e-05
486,,,,,,,0.1137453564625698,0.0002001384571189
487,9.0069,,8.059374,,151.75,1.1216223382192458,0.0356746799814423,9.67335876075e-05
487,8.1217,,7.2672973,,151.75,1.6277406698600205,0.0356746799814423,9.67335876075e-05
487,7.4936,,6.705273,,151.75,1.5708102818323928,0.0356746799814423,9.67335876075e-05
487,10.0254,0.0201,8.970728,0.01798548,151.75,1.3003156144194703,0.0356746799814423,9.67335876075e-05
487,13.1154,0.0198,11.73566,0.01771704,151.75,1.5678573756338112,0.0356746799814423,9.67335876075e-05
487,16.5653,0.0207,14.822631,0.01852236,151.75,1.0678756020772608,0.0356746799814423,9.67335876075e-05
487,20.0753,0.033,17.963379,0.0295284,151.75,1.389506330403468,0.0356746799814423,9.67335876075e-05
487,23.5548,0.0267,21.076836,0.02389116,151.75,1.6651834547878757,0.0356746799814423,9.67335876075e-05
487,27.197,0.0358,24.335876,0.03203384,151.75,1.1179845046165124,0.0356746799814423,9.67335876075e-05
487,31.0224,0.0497,27.758844,0.04447156,151.75,1.2835499824307433,0.0356746799814423,9.67335876075e-05
487,35.2957,0.0587,31.582592,0.05252476,151.75,1.7510448541728896,0.0356746799814423,9.67335876075e-05
487,40.2809,0.1401,36.04335,0.12536149,151.75,1.5982118419717368,0.0356746799814423,9.67335876075e-05
488,62.247406,8.169807,24.610546,4.01223,110.19,1.6870390203305528,0.0190321665797209,0.0001547737452617
489,5.3197,,2.26832,,166.64,1.1852470608904464,0.0448413548815827,0.0001160803025841
489,4.5656,,1.9467719,,166.64,1.796505259634559,0.0448413548815827,0.0001160803025841
489,5.0765,,2.1646197,,166.64,0.952565604683813,0.0448413548815827,0.0001160803025841
489,8.7448,0.1479,3.7287827,0.06306456,166.64,1.318770583216309,0.0448413548815827,0.0001160803025841
489,10.5362,0.1453,4.4926357,0.06195592,166.64,1.2792733822962494,0.0448413548815827,0.0001160803025841
489,12.4251,0.1633,5.298063,0.06963112,166.64,1.5984321908001347,0.0448413548815827,0.0001160803025841
489,14.3062,0.1825,6.1001635,0.077818,166.64,1.708617772515012,0.0448413548815827,0.0001160803025841
489,15.7787,0.1802,6.728038,0.07683728,166.64,1.53113937690806,0.0448413548815827,0.0001160803025841
489,17.0317,0.1478,7.2623167,0.06302192,166.64,1.426816236130303,0.0448413548815827,0.0001160803025841
489,18.0304,0.1125,7.6881623,0.04797,166.64,1.2274291908485038,0.0448413548815827,0.0001160803025841
489,18.8904,0.15,8.054867,0.06396,166.64,1.3103259170757342,0.0448413548815827,0.0001160803025841
489,19.5275,0.1974,8.326526,0.08417136,166.64,1.309300313224822,0.0448413548815827,0.0001160803025841
489,13.125663,2.085384,6.59358,1.1249238,165.5,0.8203684736843777,0.0448413548815827,0.0001160803025841
490,8.2587,,1.975481,,170.21,1.3030458048276778,0.0451345577212619,0.0005003461427972
490,6.9026,,1.651102,,170.21,1.655970800174125,0.0451345577212619,0.0005003461427972
490,8.4566,,2.0228188,,170.21,1.5092740111422482,0.0451345577212619,0.0005003461427972
490,16.7153,0.131,3.9982998,0.0313352,170.21,1.595708622125005,0.0451345577212619,0.0005003461427972
490,19.1458,0.1526,4.579675,0.03650192,170.21,1.190484989768521,0.0451345577212619,0.0005003461427972
490,21.9753,0.2069,5.2564917,0.04949048,170.21,1.328973236912958,0.0451345577212619,0.0005003461427972
490,25.2944,0.3141,6.0504203,0.07513272,170.21,0.8334835689971005,0.0451345577212619,0.0005003461427972
490,29.3272,0.1887,7.015066,0.04513704,170.21,1.1829979421693437,0.0451345577212619,0.0005003461427972
490,35.2638,0.2446,8.435101,0.05850832,170.21,1.274416044892644,0.0451345577212619,0.0005003461427972
490,42.1486,0.3545,10.081945,0.0847964,170.21,1.0552088995990818,0.0451345577212619,0.0005003461427972
490,50.413,0.4132,12.058789,0.09883744,170.21,0.8312409789906499,0.0451345577212619,0.0005003461427972
490,59.5372,0.4949,14.241299,0.11838008,170.21,1.490408108778952,0.0451345577212619,0.0005003461427972
490,36.823177,3.561117,6.9361944,0.78062963,170.29,1.2350877508488431,0.0451345577212619,0.0005003461427972
491,20.934,,8.551539,,131.82,1.2156781931122342,0.0260530236554516,0.0001394297892479
491,19.248,,7.862808,,131.82,1.049986754028509,0.0260530236554516,0.0001394297892479
491,18.747,,7.6581497,,131.82,1.3378303989980171,0.0260530236554516,0.0001394297892479
491,16.1664,0.1229,6.6039743,0.05020465,131.82,1.2380267812707315,0.0260530236554516,0.0001394297892479
491,21.4473,0.2174,8.761222,0.0888079,131.82,1.273984473029091,0.0260530236554516,0.0001394297892479
491,27.1365,0.183,11.08526,0.0747555,131.82,1.380871348436382,0.0260530236554516,0.0001394297892479
491,33.3668,0.1564,13.630338,0.0638894,131.82,0.8063246472397354,0.0260530236554516,0.0001394297892479
491,39.1155,0.2039,15.978682,0.08329315,131.82,1.7076959035384225,0.0260530236554516,0.0001394297892479
491,44.3849,0.2209,18.131231,0.09023765,131.82,0.8710873969450813,0.0260530236554516,0.0001394297892479
491,50.1634,0.1783,20.491749,0.07283555,131.82,1.2509247473159946,0.0260530236554516,0.0001394297892479
491,54.9716,0.3137,22.455898,0.12814645,131.82,1.0073728752393816,0.0260530236554516,0.0001394297892479
491,59.9336,0.2233,24.482876,0.09121805,131.82,1.3237823693698754,0.0260530236554516,0.0001394297892479
491,37.421505,3.1881495,13.155921,1.3359702,131.86,1.0802301087971378,0.0260530236554516,0.0001394297892479
492,9.249564,2.0020034,4.1316285,0.93309206,148.5,1.660006498062604,0.1150796128433624,0.0002001384571189
493,6.4891,,2.4197855,,100.66,1.1963598339624202,0.0347940707701192,0.0002064761800174
493,5.7801,,2.1553993,,100.66,1.4387555557684375,0.0347940707701192,0.0002064761800174
493,5.4934,,2.0484889,,100.66,1.048879728147879,0.0347940707701192,0.0002064761800174
493,13.067,0.0291,4.8726845,0.01085139,100.66,0.8194061504940175,0.0347940707701192,0.0002064761800174
493,15.3445,0.0332,5.721964,0.01238028,100.66,1.2041545356132761,0.0347940707701192,0.0002064761800174
493,17.8752,0.0354,6.6656623,0.01320066,100.66,1.3364864895582902,0.0347940707701192,0.0002064761800174
493,20.6418,0.0336,7.697327,0.01252944,100.66,1.2595471512617502,0.0347940707701192,0.0002064761800174
493,23.7162,0.0253,8.843771,0.00943437,100.66,1.7620143638188601,0.0347940707701192,0.0002064761800174
493,27.0933,0.0373,10.103091,0.01390917,100.66,1.5068391738460285,0.0347940707701192,0.0002064761800174
493,30.6637,0.0436,11.434494,0.01625844,100.66,1.7956698006253953,0.0347940707701192,0.0002064761800174
493,34.4908,0.0516,12.861619,0.01924164,100.66,1.095060090313972,0.0347940707701192,0.0002064761800174
493,38.4444,0.0912,14.3359165,0.03400848,100.66,1.5890532796071466,0.0347940707701192,0.0002064761800174
493,26.128908,2.5268893,8.47464,0.94394106,101.75,1.355558467546614,0.0347940707701192,0.0002064761800174
494,,,,,,,0.1180299872653901,0.0002078104287636
495,23.448833,2.6996467,11.275122,1.4513159,18.67,1.7858532004423278,,
496,29.891,,5.1890774,,64.73,1.4539871997511171,0.0029220214739358,7.3384102534e-06
496,30.869,,5.3588586,,64.73,1.698816892336918,0.0029220214739358,7.3384102534e-06
496,43.346,,7.5248656,,64.73,1.525750234719247,0.0029220214739358,7.3384102534e-06
496,5.2388,0.1055,0.90945566,0.0183148,64.73,0.9273861217247501,0.0029220214739358,7.3384102534e-06
496,12.2262,0.211,2.1224682,0.0366296,64.73,1.4994237103223127,0.0029220214739358,7.3384102534e-06
496,22.6515,0.227,3.9323003,0.0394072,64.73,1.284315588685482,0.0029220214739358,7.3384102534e-06
496,31.1395,0.3161,5.405817,0.05487496,64.73,1.7187979929823425,0.0029220214739358,7.3384102534e-06
496,37.8169,0.4254,6.565014,0.07384944,64.73,1.6068344471904552,0.0029220214739358,7.3384102534e-06
496,43.7939,0.2936,7.602621,0.05096896,64.73,0.9041346876072253,0.0029220214739358,7.3384102534e-06
496,49.791,0.3028,8.643718,0.05256608,64.73,0.9339156436535585,0.0029220214739358,7.3384102534e-06
496,31.850866,4.1803417,5.013272,0.73824173,64.89,0.8696110017986056,0.0029220214739358,7.3384102534e-06
497,3.2722,,1.485906,,177.04,1.2932448747446175,0.0328593990179699,0.0002064761800174
497,2.9986,,1.3616643,,177.04,0.8807717592073531,0.0328593990179699,0.0002064761800174
497,3.2502,,1.4759158,,177.04,1.5236783365746942,0.0328593990179699,0.0002064761800174
497,6.8403,0.0484,3.1061802,0.02197844,177.04,1.3523585814504329,0.0328593990179699,0.0002064761800174
497,8.0386,0.0566,3.6503282,0.02570206,177.04,1.6358850175531425,0.0328593990179699,0.0002064761800174
497,9.3359,0.0526,4.2394323,0.02388566,177.04,1.0797957886713163,0.0328593990179699,0.0002064761800174
497,10.7903,0.0819,4.899875,0.03719079,177.04,1.319140784161141,0.0328593990179699,0.0002064761800174
497,12.3979,0.0778,5.6298866,0.03532898,177.04,0.9174796859105444,0.0328593990179699,0.0002064761800174
497,14.1101,0.0913,6.4073963,0.04145933,177.04,1.6846100026502806,0.0328593990179699,0.0002064761800174
497,15.9785,0.0985,7.255837,0.04472885,177.04,0.9750049622898384,0.0328593990179699,0.0002064761800174
497,17.9277,0.1216,8.140968,0.05521856,177.04,0.902362251350405,0.0328593990179699,0.0002064761800174
497,20.0785,0.117,9.117647,0.0531297,177.04,1.0050505985231832,0.0328593990179699,0.0002064761800174
497,12.826886,2.1560547,4.8097363,0.8740698,179.0,1.6062314887229814,0.0328593990179699,0.0002064761800174
498,4.3777,,3.863758,,46.51,0.9058145276846828,0.0364398760158269,0.0002001384571189
498,4.2991,,3.7943857,,46.51,1.4144274948381659,0.0364398760158269,0.0002001384571189
498,4.3768,,3.8629637,,46.51,1.5461813006151257,0.0364398760158269,0.0002001384571189
498,5.7546,0.0103,5.07901,0.00909078,46.51,1.5510811604828711,0.0364398760158269,0.0002001384571189
498,6.9749,0.0105,6.156047,0.0092673,46.51,0.9900608866081312,0.0364398760158269,0.0002001384571189
498,8.1073,0.0097,7.155503,0.00856122,46.51,0.861623998377612,0.0364398760158269,0.0002001384571189
498,9.2175,0.0116,8.1353655,0.01023816,46.51,1.2488063837722176,0.0364398760158269,0.0002001384571189
498,10.2985,0.022,9.089457,0.0194172,46.51,1.0024853452445461,0.0364398760158269,0.0002001384571189
498,11.4309,0.0365,10.088912,0.0322149,46.51,1.4992708090139382,0.0364398760158269,0.0002001384571189
498,12.6244,0.0507,11.142296,0.04474782,46.51,1.156692799655421,0.0364398760158269,0.0002001384571189
498,13.9249,0.059,12.290116,0.0520734,46.51,1.249353941033132,0.0364398760158269,0.0002001384571189
498,15.1518,0.1118,13.372978,0.09867468,46.51,0.9134849331017119,0.0364398760158269,0.0002001384571189
499,,,,,,,0.0143692740929459,2.33494866639e-05
500,7.3641267,1.9160877,5.094731,1.365698,67.5,0.9855241896319074,0.1155669499864469,0.0001821259908884
501,6.7954,,2.3845057,,7.39,1.4789856609149372,0.0393548926437635,0.0002598464352491
501,5.89,,2.066801,,7.39,0.8711688225478937,0.0393548926437635,0.0002598464352491
501,5.7487,,2.0172188,,7.39,1.7758945922813234,0.0393548926437635,0.0002598464352491
501,13.3803,0.0805,4.695147,0.02824745,7.39,1.4845269785858117,0.0393548926437635,0.0002598464352491
501,16.3873,0.1548,5.7503037,0.05431932,7.39,0.9817295678119262,0.0393548926437635,0.0002598464352491
501,19.9264,0.1633,6.9921737,0.05730197,7.39,0.8140946454618558,0.0393548926437635,0.0002598464352491
501,24.4928,0.2206,8.594523,0.07740854,7.39,1.1344628922052187,0.0393548926437635,0.0002598464352491
501,29.6566,0.187,10.406501,0.0656183,7.39,0.9528132640522075,0.0393548926437635,0.0002598464352491
501,35.2176,0.1555,12.357856,0.05456495,7.39,1.0184113331195461,0.0393548926437635,0.0002598464352491
501,40.1172,0.1995,14.077126,0.07000455,7.39,1.6727502584378895,0.0393548926437635,0.0002598464352491
501,45.2969,0.202,15.894682,0.0708818,7.39,1.4032046600508497,0.0393548926437635,0.0002598464352491
501,50.2596,0.2661,17.636093,0.09337449,7.39,0.9764576530288995,0.0393548926437635,0.0002598464352491
501,29.588385,2.9295802,9.101673,1.075381,7.55,1.3566594006874488,0.0393548926437635,0.0002598464352491
502,31.054264,2.7886984,4.5511513,0.50312096,134.81,1.0557806534249932,,
503,9.640982,1.8647312,6.5481896,1.3258148,104.83,1.7762008643580893,0.118048333290626,0.0002001384571189
504,15.638,,12.156981,,20.68,0.8327572302636953,0.0174484042557201,1.10076149825e-05
504,15.223,,11.83436,,20.68,1.532318422167815,0.0174484042557201,1.10076149825e-05
504,14.961,,11.630681,,20.68,1.5729970261914272,0.0174484042557201,1.10076149825e-05
504,10.956,0.0275,8.517195,0.0213785,20.68,0.8671627639577003,0.0174484042557201,1.10076149825e-05
504,15.2244,0.0347,11.835448,0.02697578,20.68,0.9718693642313516,0.0174484042557201,1.10076149825e-05
504,19.689,0.0372,15.306229,0.02891928,20.68,1.1843066591039575,0.0174484042557201,1.10076149825e-05
504,24.0677,0.0365,18.71023,0.0283751,20.68,1.6681548265290678,0.0174484042557201,1.10076149825e-05
504,28.4799,0.0318,22.140274,0.02472132,20.68,1.3369999384184994,0.0174484042557201,1.10076149825e-05
504,32.5923,0.0491,25.337254,0.03817034,20.68,1.4553068500072905,0.0174484042557201,1.10076149825e-05
504,36.5384,0.0987,28.404953,0.07672938,20.68,1.5830128354568427,0.0174484042557201,1.10076149825e-05
504,40.4732,0.1214,31.463865,0.09437636,20.68,1.62812278833752,0.0174484042557201,1.10076149825e-05
504,44.7784,0.1974,34.81073,0.15345876,20.68,1.2762845430836811,0.0174484042557201,1.10076149825e-05
504,27.933237,3.2802513,24.952913,3.2890854,16.0,1.3087931387734812,0.0174484042557201,1.10076149825e-05
505,10.909,,6.2748566,,153.9,1.5180058570877795,0.0395073314352691,6.67128190396e-05
505,9.9672,,5.7331333,,153.9,1.0633423587356265,0.0395073314352691,6.67128190396e-05
505,10.114,,5.8175726,,153.9,1.6544897363655244,0.0395073314352691,6.67128190396e-05
505,12.0301,0.1113,6.9197135,0.06401976,153.9,0.8207868244758416,0.0395073314352691,6.67128190396e-05
505,14.3573,0.1158,8.258319,0.06660816,153.9,0.9957716022097247,0.0395073314352691,6.67128190396e-05
505,16.8313,0.0935,9.681364,0.0537812,153.9,1.6001999430365033,0.0395073314352691,6.67128190396e-05
505,19.8567,0.1835,11.421574,0.1055492,153.9,1.1402582118926723,0.0395073314352691,6.67128190396e-05
505,23.3379,0.1433,13.42396,0.08242616,153.9,0.949832832692306,0.0395073314352691,6.67128190396e-05
505,28.5522,0.1539,16.423225,0.08852328,153.9,0.9867547557114034,0.0395073314352691,6.67128190396e-05
505,34.7708,0.1262,20.000164,0.07259024,153.9,1.3307564019360696,0.0395073314352691,6.67128190396e-05
505,41.2934,0.154,23.751965,0.0885808,153.9,1.6461815293449877,0.0395073314352691,6.67128190396e-05
505,47.0065,0.2366,27.03814,0.13609232,153.9,0.8706507157711106,0.0395073314352691,6.67128190396e-05
505,16.87024,7.4971166,7.2966123,3.4911475,150.0,0.8304809091246494,0.0395073314352691,6.67128190396e-05
506,5.9836,,3.352611,,26.98,1.2651681358368432,,
506,5.662,,3.1724186,,26.98,1.7561874150536347,,
506,5.4333,,3.044278,,26.98,1.0790098034141264,,
506,6.0595,0.0388,3.3951378,0.02173964,26.98,1.7591705390670485,,
506,7.6481,0.0392,4.2852306,0.02196376,26.98,1.6876811765900013,,
506,9.0953,0.0289,5.0960965,0.01619267,26.98,1.0831350763875112,,
506,10.2557,0.04,5.7462687,0.022412,26.98,1.616948064256147,,
506,11.3651,0.0497,6.3678656,0.02784691,26.98,1.4858673025688187,,
506,12.5435,0.058,7.028123,0.0324974,26.98,1.311822388904757,,
506,13.8575,0.0734,7.764357,0.04112602,26.98,1.2229161430428748,,
506,15.1395,0.0925,8.482662,0.05182775,26.98,1.6155027559254567,,
506,16.5456,0.1621,9.270499,0.09082463,26.98,1.5930794326950213,,
506,13.247113,3.080763,6.9521837,2.1870108,24.95,1.5569363359425592,,
507,15.727,,5.362907,,9.89,1.798255951215296,0.0252081058023147,9.3397945065e-06
507,14.774,,5.037934,,9.89,1.2785124609413838,0.0252081058023147,9.3397945065e-06
507,13.998,,4.773318,,9.89,1.6069229778199159,0.0252081058023147,9.3397945065e-06
507,20.3685,0.195,6.9456587,0.066495,9.89,1.6624783669834784,0.0252081058023147,9.3397945065e-06
507,24.6034,0.2151,8.389759,0.0733491,9.89,1.011602581453684,0.0252081058023147,9.3397945065e-06
507,28.8108,0.2444,9.824483,0.0833404,9.89,0.842066442053061,0.0252081058023147,9.3397945065e-06
507,32.2955,0.1568,11.012766,0.0534688,9.89,1.2047484021885797,0.0252081058023147,9.3397945065e-06
507,36.0043,0.2219,12.277467,0.0756679,9.89,1.6567366844367761,0.0252081058023147,9.3397945065e-06
507,39.7757,0.2076,13.563514,0.0707916,9.89,1.0891032811945103,0.0252081058023147,9.3397945065e-06
507,44.2598,0.2177,15.092592,0.0742357,9.89,1.5000101540674242,0.0252081058023147,9.3397945065e-06
507,49.7839,0.3411,16.97631,0.1163151,9.89,0.8073481390642627,0.0252081058023147,9.3397945065e-06
507,55.4575,0.3083,18.911007,0.1051303,9.89,1.1553644323202379,0.0252081058023147,9.3397945065e-06
507,30.628185,3.3146281,10.86729,1.3440328,10.6,1.4155166947581512,0.0252081058023147,9.3397945065e-06
508,7.239,,6.081484,,42.76,0.9297571900723369,0.1094090232249938,0.0002001384571189
508,5.2473,,4.4082565,,42.76,1.696606912147434,0.1094090232249938,0.0002001384571189
508,5.1545,,4.3302956,,42.76,0.9562739771170793,0.1094090232249938,0.0002001384571189
508,4.349,0.0051,3.653595,0.00428451,42.76,1.7097935450039947,0.1094090232249938,0.0002001384571189
508,5.5082,0.0089,4.627439,0.00747689,42.76,1.0163893086829747,0.1094090232249938,0.0002001384571189
508,6.9135,0.0084,5.8080316,0.00705684,42.76,1.7942786739158407,0.1094090232249938,0.0002001384571189
508,8.6021,0.0181,7.226624,0.01520581,42.76,1.404748713295591,0.1094090232249938,0.0002001384571189
508,10.5537,0.0196,8.866163,0.01646596,42.76,0.8843448944383113,0.1094090232249938,0.0002001384571189
508,12.7513,0.0237,10.712367,0.01991037,42.76,0.8652772344786599,0.1094090232249938,0.0002001384571189
508,15.3795,0.0358,12.920318,0.03007558,42.76,0.8749216962594688,0.1094090232249938,0.0002001384571189
508,18.368,0.0657,15.430957,0.05519457,42.76,1.389892747290952,0.1094090232249938,0.0002001384571189
508,21.8988,0.102,18.397182,0.0856902,42.76,1.6095792023273852,0.1094090232249938,0.0002001384571189
508,11.405682,2.179792,8.572772,1.7110888,53.5,1.2029627417705058,0.1094090232249938,0.0002001384571189
509,9.0904,,4.720645,,54.06,1.244835759281862,0.075435520129062,0.0001934671752149
509,9.5712,,4.970324,,54.06,1.389287703664628,0.075435520129062,0.0001934671752149
509,6.3299,,3.287117,,54.06,1.3330406047863557,0.075435520129062,0.0001934671752149
509,2.2897,0.0954,1.1890413,0.04954122,54.06,1.4880617331012702,0.075435520129062,0.0001934671752149
509,4.3113,0.1504,2.238858,0.07810272,54.06,1.2717857201630265,0.075435520129062,0.0001934671752149
509,7.2548,0.1443,3.7674177,0.07493499,54.06,1.5138606850640675,0.075435520129062,0.0001934671752149
509,8.9134,0.1667,4.6287284,0.08656731,54.06,1.7973107425466341,0.075435520129062,0.0001934671752149
509,10.1537,0.0878,5.272816,0.04559454,54.06,1.150297842248765,0.075435520129062,0.0001934671752149
509,10.5647,0.1258,5.4862485,0.06532794,54.06,0.8122154629153508,0.075435520129062,0.0001934671752149
509,10.9548,0.3135,5.6888275,0.16280055,54.06,0.9256250455516548,0.075435520129062,0.0001934671752149
509,13.5174,0.8326,7.0195856,0.43236917,54.06,1.3535141849869539,0.075435520129062,0.0001934671752149
509,12.797385,7.8382406,10.378181,6.7181883,45.0,1.1442577871446522,0.075435520129062,0.0001934671752149
510,3.7584,,3.1085727,,94.34,1.7399825937049926,,
510,3.4518,,2.8549838,,94.34,1.427446090107383,,
510,3.0281,,2.5045414,,94.34,1.320355185965468,,
510,3.566,0.035,2.9494386,0.0289485,94.34,1.5980395012720188,,
510,4.7114,0.0598,3.8967988,0.04946058,94.34,1.058589871049095,,
510,6.1369,0.0568,5.07583,0.04697928,94.34,1.6197385402823596,,
510,7.5431,0.1095,6.238898,0.09056745,94.34,0.803061104864093,,
510,8.8699,0.0804,7.336294,0.06649884,94.34,1.4196773621357177,,
510,9.9872,0.1609,8.260413,0.1330804,94.34,1.734757151045779,,
510,11.2048,0.1787,9.26749,0.14780277,94.34,1.58785995203387,,
510,12.4994,0.2002,10.338254,0.16558541,94.34,1.6536341921473594,,
510,14.4168,0.1963,11.924135,0.16235973,94.34,1.1969546951715007,,
511,12.841,,8.302991,,34.68,1.6242389461001263,0.0179123919121407,4.3363330785e-06
511,12.24,,7.914384,,34.68,1.3508316650302667,0.0179123919121407,4.3363330785e-06
511,11.556,,7.47211,,34.68,1.418540236503199,0.0179123919121407,4.3363330785e-06
511,14.9045,0.0666,9.63725,0.04306356,34.68,0.8589153393358036,0.0179123919121407,4.3363330785e-06
511,18.4563,0.0856,11.933844,0.05534896,34.68,1.001551697174392,0.0179123919121407,4.3363330785e-06
511,22.1274,0.0753,14.307577,0.04868898,34.68,1.3509644155135527,0.0179123919121407,4.3363330785e-06
511,26.116,0.1026,16.886606,0.06634116,34.68,0.8588010578234977,0.0179123919121407,4.3363330785e-06
511,30.289,0.0979,19.584867,0.06330214,34.68,1.5414468065877132,0.0179123919121407,4.3363330785e-06
511,34.6592,0.0928,22.410639,0.06000448,34.68,1.6400570085219015,0.0179123919121407,4.3363330785e-06
511,39.0672,0.0897,25.26085,0.05800002,34.68,1.720362361294805,0.0179123919121407,4.3363330785e-06
511,43.4297,0.1576,28.081644,0.10190416,34.68,0.901768459179806,0.0179123919121407,4.3363330785e-06
511,47.5983,0.1625,30.777061,0.1050725,34.68,1.7397202480228002,0.0179123919121407,4.3363330785e-06
511,26.799164,2.5300016,18.11846,1.9612505,35.84,0.867620007629295,0.0179123919121407,4.3363330785e-06
512,,,,,,,0.1245128054555662,0.0002001384571189
513,20.754929,2.4850795,8.93555,1.2455866,55.68,1.6402510206278118,0.0021819633831149,0.0001386466750559
514,4.7478,,3.3196619,,27.48,0.8703111385644554,0.0343007294733211,0.0001204166332767
514,4.3441,,3.0373948,,27.48,0.8182310729889837,0.0343007294733211,0.0001204166332767
514,3.975,,2.77932,,27.48,0.8249477187066507,0.0343007294733211,0.0001204166332767
514,8.1776,0.0139,5.7177777,0.00971888,27.48,1.3112702394360336,0.0343007294733211,0.0001204166332767
514,9.8727,0.0188,6.902992,0.01314496,27.48,1.611596744596663,0.0343007294733211,0.0001204166332767
514,11.4594,0.0218,8.012412,0.01524256,27.48,0.9274266710725997,0.0343007294733211,0.0001204166332767
514,12.9953,0.0238,9.086314,0.01664096,27.48,0.9246102540795407,0.0343007294733211,0.0001204166332767
514,14.5032,0.0198,10.140637,0.01384416,27.48,1.3685468550497917,0.0343007294733211,0.0001204166332767
514,16.0973,0.0257,11.255232,0.01796944,27.48,1.0342956008119237,0.0343007294733211,0.0001204166332767
514,17.7539,0.0371,12.413527,0.02594032,27.48,1.530213735144874,0.0343007294733211,0.0001204166332767
514,19.6546,0.0531,13.7424965,0.03712752,27.48,1.74963538817675,0.0343007294733211,0.0001204166332767
514,21.7338,0.0694,15.196273,0.04852448,27.48,1.5660334066004131,0.0343007294733211,0.0001204166332767
514,14.491764,2.168954,9.018229,1.4388078,28.75,1.6771753663789166,0.0343007294733211,0.0001204166332767
515,18.839,,15.956633,,143.37,1.3195860575716702,0.0175331295359004,4.0027693014e-06
515,17.897,,15.158759,,143.37,1.6323193042175332,0.0175331295359004,4.0027693014e-06
515,17.004,,14.402388,,143.37,0.9829031839866824,0.0175331295359004,4.0027693014e-06
515,18.1397,0.0314,15.364326,0.0265958,143.37,0.8683478903956274,0.0175331295359004,4.0027693014e-06
515,23.2183,0.0432,19.6659,0.0365904,143.37,1.4559531101246859,0.0175331295359004,4.0027693014e-06
515,28.336,0.0465,24.000591,0.0393855,143.37,0.851952503758056,0.0175331295359004,4.0027693014e-06
515,33.7519,0.0472,28.58786,0.0399784,143.37,1.6924814191396806,0.0175331295359004,4.0027693014e-06
515,38.9813,0.046,33.017162,0.038962,143.37,1.4915541471074185,0.0175331295359004,4.0027693014e-06
515,44.2213,0.0989,37.45544,0.0837683,143.37,1.752200725408912,0.0175331295359004,4.0027693014e-06
515,48.5715,0.1032,41.14006,0.0874104,143.37,1.1138866563132357,0.0175331295359004,4.0027693014e-06
515,52.6323,0.1211,44.57956,0.1025717,143.37,1.2861583092016209,0.0175331295359004,4.0027693014e-06
515,56.4053,0.1358,47.775288,0.1150226,143.37,1.541690365045119,0.0175331295359004,4.0027693014e-06
515,38.647488,4.271478,29.048336,3.8218932,143.0,1.0427789854608207,0.0175331295359004,4.0027693014e-06
516,9.0187,,4.0971956,,169.87,1.341848820111667,0.0362917735575589,9.00623057035e-05
516,8.2068,,3.7283492,,169.87,1.459467275005478,0.0362917735575589,9.00623057035e-05
516,7.3331,,3.3314273,,169.87,1.7788086544470412,0.0362917735575589,9.00623057035e-05
516,12.3272,0.1105,5.600247,0.05020015,169.87,1.5447032942423848,0.0362917735575589,9.00623057035e-05
516,14.5859,0.1468,6.6263742,0.06669124,169.87,0.918130850279074,0.0362917735575589,9.00623057035e-05
516,17.1014,0.1627,7.769166,0.07391461,169.87,1.2753334513833103,0.0362917735575589,9.00623057035e-05
516,19.7805,0.1437,8.986281,0.06528291,169.87,1.3887707829895721,0.0362917735575589,9.00623057035e-05
516,22.7815,0.1842,10.349635,0.08368206,169.87,0.9466231428643528,0.0362917735575589,9.00623057035e-05
516,25.8974,0.189,11.765189,0.0858627,169.87,1.2319660569810784,0.0362917735575589,9.00623057035e-05
516,29.2412,0.2196,13.284277,0.09976428,169.87,1.084005816335823,0.0362917735575589,9.00623057035e-05
516,32.338,0.2873,14.691154,0.13052039,169.87,0.918827542262026,0.0362917735575589,9.00623057035e-05
516,34.7285,0.1813,15.777158,0.08236459,169.87,1.3120419334634545,0.0362917735575589,9.00623057035e-05
516,20.235842,3.4480112,11.511217,2.116465,169.0,0.9656330810123455,0.0362917735575589,9.00623057035e-05
517,8.7893,,7.6414175,,97.25,1.3905374085857234,0.0263258790853237,1.10076149825e-05
517,8.5846,,7.4634514,,97.25,0.9696969322418655,0.0263258790853237,1.10076149825e-05
517,8.4511,,7.3473864,,97.25,1.523594923602821,0.0263258790853237,1.10076149825e-05
517,6.3237,0.0152,5.4978247,0.01321488,97.25,0.9952416230296705,0.0263258790853237,1.10076149825e-05
517,8.6476,0.0255,7.5182233,0.0221697,97.25,1.6962851007761497,0.0263258790853237,1.10076149825e-05
517,11.2962,0.04,9.820916,0.034776,97.25,0.8262093565488089,0.0263258790853237,1.10076149825e-05
517,13.9398,0.0334,12.119262,0.02903796,97.25,1.321997387045736,0.0263258790853237,1.10076149825e-05
517,16.4377,0.0404,14.290936,0.03512376,97.25,1.120104765886547,0.0263258790853237,1.10076149825e-05
517,18.8415,0.0242,16.3808,0.02103948,97.25,1.0250765257745909,0.0263258790853237,1.10076149825e-05
517,21.14,0.0426,18.379116,0.03703644,97.25,1.271602779165148,0.0263258790853237,1.10076149825e-05
517,23.5559,0.0887,20.4795,0.07711578,97.25,1.642019536324261,0.0263258790853237,1.10076149825e-05
517,26.5926,0.1301,23.119606,0.11310894,97.25,1.7152772055266488,0.0263258790853237,1.10076149825e-05
517,16.600504,2.637461,12.137277,2.081075,98.86,1.1032486181478458,0.0263258790853237,1.10076149825e-05
518,,,,,,,0.0478300891745582,0.0001911322240036
519,80.867,,38.84042,,29.29,1.5201404475663072,0.0497714322086114,8.70602301192e-05
519,86.278,,41.439323,,29.29,1.3819987254559885,0.0497714322086114,8.70602301192e-05
519,90.482,,43.458504,,29.29,1.00101614867756,0.0497714322086114,8.70602301192e-05
519,10.1675,0.0612,4.88345,0.02939436,29.29,1.5602957880874366,0.0497714322086114,8.70602301192e-05
519,12.6158,0.0835,6.0593686,0.04010505,29.29,1.3189304352421412,0.0497714322086114,8.70602301192e-05
519,17.5311,0.2508,8.420187,0.12045924,29.29,1.4533951995074075,0.0497714322086114,8.70602301192e-05
519,24.8554,0.2721,11.938048,0.13068964,29.29,1.1593390339633887,0.0497714322086114,8.70602301192e-05
519,35.9518,0.2907,17.267649,0.13962321,29.29,1.239097561302376,0.0497714322086114,8.70602301192e-05
519,44.9093,0.3651,21.569937,0.17535754,29.29,0.9803420983749422,0.0497714322086114,8.70602301192e-05
519,52.2657,0.1378,25.103216,0.06618534,29.29,1.556515867645341,0.0497714322086114,8.70602301192e-05
519,56.06,0.1398,26.925617,0.06714594,29.29,0.9570113241517919,0.0497714322086114,8.70602301192e-05
519,59.5367,0.1986,28.595476,0.09538758,29.29,1.5783025947510614,0.0497714322086114,8.70602301192e-05
519,31.054264,2.5741832,14.22726,1.5143951,30.84,1.5980078548845862,0.0497714322086114,8.70602301192e-05
520,17.297,,7.5501404,,7.75,1.5466009640551217,0.0652871660967535,0.0001317578176033
520,15.441,,6.7399964,,7.75,0.8194227880587405,0.0652871660967535,0.0001317578176033
520,14.153,,6.1777844,,7.75,1.0731332126066735,0.0652871660967535,0.0001317578176033
520,12.7242,0.0259,5.5541134,0.01130535,7.75,1.2683377427918137,0.0652871660967535,0.0001317578176033
520,17.4535,0.053,7.6184525,0.0231345,7.75,1.3955443787167958,0.0652871660967535,0.0001317578176033
520,22.2285,0.0611,9.702741,0.02667015,7.75,1.7192220993690501,0.0652871660967535,0.0001317578176033
520,27.2231,0.0702,11.882883,0.0306423,7.75,1.1756059721287024,0.0652871660967535,0.0001317578176033
520,31.3493,0.0679,13.6839695,0.02963835,7.75,1.6750233187739543,0.0652871660967535,0.0001317578176033
520,35.3399,0.0601,15.425866,0.02623365,7.75,0.9634292881368366,0.0652871660967535,0.0001317578176033
520,39.5411,0.1139,17.25969,0.04971735,7.75,1.1712804875086271,0.0652871660967535,0.0001317578176033
520,43.6403,0.117,19.04899,0.0510705,7.75,0.852282010821323,0.0652871660967535,0.0001317578176033
520,47.6713,0.1545,20.808523,0.06743925,7.75,1.5424892910556223,0.0652871660967535,0.0001317578176033
520,33.660553,2.7127202,14.761186,1.4424268,7.0,0.950652757432913,0.0652871660967535,0.0001317578176033
521,3.5149,,1.6281017,,43.29,1.0570200156484577,0.0668429090367576,0.0002064761800174
521,3.2936,,1.5255955,,43.29,1.5752332521932149,0.0668429090367576,0.0002064761800174
521,3.2498,,1.5053073,,43.29,1.33471671742271,0.0668429090367576,0.0002064761800174
521,6.2554,0.0133,2.8975012,0.00616056,43.29,0.8139727194184626,0.0668429090367576,0.0002064761800174
521,7.3227,0.0247,3.3918746,0.01144104,43.29,0.8022352047473972,0.0668429090367576,0.0002064761800174
521,8.3485,0.0194,3.8670251,0.00898608,43.29,1.3106606317398972,0.0668429090367576,0.0002064761800174
521,9.3541,0.026,4.332819,0.0120432,43.29,1.1049555137491949,0.0668429090367576,0.0002064761800174
521,10.3528,0.0291,4.795417,0.01347912,43.29,0.9803114459951772,0.0668429090367576,0.0002064761800174
521,11.467,0.0415,5.3115144,0.0192228,43.29,1.413593937716111,0.0668429090367576,0.0002064761800174
521,12.6064,0.0417,5.8392844,0.01931544,43.29,1.028436471717427,0.0668429090367576,0.0002064761800174
521,13.8335,0.0599,6.407677,0.02774568,43.29,1.392207149684948,0.0668429090367576,0.0002064761800174
521,15.1244,0.0625,7.005622,0.02895,43.29,1.1792659505862728,0.0668429090367576,0.0002064761800174
521,10.595495,2.1957326,4.8208237,1.0462638,42.67,0.9867462176697898,0.0668429090367576,0.0002064761800174
522,17.404,,9.037897,,49.16,0.9381047378687487,0.0051769147574753,2.46837433628e-05
522,17.822,,9.254965,,49.16,1.036860603127288,0.0051769147574753,2.46837433628e-05
522,18.443,,9.57745,,49.16,0.8298321080129851,0.0051769147574753,2.46837433628e-05
522,4.2434,0.0255,2.2035975,0.01324215,49.16,1.1081269620362684,0.0051769147574753,2.46837433628e-05
522,8.6405,0.0613,4.4870114,0.03183309,49.16,1.7019546901817941,0.0051769147574753,2.46837433628e-05
522,14.5944,0.0616,7.5788717,0.03198888,49.16,1.6313621258830282,0.0051769147574753,2.46837433628e-05
522,18.8447,0.0677,9.786053,0.03515661,49.16,1.172003756719659,0.0051769147574753,2.46837433628e-05
522,23.1376,0.0853,12.015356,0.04429629,49.16,1.3758336185818039,0.0051769147574753,2.46837433628e-05
522,27.3173,0.0791,14.185874,0.04107663,49.16,1.3673605590140585,0.0051769147574753,2.46837433628e-05
522,31.1266,0.1596,16.164043,0.08288028,49.16,1.6287375391937124,0.0051769147574753,2.46837433628e-05
522,20.99526,2.9972892,10.212246,1.5318795,50.77,1.0362901015169657,0.0051769147574753,2.46837433628e-05
523,5.0737,,4.642943,,41.92,1.0963874887930123,,
523,4.9403,,4.5208683,,41.92,1.1017854337456114,,
523,4.8381,,4.4273453,,41.92,0.8408699897716744,,
523,6.7629,0.0069,6.18873,0.00631419,41.92,1.1146878632891921,,
523,8.3751,0.0084,7.664054,0.00768684,41.92,1.677913776588007,,
523,10.1447,0.0099,9.283415,0.00905949,41.92,1.711987647571481,,
523,11.9622,0.0131,10.9466095,0.01198781,41.92,0.9096353457685504,,
523,13.9236,0.0177,12.741487,0.01619727,41.92,1.2580585416184316,,
523,16.0965,0.0275,14.729907,0.02516525,41.92,1.181348901587639,,
523,18.5596,0.0347,16.98389,0.03175397,41.92,1.289359196623388,,
523,21.3657,0.0629,19.551752,0.05755979,41.92,1.3547195240586771,,
523,24.2884,0.0912,22.226315,0.08345712,41.92,0.8202587600177461,,
524,11.678,,8.188614,,12.1,1.642242247921161,0.0176121842264624,1.63446409828e-05
524,11.219,,7.8667626,,12.1,1.7736640731733386,0.0176121842264624,1.63446409828e-05
524,10.936,,7.668323,,12.1,1.4534048120036425,0.0176121842264624,1.63446409828e-05
524,10.1208,0.0332,7.096705,0.02327984,12.1,1.4604522384933691,0.0176121842264624,1.63446409828e-05
524,13.0995,0.0501,9.1853695,0.03513012,12.1,1.3279798578307085,0.0176121842264624,1.63446409828e-05
524,15.9614,0.0528,11.192134,0.03702336,12.1,1.1342734117143818,0.0176121842264624,1.63446409828e-05
524,19.1323,0.0815,13.415568,0.0571478,12.1,0.9489778241795211,0.0176121842264624,1.63446409828e-05
524,22.4011,0.066,15.707651,0.0462792,12.1,1.3840633426960507,0.0176121842264624,1.63446409828e-05
524,25.6047,0.0954,17.954016,0.06689448,12.1,0.8449414035092071,0.0176121842264624,1.63446409828e-05
524,28.697,0.0773,20.122337,0.05420276,12.1,1.624502567691874,0.0176121842264624,1.63446409828e-05
524,31.5953,0.0622,22.154625,0.04361464,12.1,1.2209116994706155,0.0176121842264624,1.63446409828e-05
524,34.2178,0.1077,23.99352,0.07551924,12.1,1.2147542241619749,0.0176121842264624,1.63446409828e-05
524,23.287413,3.00279,16.987179,2.4489503,12.34,1.127170858475906,0.0176121842264624,1.63446409828e-05
525,21.599,,10.16017,,93.5,1.7693538886985865,0.0384796204579636,6.20429229793e-05
525,18.918,,8.899027,,93.5,0.9749169527707189,0.0384796204579636,6.20429229793e-05
525,16.292,,7.663757,,93.5,0.9513078214752112,0.0384796204579636,6.20429229793e-05
525,16.3861,0.0811,7.7080216,0.03814944,93.5,0.9655315015450302,0.0384796204579636,6.20429229793e-05
525,20.9146,0.1415,9.838228,0.0665616,93.5,1.458527482850764,0.0384796204579636,6.20429229793e-05
525,26.5009,0.161,12.466023,0.0757344,93.5,1.7918953187295985,0.0384796204579636,6.20429229793e-05
525,33.5889,0.1332,15.800219,0.06265728,93.5,1.0354751704017549,0.0384796204579636,6.20429229793e-05
525,41.5384,0.1604,19.539663,0.07545216,93.5,1.705617397067488,0.0384796204579636,6.20429229793e-05
525,50.123,0.1853,23.57786,0.08716512,93.5,1.0786165592081725,0.0384796204579636,6.20429229793e-05
525,60.5334,0.2796,28.47491,0.13152383,93.5,1.4478999201253002,0.0384796204579636,6.20429229793e-05
525,71.3586,0.2467,33.567085,0.11604768,93.5,0.8404989519333678,0.0384796204579636,6.20429229793e-05
525,83.4795,0.5898,39.268757,0.27744192,93.5,1.295653974576189,0.0384796204579636,6.20429229793e-05
525,39.095005,4.050881,17.14436,2.071662,93.0,1.454569966278982,0.0384796204579636,6.20429229793e-05
526,15.863,,11.863937,,73.91,1.3363197772226285,0.033635602667496,0.0001220844537527
526,14.781,,11.054709,,73.91,1.0378353848817912,0.033635602667496,0.0001220844537527
526,13.974,,10.451155,,73.91,1.6284969482679155,0.033635602667496,0.0001220844537527
526,14.8336,0.0457,11.094049,0.03417903,73.91,1.7701365112382403,0.033635602667496,0.0001220844537527
526,19.4329,0.0494,14.533866,0.03694626,73.91,1.2591960956920654,0.033635602667496,0.0001220844537527
526,24.8528,0.0672,18.58741,0.05025888,73.91,1.4359192651892538,0.033635602667496,0.0001220844537527
526,30.8032,0.0689,23.037714,0.05153031,73.91,1.5904132683455727,0.033635602667496,0.0001220844537527
526,37.0604,0.0602,27.717474,0.04502358,73.91,1.0414890606217941,0.033635602667496,0.0001220844537527
526,43.8607,0.0791,32.803417,0.05915889,73.91,1.6644503819287855,0.033635602667496,0.0001220844537527
526,51.7238,0.1316,38.68423,0.09842364,73.91,1.0802009053099977,0.033635602667496,0.0001220844537527
526,60.8107,0.1457,45.480324,0.10896903,73.91,1.5758308035152389,0.033635602667496,0.0001220844537527
526,70.6268,0.1277,52.821785,0.09550683,73.91,0.9120992324264221,0.033635602667496,0.0001220844537527
526,38.11722,2.896349,25.416822,2.495364,83.98,1.0883867034141699,0.033635602667496,0.0001220844537527
527,32.667904,3.0840456,4.2571726,0.49227694,28.6,1.3336199339398678,0.0141718041485886,1.56775118381e-05
528,8.0779,,5.080191,,85.59,1.324922095704315,0.0323523815932687,0.0002001384571189
528,7.8459,,4.9342866,,85.59,1.6504311844863664,0.0323523815932687,0.0002001384571189
528,7.66,,4.817374,,85.59,1.7961272576386071,0.0323523815932687,0.0002001384571189
528,6.5222,0.0462,4.1018114,0.02905518,85.59,0.9072108458601407,0.0323523815932687,0.0002001384571189
528,9.0015,0.074,5.661043,0.0465386,85.59,1.071388132825037,0.0323523815932687,0.0002001384571189
528,11.403,0.1185,7.1713467,0.07452465,85.59,1.157598210223076,0.0323523815932687,0.0002001384571189
528,13.4532,0.0976,8.460717,0.06138064,85.59,1.278918407810005,0.0323523815932687,0.0002001384571189
528,15.2444,0.0931,9.587203,0.05855059,85.59,1.293909743154399,0.0323523815932687,0.0002001384571189
528,17.0496,0.1087,10.722493,0.06836143,85.59,1.6561950631484166,0.0323523815932687,0.0002001384571189
528,18.7113,0.1044,11.767536,0.06565716,85.59,1.5705593027851,0.0323523815932687,0.0002001384571189
528,20.3917,0.1325,12.82434,0.08332925,85.59,0.8188515790379534,0.0323523815932687,0.0002001384571189
528,22.0661,0.1697,13.87737,0.10672433,85.59,1.255021760583188,0.0323523815932687,0.0002001384571189
528,16.110954,2.0032294,10.118619,1.3585525,81.22,1.418073838244089,0.0323523815932687,0.0002001384571189
529,8.3184,,3.0994358,,165.88,1.2603955870930235,0.0347640500015514,0.0001290893073866
529,8.0867,,3.0131044,,165.88,0.9306452560257024,0.0347640500015514,0.0001290893073866
529,7.9444,,2.9600835,,165.88,1.1974740836906483,0.0347640500015514,0.0001290893073866
529,11.5738,0.2005,4.312398,0.0747063,165.88,1.2116556951297361,0.0347640500015514,0.0001290893073866
529,12.4369,0.1543,4.633989,0.05749218,165.88,0.9877159224497588,0.0347640500015514,0.0001290893073866
529,13.6374,0.1005,5.081295,0.0374463,165.88,1.5563071144709535,0.0347640500015514,0.0001290893073866
529,14.3621,0.1753,5.3513184,0.06531678,165.88,1.121400680142477,0.0347640500015514,0.0001290893073866
529,15.5504,0.1683,5.794079,0.06270858,165.88,1.3889872905686163,0.0347640500015514,0.0001290893073866
529,17.1981,0.1595,6.408012,0.0594297,165.88,1.3157301809587676,0.0347640500015514,0.0001290893073866
529,19.1216,0.189,7.124708,0.0704214,165.88,1.6774270792163888,0.0347640500015514,0.0001290893073866
529,21.4543,0.2144,7.993872,0.07988544,165.88,0.9220149318628382,0.0347640500015514,0.0001290893073866
529,24.0109,0.2048,8.946462,0.07630848,165.88,0.9142630082534602,0.0347640500015514,0.0001290893073866
529,16.792728,2.2813344,5.72956,0.8506031,166.0,1.100319669123016,0.0347640500015514,0.0001290893073866
530,,,,,,,0.1195293578733058,0.0002064761800174
531,9.508702,2.167565,8.572772,2.0419688,165.0,1.0985422487521395,0.0394799791794628,0.0002001384571189
532,9.228291,1.8911543,8.037505,1.7012389,174.5,1.5631870823952438,0.1171010112602632,0.0002968720447264
534,11.82,,7.711368,,107.6,1.0452658431092998,0.1196110810766293,0.0001501038428392
534,10.695,,6.977418,,107.6,0.8847747427722448,0.1196110810766293,0.0001501038428392
534,10.283,,6.708629,,107.6,1.2137998098841476,0.1196110810766293,0.0001501038428392
534,6.1037,0.0172,3.982054,0.01122128,107.6,1.573379288138484,0.1196110810766293,0.0001501038428392
534,7.9926,0.0235,5.214372,0.0153314,107.6,1.6505619435867414,0.1196110810766293,0.0001501038428392
534,10.3033,0.0345,6.721873,0.0225078,107.6,1.5333448483633507,0.1196110810766293,0.0001501038428392
534,13.1372,0.0265,8.570709,0.0172886,107.6,1.357886678499744,0.1196110810766293,0.0001501038428392
534,16.4027,0.0486,10.701121,0.03170664,107.6,1.5241917017491766,0.1196110810766293,0.0001501038428392
534,20.0869,0.0465,13.104693,0.0303366,107.6,1.4813895353038613,0.1196110810766293,0.0001501038428392
534,24.5564,0.0521,16.020596,0.03399004,107.6,1.034366632495061,0.1196110810766293,0.0001501038428392
534,29.6988,0.0781,19.375498,0.05095244,107.6,1.350758892203194,0.1196110810766293,0.0001501038428392
534,35.2699,0.1662,23.010082,0.10842888,107.6,1.570609332638432,0.1196110810766293,0.0001501038428392
534,15.926534,2.5303817,8.956148,1.535634,107.0,1.1171206618751381,0.1196110810766293,0.0001501038428392
535,7.3567,,6.2333317,,127.83,1.4539731467169315,0.0213270875546842,0.0001427654301999
535,7.3932,,6.2642584,,127.83,1.2814804275187985,0.0213270875546842,0.0001427654301999
535,7.4343,,6.2990823,,127.83,1.30315885094502,0.0213270875546842,0.0001427654301999
535,8.7013,0.0257,7.3726115,0.02177561,127.83,0.8900550377821598,0.0213270875546842,0.0001427654301999
535,10.8493,0.0362,9.192612,0.03067226,127.83,1.46621716530538,0.0213270875546842,0.0001427654301999
535,13.0375,0.04,11.046674,0.033892,127.83,1.6656870353545201,0.0213270875546842,0.0001427654301999
535,15.482,0.0458,13.117899,0.03880634,127.83,0.9414312880258628,0.0213270875546842,0.0001427654301999
535,18.0952,0.0388,15.332063,0.03287524,127.83,1.1661056622164494,0.0213270875546842,0.0001427654301999
535,20.7775,0.0329,17.604776,0.02787617,127.83,0.8486674548408351,0.0213270875546842,0.0001427654301999
535,23.2505,0.0399,19.70015,0.03380727,127.83,0.8296318859763911,0.0213270875546842,0.0001427654301999
535,25.8312,0.0571,21.886776,0.04838083,127.83,1.789658496671744,0.0213270875546842,0.0001427654301999
535,28.4754,0.0763,24.127207,0.06464899,127.83,1.2934715083063848,0.0213270875546842,0.0001427654301999
535,16.87024,2.6414711,14.032054,2.3760483,109.0,1.1555190186352464,0.0213270875546842,0.0001427654301999
536,8.8113,,4.615359,,32.6,1.074877076625019,,
536,7.8375,,4.1052823,,32.6,1.7800126449449591,,
536,7.724,,4.045831,,32.6,1.0522507855216836,,
536,7.0632,0.0589,3.6997042,0.03085182,32.6,1.5257083957377433,,
536,8.941,0.0702,4.6832957,0.03677076,32.6,1.0837580958059339,,
536,11.0055,0.1188,5.764681,0.06222744,32.6,0.8704895053569192,,
536,13.4111,0.0916,7.024734,0.04798008,32.6,1.4832766145179415,,
536,16.0334,0.1089,8.398294,0.05704182,32.6,0.8016308476298649,,
536,19.2082,0.1335,10.061255,0.0699273,32.6,1.4757485115605695,,
536,22.9955,0.1498,12.045043,0.07846524,32.6,1.050376598989823,,
536,27.4164,0.1568,14.36071,0.08213184,32.6,1.5461042320715013,,
536,31.7227,0.2168,16.61635,0.11355984,32.6,1.5697501673506493,,
536,11.146057,7.7764177,7.7111874,5.665393,10.1,1.524107238817538,,
537,9.0815,,6.4024577,,139.78,0.8244834414676104,0.0344371571882572,0.0002064761800174
537,8.5505,,6.0281024,,139.78,1.5037366196437685,0.0344371571882572,0.0002064761800174
537,8.1434,,5.741097,,139.78,1.7901456140557632,0.0344371571882572,0.0002064761800174
537,10.1364,0.0244,7.146162,0.017202,139.78,1.042625368525623,0.0344371571882572,0.0002064761800174
537,12.3243,0.0263,8.688631,0.0185415,139.78,1.0742385722253385,0.0344371571882572,0.0002064761800174
537,14.6012,0.035,10.293846,0.024675,139.78,1.6135265495805395,0.0344371571882572,0.0002064761800174
537,17.1548,0.0406,12.094134,0.028623,139.78,0.9603968050560806,0.0344371571882572,0.0002064761800174
537,20.1432,0.0678,14.200956,0.047799,139.78,1.4605836755045516,0.0344371571882572,0.0002064761800174
537,23.797,0.0914,16.776884,0.064437,139.78,1.5550263775005786,0.0344371571882572,0.0002064761800174
537,27.7587,0.1201,19.569883,0.0846705,139.78,0.8371606618193572,0.0344371571882572,0.0002064761800174
537,31.0588,0.1181,21.896454,0.0832605,139.78,1.3537620942652262,0.0344371571882572,0.0002064761800174
537,34.1366,0.0878,24.066303,0.061899,139.78,1.375877258535883,0.0344371571882572,0.0002064761800174
537,26.799164,3.5173194,14.727237,2.1535306,164.51,1.1034428973917942,0.0344371571882572,0.0002064761800174
538,69.243,,38.3537,,143.76,1.6763446693975173,0.012956963713877,2.5684434694e-05
538,69.67,,38.590214,,143.76,0.9627497192998564,0.012956963713877,2.5684434694e-05
538,88.847,,49.212353,,143.76,1.1641947095058605,0.012956963713877,2.5684434694e-05
538,1.761,0.0252,0.9754179,0.01395828,143.76,1.6486686871473295,0.012956963713877,2.5684434694e-05
538,4.9975,0.0462,2.7681153,0.02559018,143.76,0.9906427566059925,0.012956963713877,2.5684434694e-05
538,9.1125,0.0686,5.047414,0.03799754,143.76,1.621374136327675,0.012956963713877,2.5684434694e-05
538,14.8024,0.0857,8.199049,0.04746923,143.76,0.8790691773679558,0.012956963713877,2.5684434694e-05
538,23.5535,0.2269,13.046284,0.12567991,143.76,1.2892290671899902,0.012956963713877,2.5684434694e-05
538,34.3678,0.2275,19.036324,0.12601225,143.76,0.8753306624457035,0.012956963713877,2.5684434694e-05
538,44.7746,0.3564,24.800652,0.19740996,143.76,1.4779035850615143,0.012956963713877,2.5684434694e-05
538,55.8609,0.2236,30.941353,0.12385204,143.76,1.5906014890556004,0.012956963713877,2.5684434694e-05
538,61.9791,0.3462,34.330223,0.19176018,143.76,1.649858548246803,0.012956963713877,2.5684434694e-05
540,9.933933,2.1501303,8.812949,1.9791234,109.09,1.7812622507439888,0.017131851929377,2.50173071399e-05
543,3.9701,,3.337266,,128.98,1.4720157222995869,0.063523946289536,0.0001307571278626
543,3.5713,,3.0020347,,128.98,1.5690619138400204,0.063523946289536,0.0001307571278626
543,3.1516,,2.649235,,128.98,1.3057582783213295,0.063523946289536,0.0001307571278626
543,5.8635,0.022,4.9288583,0.0184932,128.98,1.7127369011811262,0.063523946289536,0.0001307571278626
543,6.8062,0.0391,5.7212915,0.03286746,128.98,1.4437583821994626,0.063523946289536,0.0001307571278626
543,7.9052,0.037,6.645111,0.0311022,128.98,1.6835514062513435,0.063523946289536,0.0001307571278626
543,9.1844,0.0498,7.7204065,0.04186188,128.98,1.0354520170138808,0.063523946289536,0.0001307571278626
543,10.6691,0.0584,8.968446,0.04909104,128.98,1.2967377807180642,0.063523946289536,0.0001307571278626
543,12.3422,0.0413,10.374853,0.03471678,128.98,1.529818921063804,0.063523946289536,0.0001307571278626
543,14.0273,0.0575,11.791348,0.0483345,128.98,1.0027217545626832,0.063523946289536,0.0001307571278626
543,15.656,0.0872,13.160434,0.07330032,128.98,1.0113397932619783,0.063523946289536,0.0001307571278626
543,17.3223,0.0848,14.561126,0.07128288,128.98,1.7780427404056374,0.063523946289536,0.0001307571278626
543,12.334492,3.1241338,7.7289634,2.1503708,151.57,1.234610360737206,0.063523946289536,0.0001307571278626
544,8.168104,1.4858125,6.9521837,1.3417145,37.0,0.9818154529237717,0.0047866447660934,0.0002698533581051
545,5.5919,,1.9621977,,160.17,1.1314638819815062,0.0337199943835811,0.0002064761800174
545,5.7255,,2.009078,,160.17,1.1973761482659255,0.0337199943835811,0.0002064761800174
545,5.6015,,1.9655664,,160.17,1.423085257470221,0.0337199943835811,0.0002064761800174
545,11.0481,0.0888,3.8767784,0.03115992,160.17,1.7230146590477524,0.0337199943835811,0.0002064761800174
545,12.6312,0.1498,4.432288,0.05256482,160.17,1.7865900759220912,0.0337199943835811,0.0002064761800174
545,13.9707,0.0778,4.9023185,0.02730002,160.17,1.4516987589111126,0.0337199943835811,0.0002064761800174
545,15.1097,0.1136,5.301994,0.03986224,160.17,1.4999223607977248,0.0337199943835811,0.0002064761800174
545,16.2004,0.1405,5.6847205,0.04930145,160.17,1.1218291696965892,0.0337199943835811,0.0002064761800174
545,17.6416,0.1409,6.1904373,0.04944181,160.17,1.657158595448749,0.0337199943835811,0.0002064761800174
545,19.2353,0.1754,6.7496667,0.06154786,160.17,1.017798335220315,0.0337199943835811,0.0002064761800174
545,21.3241,0.2437,7.482627,0.08551433,160.17,0.9063806493109676,0.0337199943835811,0.0002064761800174
545,23.7673,0.179,8.339946,0.0628111,160.17,1.7732559900976508,0.0337199943835811,0.0002064761800174
545,15.421309,2.2725682,4.887888,0.77331054,159.75,1.6641386768205324,0.0337199943835811,0.0002064761800174
546,14.999,,10.229318,,21.63,1.1036451345381333,0.0466669511746022,0.0002498395123932
546,14.006,,9.552092,,21.63,1.4751707163810492,0.0466669511746022,0.0002498395123932
546,13.24,,9.02968,,21.63,1.2670183574131997,0.0466669511746022,0.0002498395123932
546,11.9593,0.0272,8.156242,0.0185504,21.63,1.1231282061454708,0.0466669511746022,0.0002498395123932
546,15.3541,0.044,10.471497,0.030008,21.63,1.086774210760295,0.0466669511746022,0.0002498395123932
546,19.2528,0.0484,13.130409,0.0330088,21.63,0.9360274452209065,0.0466669511746022,0.0002498395123932
546,23.758,0.0539,16.202955,0.0367598,21.63,1.3493180822758393,0.0466669511746022,0.0002498395123932
546,29.058,0.0504,19.817556,0.0343728,21.63,1.2465966901175078,0.0466669511746022,0.0002498395123932
546,34.841,0.066,23.761562,0.045012,21.63,1.3121864202999443,0.0466669511746022,0.0002498395123932
546,41.1546,0.0976,28.067438,0.0665632,21.63,1.0153571674794044,0.0466669511746022,0.0002498395123932
546,48.232,0.1435,32.894222,0.097867,21.63,1.7386106707732476,0.0466669511746022,0.0002498395123932
546,55.5612,0.1553,37.89274,0.1059146,21.63,1.4385911963305416,0.0466669511746022,0.0002498395123932
546,34.365387,3.1651692,22.341959,2.5722132,9.5,1.6996006573833369,0.0466669511746022,0.0002498395123932
547,14.204,,6.7057085,,85.74,0.9092711660327555,0.0623764858020544,0.0002001384571189
547,18.713,,8.834407,,85.74,1.422850965856175,0.0623764858020544,0.0002001384571189
547,19.393,,9.155436,,85.74,1.6494618186441612,0.0623764858020544,0.0002001384571189
547,8.3238,0.078,3.929666,0.0368238,85.74,1.1309207798144667,0.0623764858020544,0.0002001384571189
547,9.9173,0.1054,4.6819572,0.04975934,85.74,0.9951431691359864,0.0623764858020544,0.0002001384571189
547,12.2776,0.1574,5.796255,0.07430854,85.74,1.0650213058056197,0.0623764858020544,0.0002001384571189
547,14.6992,0.1465,6.939492,0.06916265,85.74,1.072933726749799,0.0623764858020544,0.0002001384571189
547,17.207,0.241,8.123425,0.1137761,85.74,1.2471989649235353,0.0623764858020544,0.0002001384571189
547,19.7416,0.2003,9.320009,0.09456163,85.74,1.1259636027793316,0.0623764858020544,0.0002001384571189
547,21.9817,0.2009,10.377561,0.09484489,85.74,1.0712740727079915,0.0623764858020544,0.0002001384571189
547,24.6697,0.1666,11.646565,0.07865186,85.74,1.448512298405138,0.0623764858020544,0.0002001384571189
547,26.0013,0.1273,12.275214,0.06009833,85.74,0.8530323716718845,0.0623764858020544,0.0002001384571189
547,17.065588,2.279108,7.836484,1.1326221,76.59,1.14036377813973,0.0623764858020544,0.0002001384571189
548,10.911,,7.86574,,47.2,1.4897519659404748,0.0181038577027845,1.0340486633e-05
548,10.44,,7.526196,,47.2,0.975849749281006,0.0181038577027845,1.0340486633e-05
548,10.371,,7.476454,,47.2,1.0209278622129125,0.0181038577027845,1.0340486633e-05
548,7.4708,0.0214,5.3856997,0.01542726,47.2,1.0006666254129175,0.0181038577027845,1.0340486633e-05
548,10.5058,0.0293,7.5736313,0.02112237,47.2,0.800926106731405,0.0181038577027845,1.0340486633e-05
548,13.5658,0.0502,9.779585,0.03618918,47.2,1.2737677518315729,0.0181038577027845,1.0340486633e-05
548,16.6057,0.0731,11.971049,0.05269779,47.2,0.8389587894161232,0.0181038577027845,1.0340486633e-05
548,19.4794,0.0534,14.0427,0.03849606,47.2,1.0729398117749,0.0181038577027845,1.0340486633e-05
548,22.1337,0.0777,15.956184,0.05601393,47.2,1.7948034245919717,0.0181038577027845,1.0340486633e-05
548,24.7727,0.076,17.858639,0.0547884,47.2,1.7183962113902997,0.0181038577027845,1.0340486633e-05
548,27.2829,0.0784,19.668243,0.05651856,47.2,1.0150758081563342,0.0181038577027845,1.0340486633e-05
548,29.8529,0.145,21.520956,0.1045305,47.2,1.1100024319139328,0.0181038577027845,1.0340486633e-05
548,17.422932,3.129187,12.563807,2.397464,40.22,1.2637045822685515,0.0181038577027845,1.0340486633e-05
550,9.979787,2.0451584,6.59358,1.4165155,60.83,1.6444135466592436,,
551,10.591,,8.787353,,55.8,1.6026459413930911,0.0464197801800604,0.0001267543561753
551,10.409,,8.636348,,55.8,0.9262414365662822,0.0464197801800604,0.0001267543561753
551,10.409,,8.636348,,55.8,0.9244488483483522,0.0464197801800604,0.0001267543561753
551,15.587,0.0322,12.932534,0.02671634,55.8,1.2167322538940448,0.0464197801800604,0.0001267543561753
551,18.6834,0.0523,15.501617,0.04339331,55.8,1.6700953896137722,0.0464197801800604,0.0001267543561753
551,21.7242,0.0364,18.024569,0.03020108,55.8,1.6820849990955025,0.0464197801800604,0.0001267543561753
551,24.8679,0.0558,20.632896,0.04629726,55.8,0.9073658496865302,0.0464197801800604,0.0001267543561753
551,28.1919,0.0302,23.39082,0.02505694,55.8,1.3742972879655517,0.0464197801800604,0.0001267543561753
551,31.6106,0.0586,26.227314,0.04862042,55.8,0.955675197125113,0.0464197801800604,0.0001267543561753
551,35.3642,0.0697,29.341677,0.05783009,55.8,1.4861293100027828,0.0464197801800604,0.0001267543561753
551,38.974,0.0934,32.336727,0.07749398,55.8,1.7164332479289066,0.0464197801800604,0.0001267543561753
551,42.7772,0.1338,35.492245,0.11101386,55.8,1.2547692924755935,0.0464197801800604,0.0001267543561753
551,28.981525,2.6025648,23.995028,2.530091,56.44,0.8830827746920515,0.0464197801800604,0.0001267543561753
552,,,,,,,0.0397941965571395,2.16816661879e-05
553,46.35763,3.0955296,5.690118,0.53734094,119.35,1.2085166701358547,,
554,15.45686,2.2422163,4.8097363,0.7506413,138.84,1.6108987523339602,,
555,6.5514,,4.7301106,,18.15,1.1403444639263878,0.0734328013014923,1.93467181577e-05
555,5.4798,,3.9564157,,18.15,1.6748972004725893,0.0734328013014923,1.93467181577e-05
555,4.9457,,3.5707953,,18.15,1.073700407634785,0.0734328013014923,1.93467181577e-05
555,5.9351,0.0243,4.2851424,0.0175446,18.15,0.957517635888686,0.0734328013014923,1.93467181577e-05
555,7.2926,0.023,5.2652574,0.016606,18.15,1.1064803773185798,0.0734328013014923,1.93467181577e-05
555,8.8314,0.0323,6.376271,0.0233206,18.15,0.8349157918227466,0.0734328013014923,1.93467181577e-05
555,10.7245,0.0415,7.743089,0.029963,18.15,1.0812459668742413,0.0734328013014923,1.93467181577e-05
555,13.0729,0.0423,9.438634,0.0305406,18.15,1.4601176338820308,0.0734328013014923,1.93467181577e-05
555,15.4208,0.061,11.133818,0.044042,18.15,0.9422829785565924,0.0734328013014923,1.93467181577e-05
555,17.518,0.052,12.647996,0.037544,18.15,0.911364972786588,0.0734328013014923,1.93467181577e-05
555,19.8009,0.0778,14.296249,0.0561716,18.15,0.9323852912543504,0.0734328013014923,1.93467181577e-05
555,22.2796,0.1145,16.08587,0.082669,18.15,0.8775516742614664,0.0734328013014923,1.93467181577e-05
555,15.926534,2.6037261,9.820221,1.7518017,13.83,1.6746354118429396,0.0734328013014923,1.93467181577e-05
556,,,,,,,1.4309265912219848,0.0021501540762107
557,,,,,,,0.3160886722507209,0.001311240478583
558,47.437443,3.9322348,9.270886,0.9606152,159.02,1.5600717815435403,0.0339421480709831,3.26892819656e-05
559,12.207,,3.5656648,,158.13,1.5371517467171978,0.0179417722376458,0.0002999999970354
559,12.185,,3.5592384,,158.13,1.7969094246100403,0.0179417722376458,0.0002999999970354
559,12.68,,3.703828,,158.13,1.1478706617210683,0.0179417722376458,0.0002999999970354
559,9.1126,0.0444,2.6617904,0.01296924,158.13,1.0855089916904164,0.0179417722376458,0.0002999999970354
559,12.4876,0.0562,3.647628,0.01641602,158.13,1.2530821208098273,0.0179417722376458,0.0002999999970354
559,15.7603,0.0494,4.603584,0.01442974,158.13,1.6565751771491906,0.0179417722376458,0.0002999999970354
559,18.8354,0.0939,5.5018206,0.02742819,158.13,1.5285936425378988,0.0179417722376458,0.0002999999970354
559,21.9062,0.0644,6.398801,0.01881124,158.13,1.2716238139675027,0.0179417722376458,0.0002999999970354
559,25.2638,0.1069,7.379556,0.03122549,158.13,1.0445628432858731,0.0179417722376458,0.0002999999970354
559,28.8194,0.1212,8.418147,0.03540252,158.13,1.5270157412683711,0.0179417722376458,0.0002999999970354
559,32.6525,0.1265,9.537795,0.03695065,158.13,1.654526868042196,0.0179417722376458,0.0002999999970354
559,36.9454,0.3125,10.791751,0.09128125,158.13,1.199951231067491,0.0179417722376458,0.0002999999970354
559,16.110954,2.9306505,6.0830483,1.1739784,162.93,1.4685854458209842,0.0179417722376458,0.0002999999970354
560,4.6746,,1.8502067,,37.7,1.2002120211765983,0.0332229838817359,0.0002064761800174
560,4.1312,,1.635129,,37.7,1.278493438141485,0.0332229838817359,0.0002064761800174
560,4.2772,,1.6929158,,37.7,1.3249103799549138,0.0332229838817359,0.0002064761800174
560,7.4108,0.0855,2.9331946,0.0338409,37.7,1.5757258140222778,0.0332229838817359,0.0002064761800174
560,9.2099,0.121,3.6452785,0.0478918,37.7,1.7775059841289311,0.0332229838817359,0.0002064761800174
560,11.0905,0.1366,4.38962,0.05406628,37.7,1.2443661626382325,0.0332229838817359,0.0002064761800174
560,12.8988,0.1775,5.1053452,0.0702545,37.7,1.142315006247606,0.0332229838817359,0.0002064761800174
560,14.2104,0.1165,5.6244764,0.0461107,37.7,1.1735910064723913,0.0332229838817359,0.0002064761800174
560,15.7968,0.1197,6.252373,0.04737726,37.7,0.9338890693751817,0.0332229838817359,0.0002064761800174
560,16.9489,0.1694,6.7083745,0.06704852,37.7,1.0969387378177227,0.0332229838817359,0.0002064761800174
560,19.1024,0.2259,7.56073,0.08941122,37.7,0.8864474132688063,0.0332229838817359,0.0002064761800174
560,21.9465,0.2608,8.686424,0.10322464,37.7,1.2278942631792473,0.0332229838817359,0.0002064761800174
560,14.558655,2.1454427,5.4843006,0.85880154,40.5,0.9673572693110489,0.0332229838817359,0.0002064761800174
561,8.833265,1.8712196,5.071323,1.119607,12.0,1.1464067459744087,0.0335999113093098,0.0002064761800174
562,50.484,,41.851234,,20.51,1.5935777493916063,0.0059734658168085,2.06809732661e-05
562,52.667,,43.660942,,20.51,1.0459276505891362,0.0059734658168085,2.06809732661e-05
562,51.002,,42.28066,,20.51,1.4118946213420691,0.0059734658168085,2.06809732661e-05
562,1.2959,0.0089,1.0743011,0.0073781,20.51,1.7011814192486128,0.0059734658168085,2.06809732661e-05
562,3.9264,0.0127,3.2549856,0.0105283,20.51,1.3669291870295468,0.0059734658168085,2.06809732661e-05
562,7.8696,0.0125,6.5238986,0.0103625,20.51,0.9937926127724127,0.0059734658168085,2.06809732661e-05
562,12.8138,0.0208,10.622641,0.0172432,20.51,1.1447661939659544,0.0059734658168085,2.06809732661e-05
562,17.979,0.0254,14.904591,0.0210566,20.51,1.390369207184066,0.0059734658168085,2.06809732661e-05
562,23.7769,0.0348,19.71105,0.0288492,20.51,1.3066111397598537,0.0059734658168085,2.06809732661e-05
562,29.7316,0.0524,24.647497,0.0434396,20.51,0.9486198362769038,0.0059734658168085,2.06809732661e-05
562,35.9193,0.1136,29.7771,0.0941744,20.51,1.246796344690569,0.0059734658168085,2.06809732661e-05
562,20.096539,4.766221,15.385841,3.9407098,9.05,1.3430666949102483,0.0059734658168085,2.06809732661e-05
563,4.2902,,1.865808,,36.46,1.0673327144575726,0.0401651198309998,1.23418716814e-05
563,3.8036,,1.6541857,,36.46,1.412445515339852,0.0401651198309998,1.23418716814e-05
563,4.1612,,1.8097059,,36.46,0.8701600994852099,0.0401651198309998,1.23418716814e-05
563,7.4453,0.0372,3.237961,0.01617828,36.46,1.1366070335655167,0.0401651198309998,1.23418716814e-05
563,8.5342,0.0551,3.7115235,0.02396299,36.46,1.6042768327775745,0.0401651198309998,1.23418716814e-05
563,9.6641,0.0678,4.202917,0.02948622,36.46,1.0592848009081555,0.0401651198309998,1.23418716814e-05
563,10.8788,0.0631,4.73119,0.02744219,36.46,1.4051768500030781,0.0401651198309998,1.23418716814e-05
563,12.2202,0.089,5.314565,0.0387061,36.46,1.210029713710312,0.0401651198309998,1.23418716814e-05
563,13.6794,0.0697,5.949171,0.03031253,36.46,1.1164601424152467,0.0401651198309998,1.23418716814e-05
563,15.3575,0.106,6.6789765,0.0460994,36.46,1.716131687910027,0.0401651198309998,1.23418716814e-05
563,17.3446,0.1672,7.5431666,0.07271528,36.46,1.1432617180803835,0.0401651198309998,1.23418716814e-05
563,19.7662,0.1561,8.59632,0.06788789,36.46,1.0366759014870184,0.0401651198309998,1.23418716814e-05
563,11.537753,1.8596661,6.872603,1.3521601,41.0,1.7093013156402705,0.0401651198309998,1.23418716814e-05
564,15.866,,11.756706,,106.39,1.545944355935815,0.0151771663315159,6.3377177292e-06
564,13.915,,10.311015,,106.39,1.4817997136981975,0.0151771663315159,6.3377177292e-06
564,12.936,,9.585576,,106.39,0.8495349420668759,0.0151771663315159,6.3377177292e-06
564,20.2281,0.0264,14.989022,0.0195624,106.39,0.9312049607157759,0.0151771663315159,6.3377177292e-06
564,24.61,0.0325,18.23601,0.0240825,106.39,1.4383399638096628,0.0151771663315159,6.3377177292e-06
564,29.6283,0.0504,21.95457,0.0373464,106.39,1.0094328365262601,0.0151771663315159,6.3377177292e-06
564,35.281,0.059,26.14322,0.043719,106.39,1.0256379856303592,0.0151771663315159,6.3377177292e-06
564,41.5946,0.0625,30.821598,0.0463125,106.39,1.5791385153436108,0.0151771663315159,6.3377177292e-06
564,48.9883,0.0929,36.30033,0.0688389,106.39,1.0859249488369427,0.0151771663315159,6.3377177292e-06
564,57.2966,0.1528,42.45678,0.1132248,106.39,0.871587302151916,0.0151771663315159,6.3377177292e-06
564,65.4697,0.2442,48.513046,0.1809522,106.39,0.8364319473098611,0.0151771663315159,6.3377177292e-06
564,73.6505,0.2533,54.57502,0.1876953,106.39,1.243177987245288,0.0151771663315159,6.3377177292e-06
564,47.002533,4.2208657,32.21968,3.8876505,112.39,1.417128577684646,0.0151771663315159,6.3377177292e-06
565,7.1882,,4.213004,,112.9,1.668885233391803,0.0127845110766595,2.00138457119e-05
565,7.4008,,4.337609,,112.9,0.9108043950326393,0.0127845110766595,2.00138457119e-05
565,7.5376,,4.4177876,,112.9,0.9966728262882963,0.0127845110766595,2.00138457119e-05
565,18.6416,0.0697,10.925841,0.04085117,112.9,1.3298006109074711,0.0127845110766595,2.00138457119e-05
565,22.1298,0.073,12.970276,0.0427853,112.9,1.1641083622419752,0.0127845110766595,2.00138457119e-05
565,25.9933,0.0956,15.2346735,0.05603116,112.9,1.2825374512454948,0.0127845110766595,2.00138457119e-05
565,29.9478,0.0677,17.552406,0.03967897,112.9,1.7241246489842155,0.0127845110766595,2.00138457119e-05
565,34.1614,0.081,20.021997,0.0474741,112.9,1.3448916538646873,0.0127845110766595,2.00138457119e-05
565,38.8913,0.1038,22.794191,0.06083718,112.9,1.215120610612076,0.0127845110766595,2.00138457119e-05
565,44.0204,0.1024,25.800356,0.06001664,112.9,1.7894399066997448,0.0127845110766595,2.00138457119e-05
565,49.7812,0.1431,29.176762,0.08387091,112.9,0.8652156698995364,0.0127845110766595,2.00138457119e-05
565,56.4663,0.2397,33.0949,0.14048816,112.9,1.732113448371172,0.0127845110766595,2.00138457119e-05
565,30.487461,6.7391973,17.584145,4.583668,112.0,1.301661842065483,0.0127845110766595,2.00138457119e-05
566,15.545,,2.627105,,177.24,1.3037563377671382,,
566,14.367,,2.428023,,177.24,1.7219643342032094,,
566,11.984,,2.025296,,177.24,1.3073239795930696,,
566,16.2299,0.0872,2.7428532,0.0147368,177.24,1.2384070905301487,,
566,20.18,0.1416,3.41042,0.0239304,177.24,1.0724885921171992,,
566,24.4168,0.1965,4.126439,0.0332085,177.24,1.4588167668174208,,
566,28.5726,0.1595,4.828769,0.0269555,177.24,1.3696450909797617,,
566,33.1558,0.1757,5.60333,0.0296933,177.24,1.0143454369477831,,
566,37.8646,0.1914,6.3991175,0.0323466,177.24,1.5094129150613247,,
566,42.3317,0.239,7.1540575,0.040391,177.24,1.4440868573366406,,
566,46.8431,0.2578,7.916484,0.0435682,177.24,1.1973338842065409,,
566,52.1882,0.2757,8.819806,0.0465933,177.24,0.8044009219035506,,
566,25.711136,2.8416996,5.7560062,0.7365048,178.23,1.2465811501761879,,
567,17.713,,8.966321,,108.67,0.8060581171302518,0.0252084393664099,2.83529480918e-05
567,15.976,,8.087051,,108.67,0.8749984892990399,0.0252084393664099,2.83529480918e-05
567,14.69,,7.436078,,108.67,1.2306099024808341,0.0252084393664099,2.83529480918e-05
567,15.7776,0.0939,7.986621,0.04753218,108.67,0.8819198841853277,0.0252084393664099,2.83529480918e-05
567,20.3245,0.1702,10.288262,0.08615524,108.67,1.0756654337871663,0.0252084393664099,2.83529480918e-05
567,25.6698,0.206,12.994053,0.1042772,108.67,1.4554913685589685,0.0252084393664099,2.83529480918e-05
567,31.8467,0.1675,16.1208,0.0847885,108.67,1.108615342609419,0.0252084393664099,2.83529480918e-05
567,38.808,0.1656,19.64461,0.08382672,108.67,1.7976485941215103,0.0252084393664099,2.83529480918e-05
567,45.5502,0.2466,23.05751,0.12482892,108.67,1.7163020339149813,0.0252084393664099,2.83529480918e-05
567,51.6123,0.2355,26.126146,0.1192101,108.67,1.3853099045855237,0.0252084393664099,2.83529480918e-05
567,56.9522,0.2895,28.829205,0.1465449,108.67,1.7669471386349305,0.0252084393664099,2.83529480918e-05
567,61.6779,0.2816,31.221354,0.14254592,108.67,1.6680172944325222,0.0252084393664099,2.83529480918e-05
567,28.518145,2.1012945,14.12932,1.3414096,110.2,1.1188985188404872,0.0252084393664099,2.83529480918e-05
568,20.28,,3.084588,,13.51,1.5495962459853094,0.0163719929205157,0.0001307571278626
568,19.017,,2.8924856,,13.51,0.9368317840039474,0.0163719929205157,0.0001307571278626
568,18.089,,2.7513368,,13.51,1.4845514243787412,0.0163719929205157,0.0001307571278626
568,21.4881,0.2648,3.26834,0.04027608,13.51,1.2910818264945805,0.0163719929205157,0.0001307571278626
568,25.6395,0.2526,3.8997679,0.03842046,13.51,0.8168259392528248,0.0163719929205157,0.0001307571278626
568,30.1906,0.267,4.5919905,0.0406107,13.51,1.0742298223903708,0.0163719929205157,0.0001307571278626
568,34.0763,0.2895,5.1830053,0.04403295,13.51,1.7553822174042486,0.0163719929205157,0.0001307571278626
568,38.4268,0.2623,5.844716,0.03989583,13.51,1.1158314850884807,0.0163719929205157,0.0001307571278626
568,43.9209,0.2833,6.680369,0.04308993,13.51,0.9814544553014407,0.0163719929205157,0.0001307571278626
568,48.8891,0.3687,7.4360323,0.05607927,13.51,0.9875314465722084,0.0163719929205157,0.0001307571278626
568,53.5784,0.3868,8.149275,0.05883228,13.51,1.2792132646419492,0.0163719929205157,0.0001307571278626
568,56.5867,0.3591,8.606837,0.05461911,13.51,1.642649240670535,0.0163719929205157,0.0001307571278626
568,32.59277,3.001905,5.795905,0.6440531,14.35,1.5580017651333464,0.0163719929205157,0.0001307571278626
569,24.208,,6.037475,,38.48,1.2368520075377742,0.016926376446735,9.6733590789e-06
569,20.128,,5.019923,,38.48,1.0087268834369607,0.016926376446735,9.6733590789e-06
569,18.108,,4.516135,,38.48,0.8460649001021912,0.016926376446735,9.6733590789e-06
569,29.5452,0.2362,7.3685727,0.05890828,38.48,1.262630319482731,0.016926376446735,9.6733590789e-06
569,35.8644,0.3363,8.944581,0.08387322,38.48,1.6147753485181917,0.016926376446735,9.6733590789e-06
569,41.402,0.2334,10.325659,0.05820996,38.48,1.5296819935943138,0.016926376446735,9.6733590789e-06
569,48.1138,0.3344,11.999581,0.08339936,38.48,1.2086007676272503,0.016926376446735,9.6733590789e-06
569,56.1457,0.4504,14.002738,0.11232976,38.48,1.3947026719176003,0.016926376446735,9.6733590789e-06
569,67.0306,0.6817,16.717432,0.17001598,38.48,1.2362465209462177,0.016926376446735,9.6733590789e-06
569,78.564,0.5796,19.593863,0.14455225,38.48,1.3790161097901779,0.016926376446735,9.6733590789e-06
569,91.0225,0.4734,22.701012,0.11806596,38.48,1.317505244393549,0.016926376446735,9.6733590789e-06
569,102.1126,0.8155,25.466883,0.2033857,38.48,1.480966600125159,0.016926376446735,9.6733590789e-06
569,53.96613,4.1006327,11.564351,1.1186888,40.14,1.307708843533124,0.016926376446735,9.6733590789e-06
570,9.575,,7.937675,,140.64,1.7406109981675586,0.0551021200139731,0.0002498395123932
570,8.4697,,7.0213814,,140.64,1.2280281815816863,0.0551021200139731,0.0002498395123932
570,7.9783,,6.614011,,140.64,0.815916303039711,0.0551021200139731,0.0002498395123932
570,6.6704,0.03,5.529762,0.02487,140.64,1.0363735354089845,0.0551021200139731,0.0002498395123932
570,9.5436,0.0375,7.9116445,0.0310875,140.64,1.300606858106656,0.0551021200139731,0.0002498395123932
570,13.0012,0.044,10.777995,0.036476,140.64,1.340571851888662,0.0551021200139731,0.0002498395123932
570,16.3144,0.0586,13.524637,0.0485794,140.64,1.3523847893120535,0.0551021200139731,0.0002498395123932
570,19.4863,0.0622,16.154142,0.0515638,140.64,1.5145520982700822,0.0551021200139731,0.0002498395123932
570,22.0206,0.0835,18.255077,0.0692215,140.64,1.0746481426175278,0.0551021200139731,0.0002498395123932
570,24.1086,0.0668,19.986029,0.0553772,140.64,1.4649036790414773,0.0551021200139731,0.0002498395123932
570,26.0088,0.087,21.561295,0.072123,140.64,1.5040322731192128,0.0551021200139731,0.0002498395123932
570,27.6753,0.1262,22.942823,0.1046198,140.64,1.2112807526208265,0.0551021200139731,0.0002498395123932
570,21.336405,2.8494756,18.841751,2.8738906,129.5,1.202169099146322,0.0551021200139731,0.0002498395123932
571,48.87888,3.9391725,26.553469,2.9411597,154.1,0.9789247856564498,0.0602016479013624,0.000180124611407
572,17.624681,4.504638,8.956148,2.5278087,174.05,1.213987376255374,,
574,41.506992,3.822935,30.487461,3.7311797,144.27,1.5868162917070125,0.0178610230414802,9.97356631918e-05
575,36.067932,14.61671,26.249514,11.710265,120.0,1.708973005549884,0.0170017619322498,0.0001667820475991
576,12.877,,5.159814,,179.02,1.3936131913179655,0.0284530173204023,0.0001307571278626
576,11.393,,4.565175,,179.02,1.0993703433542987,0.0284530173204023,0.0001307571278626
576,10.385,,4.1612697,,179.02,1.4822897186597315,0.0284530173204023,0.0001307571278626
576,14.0745,0.1409,5.6396523,0.05645863,179.02,1.540146208696004,0.0284530173204023,0.0001307571278626
576,16.6529,0.1751,6.672817,0.07016257,179.02,1.1322127787806624,0.0284530173204023,0.0001307571278626
576,19.7159,0.1665,7.9001613,0.06671655,179.02,1.6265478614895468,0.0284530173204023,0.0001307571278626
576,22.5616,0.226,9.040433,0.0905582,179.02,0.8736958321383401,0.0284530173204023,0.0001307571278626
576,25.939,0.2214,10.393757,0.08871498,179.02,0.8107537176000256,0.0284530173204023,0.0001307571278626
576,30.1155,0.2148,12.067281,0.08607036,179.02,0.9229707726320526,0.0284530173204023,0.0001307571278626
576,36.0143,0.2441,14.43093,0.09781087,179.02,0.9560083478275098,0.0284530173204023,0.0001307571278626
576,42.4963,0.3535,17.028267,0.14164744,179.02,1.6789290329477213,0.0284530173204023,0.0001307571278626
576,49.7516,0.3381,19.935467,0.13547666,179.02,1.2249817022212808,0.0284530173204023,0.0001307571278626
576,31.269524,2.5920265,11.327166,1.1736794,177.88,1.0749316919703817,0.0284530173204023,0.0001307571278626
577,,,,,,,0.3019098799343377,0.0002001384571189
578,9.2622,,6.648407,,32.27,1.1948408927006322,,
578,9.2145,,6.614168,,32.27,1.101461667988017,,
578,9.5477,,6.853339,,32.27,0.9378995824119654,,
578,6.0556,0.0591,4.3467097,0.04242198,32.27,1.4559154619738806,,
578,8.3708,0.0586,6.00856,0.04206308,32.27,0.9366044027796554,,
578,10.9893,0.0716,7.8881197,0.05139448,32.27,1.5754244526726744,,
578,13.9348,0.0884,10.002399,0.06345352,32.27,1.0016880132804538,,
578,16.6265,0.0996,11.934502,0.07149288,32.27,1.5313713071333117,,
578,19.1934,0.0659,13.777022,0.04730302,32.27,1.605586105695467,,
578,21.615,0.1208,15.515247,0.08671024,32.27,0.9253260097744508,,
578,23.8286,0.1095,17.10417,0.0785991,32.27,0.8867457682880041,,
578,25.8913,0.128,18.584776,0.0918784,32.27,1.74957277065366,,
578,16.486227,1.8221251,10.522556,1.5138813,38.57,1.2630468067525809,,
579,8.7073,,5.733757,,76.14,1.4302354949729885,0.0535760642784415,0.0001334256380793
579,9.3261,,6.141237,,76.14,0.8232604401217678,0.0535760642784415,0.0001334256380793
579,9.1248,,6.008681,,76.14,1.07871018055634,0.0535760642784415,0.0001334256380793
579,8.3308,0.0604,5.4858317,0.0397734,76.14,1.3053976545593864,0.0535760642784415,0.0001334256380793
579,10.3591,0.0494,6.8214674,0.0325299,76.14,1.686218313389404,0.0535760642784415,0.0001334256380793
579,12.749,0.0825,8.395217,0.05432625,76.14,1.0714394175643762,0.0535760642784415,0.0001334256380793
579,15.6928,0.0674,10.333709,0.0443829,76.14,1.5751913198587197,0.0535760642784415,0.0001334256380793
579,19.1303,0.0721,12.597302,0.04747785,76.14,1.462212928258702,0.0535760642784415,0.0001334256380793
579,23.2828,0.0944,15.331724,0.0621624,76.14,0.915270767805745,0.0535760642784415,0.0001334256380793
579,28.2147,0.1059,18.57938,0.06973515,76.14,1.0933751727919967,0.0535760642784415,0.0001334256380793
579,33.2481,0.0825,21.893873,0.05432625,76.14,1.0378640364386198,0.0535760642784415,0.0001334256380793
579,38.7685,0.1531,25.529057,0.10081635,76.14,1.2425275875732855,0.0535760642784415,0.0001334256380793
579,19.147905,2.5131118,10.644402,1.5255159,72.95,1.4353342430475844,0.0535760642784415,0.0001334256380793
580,17.624681,2.5972688,11.37945,1.8304036,87.5,1.2334197555085067,,
581,27.587,,12.157591,,96.46,1.0445365757518061,,
581,31.815,,14.02087,,96.46,1.4958787682282755,,
581,32.378,,14.268985,,96.46,1.3844710947114898,,
581,4.7407,0.0452,2.0892265,0.01991964,96.46,1.319313907415692,,
581,8.5596,0.1139,3.7722156,0.05019573,96.46,1.3544195974459785,,
581,14.2035,0.1261,6.2594824,0.05557227,96.46,1.0219006462938236,,
581,18.7173,0.1497,8.248714,0.06597279,96.46,1.4804310610924563,,
581,24.1432,0.2052,10.639908,0.09043164,96.46,1.1875005355387684,,
581,29.7604,0.2693,13.115408,0.11868051,96.46,1.1634678197300197,,
581,18.11846,2.5031576,7.2130885,1.099695,94.6,0.9497342082667706,,
582,8.632195,3.5379927,6.5481896,2.7960207,168.0,1.3968373345504466,0.053416954205032,0.0001424318711945
583,26.249514,2.4176695,21.58347,2.2931094,88.51,1.4026644105465067,0.0653732256333146,7.70533072632e-05
584,12.021,,7.4974976,,176.34,1.1403006436665284,0.0350242299958059,9.00623057035e-05
584,10.755,,6.7078934,,176.34,1.659850056865534,0.0350242299958059,9.00623057035e-05
584,10.606,,6.614962,,176.34,1.6454578987154282,0.0350242299958059,9.00623057035e-05
584,12.9842,0.0795,8.098246,0.04958415,176.34,0.9090543064824314,0.0350242299958059,9.00623057035e-05
584,16.3776,0.0805,10.214709,0.05020785,176.34,1.4950383878099183,0.0350242299958059,9.00623057035e-05
584,20.5792,0.0951,12.835247,0.05931387,176.34,1.1938347561850224,0.0350242299958059,9.00623057035e-05
584,25.5546,0.0834,15.938404,0.05201658,176.34,1.7997148510628929,0.0350242299958059,9.00623057035e-05
584,31.3917,0.0859,19.579002,0.05357583,176.34,1.0250236296846524,0.0350242299958059,9.00623057035e-05
584,37.8788,0.0995,23.625008,0.06205815,176.34,1.0805242054144895,0.0350242299958059,9.00623057035e-05
584,45.139,0.1175,28.153194,0.07328475,176.34,1.2421062945557275,0.0350242299958059,9.00623057035e-05
584,52.5968,0.1456,32.804623,0.09081072,176.34,1.0687151486806632,0.0350242299958059,9.00623057035e-05
584,60.1508,0.1943,37.516052,0.12118491,176.34,1.4919933663865144,0.0350242299958059,9.00623057035e-05
584,29.182417,2.4862149,16.29751,1.6348768,175.22,1.2809081121814807,0.0350242299958059,9.00623057035e-05
585,20.756,,13.813118,,66.26,1.0208788348495403,0.0225122407849232,1.83460252359e-05
585,22.994,,15.302507,,66.26,1.3063740694865627,0.0225122407849232,1.83460252359e-05
585,28.118,,18.712528,,66.26,1.6887877663650386,0.0225122407849232,1.83460252359e-05
585,4.9622,0.0213,3.302344,0.01417515,66.26,1.5923956468500529,0.0225122407849232,1.83460252359e-05
585,7.6066,0.0422,5.0621924,0.0280841,66.26,1.2988289244268212,0.0225122407849232,1.83460252359e-05
585,10.8205,0.0522,7.2010427,0.0347391,66.26,1.0884926031419477,0.0225122407849232,1.83460252359e-05
585,14.5421,0.0604,9.677768,0.0401962,66.26,0.9798864647025278,0.0225122407849232,1.83460252359e-05
585,18.9061,0.0684,12.582009,0.0455202,66.26,1.6783828771868956,0.0225122407849232,1.83460252359e-05
585,24.0404,0.0602,15.998886,0.0400631,66.26,1.5101669404986964,0.0225122407849232,1.83460252359e-05
585,29.621,0.1163,19.712776,0.07739765,66.26,1.3721633031474585,0.0225122407849232,1.83460252359e-05
585,34.9582,0.1554,23.264683,0.1034187,66.26,1.6794346459536684,0.0225122407849232,1.83460252359e-05
585,40.11,0.2066,26.693205,0.1374923,66.26,0.9216902873740895,0.0225122407849232,1.83460252359e-05
585,23.287413,3.00279,11.223318,1.6180054,62.0,1.4824892860020684,0.0225122407849232,1.83460252359e-05
587,20.319,,2.9564145,,119.03,1.016712312413232,0.0367450871629332,0.0001501038428392
587,17.973,,2.6150715,,119.03,0.920577441015987,0.0367450871629332,0.0001501038428392
587,15.29,,2.224695,,119.03,1.2656085100069332,0.0367450871629332,0.0001501038428392
587,15.9006,0.2096,2.3135374,0.0304968,119.03,1.1873929297643537,0.0367450871629332,0.0001501038428392
587,21.633,0.3335,3.1476016,0.04852425,119.03,1.7411736093251855,0.0367450871629332,0.0001501038428392
587,26.2953,0.2454,3.8259661,0.0357057,119.03,1.1239795467518165,0.0367450871629332,0.0001501038428392
587,31.1275,0.2231,4.5290513,0.03246105,119.03,1.6149022590520024,0.0367450871629332,0.0001501038428392
587,35.1334,0.1971,5.11191,0.02867805,119.03,1.5488270004683447,0.0367450871629332,0.0001501038428392
587,38.6353,0.23,5.621436,0.033465,119.03,1.4679238700585362,0.0367450871629332,0.0001501038428392
587,43.387,0.315,6.3128085,0.0458325,119.03,1.7204004729600597,0.0367450871629332,0.0001501038428392
587,49.3294,0.3635,7.177428,0.05288925,119.03,1.2079245943813421,0.0367450871629332,0.0001501038428392
587,55.4988,0.3843,8.075075,0.05591565,119.03,1.1896711859828657,0.0367450871629332,0.0001501038428392
587,41.126453,3.3144004,4.5511513,0.51134807,118.74,0.9609474235815094,0.0367450871629332,0.0001501038428392
588,34.444607,3.6483355,6.793933,0.8424341,54.7,1.0757620754950692,0.0211996660703185,9.87349734511e-05
589,16.535,,4.7438917,,167.16,1.6797764560608708,0.0228991751353531,0.0001307571278626
589,15.393,,4.4162517,,167.16,1.274382132911368,0.0228991751353531,0.0001307571278626
589,14.627,,4.1964865,,167.16,1.1413533221907106,0.0228991751353531,0.0001307571278626
589,15.6085,0.1486,4.478079,0.04263334,167.16,1.0161120550821712,0.0228991751353531,0.0001307571278626
589,20.6712,0.2338,5.9305673,0.06707722,167.16,1.284960250243615,0.0228991751353531,0.0001307571278626
589,25.288,0.355,7.2551274,0.1018495,167.16,1.516665370464529,0.0228991751353531,0.0001307571278626
589,29.3405,0.2054,8.417789,0.05892926,167.16,1.0866920254570753,0.0228991751353531,0.0001307571278626
589,33.7907,0.2128,9.694551,0.06105232,167.16,1.5577165208126542,0.0228991751353531,0.0001307571278626
589,37.5261,0.2021,10.766238,0.05798249,167.16,1.4297877747249186,0.0228991751353531,0.0001307571278626
589,41.9817,0.277,12.04455,0.0794713,167.16,1.5875625625397043,0.0228991751353531,0.0001307571278626
589,47.5187,0.3229,13.633115,0.09264001,167.16,1.0509096288749125,0.0228991751353531,0.0001307571278626
589,52.1661,0.2733,14.9664545,0.07840977,167.16,1.4310281447330455,0.0228991751353531,0.0001307571278626
589,23.88478,3.2998044,6.563285,1.0276515,169.3,0.953735279488842,0.0228991751353531,0.0001307571278626
590,11.815,,4.18251,,130.41,1.1637969821646368,0.0235172694037553,1.63446409828e-05
590,14.301,,5.062554,,130.41,1.5243600948428013,0.0235172694037553,1.63446409828e-05
590,11.695,,4.14003,,130.41,1.431668385579936,0.0235172694037553,1.63446409828e-05
590,11.4341,0.1235,4.0476713,0.043719,130.41,0.987860725337522,0.0235172694037553,1.63446409828e-05
590,14.7947,0.2158,5.2373238,0.0763932,130.41,1.6583426720925292,0.0235172694037553,1.63446409828e-05
590,19.0206,0.1911,6.7332926,0.0676494,130.41,0.8533509823451819,0.0235172694037553,1.63446409828e-05
590,22.4728,0.3517,7.9553714,0.1245018,130.41,1.3952156885166496,0.0235172694037553,1.63446409828e-05
590,19.820803,2.4188716,6.872603,0.90809816,125.0,1.7838205002316063,0.0235172694037553,1.63446409828e-05
591,19.684359,3.036769,10.967844,1.8437437,37.66,1.3315047318427486,0.0009877758841164,3.97425680769e-05
592,4.2427,,1.58083,,108.88,1.6006718199594208,0.0343971294968334,0.0002064761800174
592,4.7579,,1.7727935,,108.88,1.395180973189102,0.0343971294968334,0.0002064761800174
592,3.7136,,1.3836874,,108.88,1.5830883149229926,0.0343971294968334,0.0002064761800174
592,10.25,0.1008,3.81915,0.03755808,108.88,1.4555941353552873,0.0343971294968334,0.0002064761800174
592,11.5383,0.1121,4.2991705,0.04176846,108.88,1.4911320145375289,0.0343971294968334,0.0002064761800174
592,12.8636,0.1384,4.7929773,0.05156784,108.88,1.027811151086384,0.0343971294968334,0.0002064761800174
592,14.3772,0.1587,5.3569446,0.05913162,108.88,1.5418209135729177,0.0343971294968334,0.0002064761800174
592,15.8253,0.16,5.896507,0.059616,108.88,1.0379098866643308,0.0343971294968334,0.0002064761800174
592,17.3974,0.141,6.482271,0.0525366,108.88,1.7806402751425883,0.0343971294968334,0.0002064761800174
592,18.7675,0.2051,6.9927707,0.07642026,108.88,1.0277871909612046,0.0343971294968334,0.0002064761800174
592,20.4082,0.2444,7.6040955,0.09106344,108.88,1.0366840035976563,0.0343971294968334,0.0002064761800174
592,22.0087,0.1865,8.200441,0.0694899,108.88,1.658673120483864,0.0343971294968334,0.0002064761800174
592,20.329245,2.5277302,4.96731,0.6854963,111.5,1.0429858619628192,0.0343971294968334,0.0002064761800174
593,4.7505,,3.1871104,,152.65,1.160902793491283,0.0381650695161917,8.50588442755e-05
593,4.7866,,3.21133,,152.65,1.514640161179027,0.0381650695161917,8.50588442755e-05
593,4.7677,,3.19865,,152.65,0.9587485801947633,0.0381650695161917,8.50588442755e-05
593,6.6153,0.0684,4.438205,0.04588956,152.65,0.9590717548275023,0.0381650695161917,8.50588442755e-05
593,7.6881,0.0407,5.157946,0.02730563,152.65,1.286358423266619,0.0381650695161917,8.50588442755e-05
593,8.7767,0.0544,5.888288,0.03649696,152.65,1.043696754232727,0.0381650695161917,8.50588442755e-05
593,9.8979,0.0655,6.640501,0.04394395,152.65,1.0356579555690337,0.0381650695161917,8.50588442755e-05
593,11.316,0.0858,7.591904,0.05756322,152.65,0.8092389214185127,0.0381650695161917,8.50588442755e-05
593,12.9739,0.0676,8.704189,0.04535284,152.65,1.170449591197948,0.0381650695161917,8.50588442755e-05
593,14.5918,0.0731,9.7896385,0.04904279,152.65,1.1182505546184034,0.0381650695161917,8.50588442755e-05
593,16.0057,0.0759,10.738224,0.05092131,152.65,0.8311558108266704,0.0381650695161917,8.50588442755e-05
593,17.5634,0.0978,11.783285,0.06561402,152.65,1.4212331782136636,0.0381650695161917,8.50588442755e-05
593,10.767658,2.9752138,8.2817335,2.4790215,147.13,1.426655182003354,0.0381650695161917,8.50588442755e-05
594,6.6377,,2.8230138,,26.31,0.8708004717736589,0.0153639622248268,1.43432567297e-05
594,6.6524,,2.8292658,,26.31,1.1170415629094532,0.0153639622248268,1.43432567297e-05
594,6.893,,2.931593,,26.31,1.6728055319953978,0.0153639622248268,1.43432567297e-05
594,3.0302,0.0757,1.2887441,0.03219521,26.31,1.3821670682445784,0.0153639622248268,1.43432567297e-05
594,5.4099,0.0775,2.3008304,0.03296075,26.31,1.2119747240119878,0.0153639622248268,1.43432567297e-05
594,7.2221,0.1374,3.0715592,0.05843622,26.31,1.2651019284640959,0.0153639622248268,1.43432567297e-05
594,9.0992,0.1193,3.8698897,0.05073829,26.31,1.0082799944358052,0.0153639622248268,1.43432567297e-05
594,10.8756,0.1274,4.625393,0.05418322,26.31,1.611881500707928,0.0153639622248268,1.43432567297e-05
594,12.5369,0.1256,5.3319435,0.05341768,26.31,1.7140047054509675,0.0153639622248268,1.43432567297e-05
594,14.3835,0.1414,6.1173024,0.06013742,26.31,1.7106640422500436,0.0153639622248268,1.43432567297e-05
594,16.0493,0.1361,6.8257675,0.05788333,26.31,1.0239343916922996,0.0153639622248268,1.43432567297e-05
594,18.0224,0.2259,7.6649265,0.09607527,26.31,1.1107402677764568,0.0153639622248268,1.43432567297e-05
594,10.048964,1.5271472,4.7546797,0.80302316,31.0,0.9606227748095368,0.0153639622248268,1.43432567297e-05
595,29.520332,3.3306808,17.74685,2.3477924,110.85,1.107201133632313,0.0170484609055775,0.0001367612790312
596,6.516,,4.079016,,144.46,1.1328053721226004,,
596,5.9531,,3.7266407,,144.46,1.4331057370646354,,
596,5.4503,,3.411888,,144.46,0.9896463815481247,,
596,7.7597,0.0359,4.857572,0.0224734,144.46,1.7193969243677436,,
596,9.6189,0.0722,6.0214314,0.0451972,144.46,0.90309947008531,,
596,11.4603,0.096,7.1741476,0.060096,144.46,0.8068780110343331,,
596,13.2032,0.0649,8.265203,0.0406274,144.46,1.6549451286305332,,
596,15.0754,0.1024,9.437201,0.0641024,144.46,1.5037698077660497,,
596,16.853,0.1051,10.549978,0.0657926,144.46,1.1553598703559986,,
596,18.7018,0.113,11.707327,0.070738,144.46,1.395499705910118,,
596,20.5146,0.1165,12.842139,0.072929,144.46,1.0235441008392334,,
596,22.8543,0.2031,14.306792,0.1271406,144.46,0.968389648645376,,
596,14.22726,2.48972,7.8184605,1.4581052,146.5,1.2711491351387227,,
597,,,,,,,0.0626099806686931,0.0002064761800174
598,20.096539,2.9152613,11.458328,1.8189504,55.67,1.4152300505352922,0.0014693437645707,9.0029494092e-06
