teff,radius_km,mass_mjup
4323.6,491553.3,671.169
2784.9,214166.1,227.084
5516.3,603362.6,961.256
5827.8,723744.0,1120.415
2213.2,158964.4,157.135
2520.3,173474.7,183.831
4430.0,467821.4,582.003
3579.0,301754.2,406.908
3877.9,363931.6,517.965
2776.4,240039.8,264.007
6002.1,736977.5,1066.524
5311.8,654647.3,982.672
4176.7,426191.8,553.722
7164.2,859471.5,1302.314
5024.9,519579.3,765.261
2977.4,222060.4,262.681
4543.9,512615.9,706.714
2643.6,225718.4,242.422
6010.1,665379.9,1065.709
3959.9,383834.8,504.321
3975.2,351040.3,452.355
3123.6,263534.6,303.288
7709.9,880125.7,1406.276
3767.7,352614.4,463.549
3492.4,323297.6,371.763
3434.8,310538.0,395.307
5298.4,556065.3,806.287
4838.0,467937.0,704.834
4662.2,504070.1,732.213
4818.9,542323.4,742.965
10272.7,1618248.1,2949.564
3661.7,317427.2,378.387
3153.9,295773.0,347.453
2901.1,262966.1,272.496
5655.9,573662.8,862.53
6422.9,764484.9,1304.132
3947.4,352942.7,478.96
3047.0,224852.9,266.764
2790.2,224083.6,270.155
5135.6,611817.4,886.929
5464.0,688231.0,955.697
5358.5,613675.1,813.364
3268.2,267319.2,307.081
4636.6,517516.6,633.049
4276.3,423989.9,576.795
4687.7,424820.2,626.213
5793.1,740101.9,1059.696
4594.4,421797.7,628.694
5593.9,597204.6,907.405
4512.0,429178.8,554.414
4599.2,479901.7,662.785
5214.8,595711.8,873.237
2401.9,147495.2,162.247
3810.2,325596.3,405.785
3321.3,310822.1,359.377
3034.3,265442.1,313.743
3855.6,321628.1,420.612
7017.1,986087.9,1751.502
2704.8,219993.2,261.301
5995.9,762183.2,1145.72
2244.7,155151.6,157.135
3422.2,309935.6,400.84
4402.1,398095.1,598.611
5230.5,596602.0,842.091
5338.8,605441.2,931.345
6102.2,691070.0,995.068
3612.1,307865.0,396.394
3548.3,282820.9,361.708
5447.2,701425.2,1048.269
3567.8,398156.3,450.013
2489.3,182597.5,187.798
2787.6,194115.2,210.635
2709.4,225303.4,250.249
5021.3,505361.3,783.768
4119.0,414887.1,588.885
5244.2,551104.3,915.906
3466.7,331401.9,372.086
4270.8,478607.9,596.582
4990.3,611107.0,869.236
3420.8,330171.0,409.176
4555.1,497309.5,758.669
3189.8,258416.8,307.969
3615.5,346488.0,391.843
3587.7,315056.9,385.987
2433.7,180022.1,200.28
5176.3,501878.1,777.359
3479.0,316929.2,359.659
4108.1,402159.7,530.34
4928.7,499901.1,773.468
4766.4,509777.4,752.432
5384.0,576751.1,897.565
4189.7,373237.5,484.966
3605.9,307893.7,373.273
3916.7,370829.0,492.357
2284.2,158550.8,157.135
2182.5,158103.6,163.566
2469.1,179942.6,180.816
2644.7,206745.7,235.042
4934.9,603235.9,724.606
3194.8,217085.2,253.083
3429.6,299861.7,387.101
7752.9,878860.8,1495.929
3610.0,314838.3,393.993
5337.9,590999.5,951.287
2717.2,222538.6,247.409
4134.8,318805.9,444.916
2842.1,218739.1,244.159
3484.7,300711.9,399.503
5686.5,675194.0,1033.449
2274.3,157189.1,157.135
4866.3,594418.3,745.126
4559.7,442160.0,635.9
3452.7,270891.8,325.259
2181.1,151988.1,163.705
4316.7,401540.4,556.45
3291.5,274560.8,342.656
4399.2,484691.9,633.312
4303.0,396225.7,534.354
7349.4,1258239.4,1908.991
3375.4,350296.1,432.919
2729.7,196748.1,230.121
4368.2,441221.1,606.635
4229.8,443209.6,626.874
6598.9,1000847.2,1569.99
6180.3,631927.9,1029.13
4806.4,471224.1,699.981
7374.7,998393.1,1707.408
2763.3,192485.6,201.425
3289.5,281881.9,313.522
3019.3,236025.4,248.817
3331.3,319727.3,383.484
2234.9,164115.6,173.118
5410.0,627363.6,875.959
3798.7,327602.4,438.938
2374.9,141429.5,160.472
2542.6,212589.3,231.595
4768.9,465980.6,675.945
5959.1,684982.3,1031.634
9484.6,1459164.7,2624.442
13007.3,2652719.6,5495.827
4930.1,548050.4,733.203
2658.8,220505.6,236.506
2209.4,154003.1,157.135
4365.7,465353.5,651.449
2856.8,238307.9,272.679
3423.4,297286.7,375.67
3131.0,267158.8,320.588
3745.5,416728.8,468.71
5960.7,803253.6,1239.579
4708.4,453077.6,595.865
3757.2,348887.1,462.018
2727.8,216067.6,227.878
2083.6,158417.9,157.135
3546.6,304031.5,354.792
4025.5,390867.2,502.756
8184.7,1317951.8,2182.512
4232.2,463994.9,583.146
6286.5,765132.2,1159.151
2969.3,288489.8,351.097
2452.7,195012.8,202.046
2756.5,205379.2,241.207
3034.9,241973.8,292.652
10649.5,1574838.9,2918.405
2895.5,216083.0,270.829
5960.2,716423.8,1031.935
3053.4,213153.8,253.604
6109.4,712892.7,1112.325
4645.0,507664.7,716.002
3644.2,362590.6,462.762
4141.4,383306.5,508.059
3352.1,261588.4,309.746
4998.9,532141.9,752.153
3573.8,291957.4,363.862
2766.1,174768.3,195.533
2524.8,185388.8,187.458
4191.9,402763.4,603.375
7736.7,1096732.0,1874.404
4603.9,433548.4,597.28
3856.9,378701.7,477.153
4869.7,447583.2,661.029
6897.9,906253.7,1504.118
4524.0,458803.1,626.563
3414.5,324040.1,377.013
6422.4,830608.1,1280.508
4898.3,497478.9,741.73
7114.4,1051594.4,1810.072
4322.4,470942.6,608.574
2374.8,171197.0,195.712
2316.5,165055.4,174.311
7698.8,1160068.9,1986.122
8522.1,1193084.6,2106.028
3959.9,408031.9,454.307
3581.0,306314.3,385.537
6999.4,1050492.4,1704.852
2605.5,188716.2,215.137
2699.9,230865.1,255.286
5264.4,633085.6,881.75
3577.0,301415.2,382.005
4242.9,397923.9,522.864
3898.9,344522.2,460.231
4923.4,469994.2,689.179
7280.3,1044794.0,1632.299
4198.8,412815.3,564.789
5485.2,537420.1,882.185
2318.0,166582.4,157.135
3923.7,372703.6,504.812
2953.6,229597.7,266.104
2471.3,198055.2,196.606
2647.0,225663.6,258.719
3635.0,320125.8,401.086
5612.0,679524.7,1098.366
2426.1,156867.2,180.278
3890.6,404935.4,538.149
3266.6,298354.7,355.404
3519.3,329084.9,403.177
6422.2,746008.4,1178.003
4968.5,566936.2,810.068
6709.6,864965.9,1542.661
3896.0,370811.2,463.558
3060.3,257669.5,299.641
3853.8,382471.5,438.36
4327.0,468256.2,638.344
4424.8,427949.7,605.316
2913.8,198468.6,219.102
4197.6,417485.2,564.745
4513.5,473986.0,631.046
10544.6,2031883.0,3992.98
8413.1,1260605.2,2382.741
2951.2,212811.0,263.965
3591.7,337026.2,416.483
2322.2,166990.7,161.427
3275.9,274629.4,326.162
4402.1,511036.5,677.085
6918.1,916334.2,1387.49
2898.3,253554.8,291.744
3044.8,252101.0,309.906
2256.1,154005.4,157.135
4074.6,382901.3,460.52
2558.4,207229.9,223.016
3320.8,295411.2,342.671
2887.9,222257.8,258.988
4038.8,372936.1,486.619
2343.9,151606.2,157.135
2226.2,155072.4,160.959
10035.1,1674839.1,2920.234
2565.3,155229.9,186.03
2820.8,197690.2,216.923
8739.9,1303261.5,2307.283
13257.1,2432534.7,5457.009
2500.7,194522.8,204.236
3323.1,304494.9,390.206
4637.4,490122.6,691.394
8237.6,1338453.0,2114.586
2733.5,222860.6,237.018
3791.3,351737.8,430.858
5273.5,673511.5,982.312
4833.4,525509.4,745.331
3803.2,347147.6,387.727
4029.0,382270.2,471.35
2406.7,158918.7,173.367
3770.8,320133.1,433.332
3617.1,346850.4,423.59
4183.0,463677.9,633.054
3327.2,260556.2,335.596
4480.4,554318.6,767.75
6065.9,758823.2,1187.495
4349.7,454428.4,595.088
4625.0,513459.3,697.101
4553.5,401880.8,548.006
4395.8,413226.0,525.062
3184.2,245230.2,293.519
4473.4,480441.5,677.57
4243.1,366120.1,485.435
9736.1,1633307.4,2836.548
7418.2,1088601.2,1865.758
4779.9,549871.6,716.519
3122.1,267604.8,283.865
2548.3,188324.0,214.209
6640.8,745612.9,1371.138
4600.5,499658.2,648.849
4744.9,536335.2,773.092
2211.5,146044.8,157.135
5699.2,706839.7,1108.625
5080.9,525596.1,757.231
2519.0,208770.7,214.551
3418.8,297760.8,359.044
4298.6,505982.9,649.355
3988.6,424467.6,547.702
3464.7,326512.0,414.879
3874.2,367255.9,483.015
3718.5,349996.4,428.538
4409.2,460208.7,593.715
6887.3,1086637.9,1718.713
2220.5,150527.5,157.135
3604.4,346663.8,433.794
4482.2,461878.5,605.286
4554.9,475294.3,666.468
3506.2,297605.5,389.055
2169.9,146482.9,157.135
4996.7,488682.4,683.88
7786.0,1260258.7,2112.291
2200.0,162417.7,157.135
5812.5,652901.5,1053.225
3543.8,314386.4,402.9
3866.6,377990.0,499.71
2486.5,211284.4,224.733
3473.6,314272.6,400.979
6640.0,905947.4,1496.914
5526.7,543130.8,839.674
8991.3,1253044.0,2120.754
6553.8,848384.2,1356.049
4610.7,514237.6,747.931
8498.4,1216433.6,2140.712
4689.3,562098.6,747.875
5580.6,649288.7,1023.239
3535.9,317033.9,413.41
4114.1,444884.4,553.952
3041.7,256323.7,299.284
5776.8,783518.1,1165.563
2471.3,191082.5,203.13
5833.9,661778.8,986.288
3779.0,347917.7,450.25
6583.7,888031.2,1349.328
5057.7,688501.9,961.58
8839.0,1366928.4,2277.232
5337.1,604361.4,946.133
2338.3,162791.2,157.135
4002.1,376619.4,497.448
2491.5,181077.6,204.164
3100.9,284201.7,345.767
8195.4,1105639.9,1774.644
5455.7,620393.9,877.643
3191.6,251869.6,298.92
2920.9,217155.5,231.942
4177.9,411754.2,539.082
2641.9,177559.2,196.963
3058.9,250684.8,305.691
4772.4,499680.9,675.125
6346.9,839687.2,1332.111
5118.1,553358.4,857.527
2244.2,159107.6,157.135
4391.1,475571.3,670.98
4262.4,454112.9,556.407
4768.0,487355.4,732.897
7238.3,1124700.0,1931.322
2194.9,147263.5,157.135
3176.1,260454.6,326.058
5364.8,571880.4,845.276
2261.1,166625.9,157.135
7848.1,1044241.6,1724.898
4839.8,487944.2,706.49
5621.5,630604.9,1038.689
3238.9,254201.9,331.399
5593.6,658607.5,1011.576
6408.9,772384.7,1242.07
4499.0,460005.1,633.415
4379.5,415637.2,634.193
4558.1,474381.0,652.832
2939.4,241547.3,261.825
3698.5,394778.5,466.172
3891.7,330048.9,464.3
4477.1,492459.2,715.104
6390.0,730841.7,1175.221
2724.2,203796.3,223.714
4147.2,347482.1,474.71
7098.8,1131773.3,1732.569
3168.8,248406.2,288.354
3045.7,234162.8,270.641
4401.1,493916.0,618.0
5656.5,689447.8,1036.85
3930.7,411446.9,529.883
6614.8,908296.4,1532.207
5600.3,649477.7,1047.271
5455.4,668155.9,1034.709
5445.2,638357.8,820.582
9830.4,1853150.7,3426.571
3784.5,355580.7,445.015
2274.8,145242.4,157.135
7911.9,1178693.2,1912.803
3459.1,278473.7,363.067
4432.5,396826.2,572.716
6803.8,905649.4,1508.426
2243.3,168165.2,157.135
2438.9,196414.3,191.472
2355.0,149106.5,157.135
3227.2,231965.7,276.843
4650.7,489666.3,748.263
4653.5,563493.6,801.027
4672.6,482277.3,655.96
2413.7,167491.4,168.156
2417.5,159613.9,157.135
4301.9,410538.6,548.536
3572.8,303667.8,358.971
5254.8,519799.5,760.267
5749.3,646592.6,924.411
4475.3,426692.7,586.902
5273.2,668707.6,968.786
4480.2,472955.5,631.546
5120.4,565371.8,804.829
3063.9,264464.1,297.54
3795.2,329632.5,454.273
4709.6,430918.3,615.252
5517.9,670356.3,1017.106
3600.0,288957.8,382.271
5105.4,548926.1,799.079
3547.4,331018.4,423.777
3733.0,396232.1,477.575
5332.6,688307.4,1024.502
2279.3,160564.2,157.135
2417.4,176181.6,184.678
2175.7,149891.9,159.007
2073.9,153531.9,157.135
3163.3,268131.1,303.941
5488.6,688934.4,960.468
3540.6,330964.5,417.322
4257.9,418820.6,615.755
6277.6,741483.2,1263.012
7109.5,927013.7,1530.634
3921.9,340640.7,496.573
6722.9,1048108.5,1562.918
4231.0,437703.2,565.491
3040.5,226020.2,267.357
3221.1,258163.1,325.193
2256.4,162254.6,159.218
2820.0,213580.8,256.646
3413.6,302041.6,393.437
5444.0,646835.0,1003.312
7648.8,1220997.9,2101.119
2454.5,169391.5,172.353
4876.5,547409.4,720.561
2695.7,215655.7,226.982
5006.5,543693.3,769.707
3929.0,387149.0,472.39
2170.8,147477.0,157.135
5863.1,664975.4,1109.392
3142.1,262088.7,322.427
3643.5,272535.0,341.441
2765.9,194611.2,221.701
3160.4,250259.2,309.872
5127.9,515487.9,741.213
3978.7,365508.2,450.76
4414.3,539130.2,684.247
4685.9,463761.5,702.836
6952.8,879517.5,1521.993
3647.2,308500.5,398.296
2233.5,160520.2,159.691
6257.2,788485.8,1240.821
3510.0,311803.9,401.939
6677.3,851278.3,1289.106
4501.4,537694.2,715.094
3810.2,367532.8,472.371
4368.5,481232.9,695.429
8607.3,1427494.9,2529.505
9556.7,1509771.4,2799.783
4259.0,413633.0,555.219
4304.5,432662.0,597.376
6594.7,839179.8,1249.871
3068.0,234997.4,265.583
4660.3,522602.7,686.682
4084.6,420918.8,514.197
4554.1,501513.9,676.159
2994.9,228076.6,268.227
2131.2,160651.7,157.135
2402.0,156101.4,157.135
2726.4,221863.5,213.352
3237.7,302500.9,362.781
3518.1,343145.6,414.538
9071.1,1416293.3,2501.567
6295.0,812733.7,1280.203
2834.1,212528.4,241.796
4633.7,508358.2,694.831
3686.2,316051.1,378.185
3645.1,353075.3,417.497
4850.7,458162.8,609.6
5372.2,583093.8,864.751
3376.9,316469.7,399.43
6819.4,744000.5,1237.454
2695.1,208330.1,209.172
4159.5,391242.0,527.716
11944.1,2242737.0,4259.582
4262.9,468694.2,628.433
6773.2,1024041.4,1666.504
4232.7,422179.7,565.214
5456.5,559670.9,838.404
4057.5,367698.0,501.542
4085.0,391057.9,457.655
3146.8,243580.0,280.132
4863.9,558909.2,742.654
3040.0,247779.0,264.328
5678.8,602371.5,897.71
6307.5,823187.3,1259.017
4696.3,508192.4,705.452
3661.6,314154.9,416.864
4455.2,531501.8,756.953
3649.1,337871.1,409.398
6131.4,713738.2,1115.893
2248.4,150051.8,157.135
3619.0,319659.3,400.607
2231.6,169490.9,157.135
2065.4,139309.0,157.366
7566.3,989000.4,1575.916
5775.6,703999.9,1080.18
2983.2,243812.5,294.011
2360.3,150404.6,157.135
2324.7,157683.7,157.135
3318.6,292399.1,338.811
11175.4,1923878.0,3692.551
4649.1,559652.1,745.402
3250.8,297367.9,334.45
5190.5,562823.0,763.764
2175.7,148400.2,157.135
3483.0,338772.5,413.16
4266.8,437638.7,568.851
3963.1,363582.2,489.831
5767.2,616265.4,993.032
4443.2,451854.5,693.118
4830.5,618116.3,899.695
3212.7,260705.2,301.475
5618.6,673206.4,1082.472
7687.7,1205698.3,1951.233
2532.9,215816.9,240.231
2976.8,241640.8,256.737
7098.6,964912.0,1540.656
3830.3,335498.5,449.998
7282.3,1012612.9,1627.491
3148.4,311217.0,367.531
7060.7,995275.4,1696.083
4231.4,405437.0,583.716
4400.6,475230.1,646.489
7593.4,1044263.2,1852.817
3566.9,335325.1,392.249
2911.5,213828.7,245.917
3214.5,326793.4,365.749
4901.5,481892.3,755.959
2300.0,153540.2,157.135
5091.3,648563.8,877.599
3263.6,270541.1,340.104
6611.5,832439.2,1324.084
2236.5,149466.3,157.135
3057.7,232989.2,278.537
2244.0,154385.6,157.135
2892.8,220266.3,269.774
4308.2,467045.1,641.009
3839.3,365968.1,454.414
3704.4,336361.0,428.054
3683.2,343661.7,461.813
4539.7,480552.6,618.539
2863.2,216715.1,232.913
5291.2,599419.4,928.065
5183.9,575264.1,895.6
4628.4,489284.9,716.052
4781.4,588968.2,822.182
4989.1,491363.7,666.695
9113.1,1546674.6,2706.804
3812.2,372351.7,489.439
3451.5,313587.2,409.923
2969.7,257861.7,286.053
2621.8,200156.9,228.502
2621.4,181142.7,192.582
2717.0,208882.7,256.509
3734.5,371756.2,495.956
4779.8,522328.1,687.36
4153.5,399197.7,547.118
2975.0,254541.6,283.298
6005.9,636584.8,1084.541
5534.8,627062.0,952.743
3824.5,358096.1,461.641
2969.3,286710.9,310.213
4767.9,537769.2,816.829
4286.0,467331.5,610.903
2183.1,165919.5,163.432
4018.9,369590.3,497.036
4226.1,465244.3,648.476
2793.3,225726.7,254.266
4380.7,420153.6,611.824
2270.1,153175.5,162.552
7113.6,1009867.8,1541.155
6668.8,918749.9,1435.369
3593.7,337530.7,428.351
4972.2,508914.2,703.704
2207.1,157003.5,157.135
2714.1,197431.9,206.757
3583.2,322167.4,414.342
2651.1,216546.3,221.276
5419.2,677699.5,933.727
9223.0,1500968.2,2625.639
2501.1,179748.5,203.407
2927.1,221706.5,267.343
4776.6,458411.4,634.729
8156.3,1134629.4,1923.41
2604.7,166630.6,196.042
4281.5,481830.5,641.717
8119.9,1381473.5,2278.431
2255.0,156968.7,157.135
2514.9,169450.3,186.985
3374.2,292793.8,373.18
3221.8,290514.9,345.124
5994.4,670843.8,1010.629
4629.5,478307.6,637.914
2332.1,157166.9,157.135
4941.4,589450.1,795.38
3171.2,260691.8,329.642
7093.1,920618.3,1466.35
3140.0,262303.9,316.611
3085.4,264257.8,314.316
4899.6,592528.5,812.04
5444.5,687341.5,970.969
5069.3,573134.6,753.383
2104.5,155788.9,157.135
5204.9,563226.0,810.015
2618.3,202919.9,228.125
4455.0,427198.4,634.641
2288.9,170949.7,166.676
4848.4,525293.8,752.305
2918.7,244095.5,274.076
2394.1,181145.9,186.749
5325.0,596005.1,933.293
4748.3,446716.8,637.906
3193.9,291139.8,320.103
7296.2,1035282.3,1690.806
3334.4,292706.3,368.089
4072.5,406133.3,538.789
4438.6,502695.6,652.08
3282.3,281322.1,318.638
4793.8,504086.0,767.501
3012.7,307994.8,341.565
3469.8,322212.9,376.797
6997.4,956425.1,1574.368
2624.5,192832.4,226.974
2318.5,160761.7,157.135
7010.6,1158323.5,1923.132
12157.4,1925653.5,4096.811
3620.1,304724.3,378.736
2180.0,178311.4,157.135
3541.3,327978.1,408.801
3715.3,320750.9,416.872
3866.5,336778.3,450.514
2543.7,213380.1,214.04
4838.0,606887.2,837.582
5493.3,602346.3,801.233
2325.0,154659.9,157.449
5450.2,669002.5,922.359
9410.2,1441294.6,2745.497
4489.7,450922.1,603.069
3674.2,326741.5,400.053
3550.0,391453.8,468.252
5163.0,604807.9,862.027
2195.2,147812.9,157.135
4338.0,446521.9,599.402
3600.7,286212.9,383.282
8009.4,1173312.8,2327.662
3609.2,372997.6,456.269
7786.9,1151577.2,2013.455
2635.4,193953.7,215.711
5352.4,609394.2,842.795
4960.9,527460.3,679.159
2846.2,234798.3,260.624
4537.3,494265.7,605.717
6852.6,897104.5,1394.963
3665.0,329854.8,404.44
2233.3,154353.0,157.135
3993.1,371184.8,517.648
2722.0,234694.4,253.707
3402.2,284095.2,398.439
4009.4,368847.7,491.615
2230.6,152683.8,157.135
2198.6,146603.9,157.135
5096.1,534061.1,774.292
3283.7,313330.2,344.532
2155.3,161164.2,157.135
5546.8,641631.6,988.272
4712.5,466110.7,653.899
2941.8,237032.2,295.342
2423.9,177426.4,181.673
5709.9,677680.7,1029.708
4563.0,454505.2,695.751
10548.4,1869558.8,3581.723
4545.2,536546.2,736.626
4798.2,539378.0,717.592
3617.5,358170.1,458.941
5927.8,665314.2,1014.035
5237.4,661571.9,868.882
6613.7,897528.0,1439.743
3469.4,296535.5,344.92
3290.1,294301.1,369.648
3269.6,304266.6,356.858
5223.2,619780.5,993.029
7875.7,1027858.1,1756.355
3660.7,280355.7,362.733
3220.5,295357.9,372.83
4488.7,521815.8,676.251
3711.3,331369.3,430.69
5874.6,766644.0,1130.837
2232.7,164528.8,157.135
2914.8,234609.6,269.671
3030.3,254053.3,279.47
2151.2,156612.9,157.135
2792.8,216337.4,241.495
2702.6,230394.0,251.117
3706.6,385537.3,446.472
5969.3,794720.4,1287.417
3642.6,325818.9,430.933
2636.2,195744.9,228.769
4147.2,405572.5,501.472
6221.6,833133.4,1222.903
2771.2,207726.5,239.109
2828.7,200022.1,252.046
4699.9,554834.6,823.518
3450.4,356687.9,439.181
5237.2,605715.7,884.71
4109.4,400421.2,519.284
5370.8,613089.0,924.195
2601.2,216083.1,227.984
4027.5,404101.6,519.938
3704.9,359885.0,443.037
2582.7,184258.1,197.069
2301.1,156560.3,157.135
5268.9,637366.9,912.417
3540.3,304791.2,395.683
2736.7,211001.0,230.347
3998.3,391452.7,485.868
6877.6,877709.6,1303.13
2233.0,155715.1,157.135
2342.7,145346.0,157.166
2689.5,212029.5,249.558
7177.2,1004854.0,1704.487
4204.1,484909.3,659.305
5600.6,652554.1,974.411
2648.8,181457.7,209.471
2349.7,183831.7,212.982
4931.3,481106.3,753.21
4285.7,355631.5,550.272
5210.3,566509.6,817.033
3611.7,398343.1,451.332
4714.5,523985.0,656.949
4356.7,422136.9,596.38
5724.0,665965.9,982.652
5628.2,626010.2,1006.084
2269.8,142824.6,157.135
2336.9,143645.6,157.135
6068.6,755116.7,1177.042
6669.8,853145.2,1367.367
2847.3,209959.2,230.655
2223.6,157650.9,157.135
4065.4,419601.0,568.648
6109.0,730874.5,1111.667
8929.6,1207804.5,2235.318
5297.4,522143.6,795.949
3619.9,292274.9,389.117
2596.0,232511.1,255.614
4002.1,396543.5,529.894
3538.3,300605.6,412.514
2719.4,207411.6,231.69
9981.3,1409145.3,2736.816
8034.5,1375066.9,2213.044
7064.6,808996.6,1311.59
2776.7,228761.3,249.968
5592.8,733624.7,1045.774
5469.4,576476.2,879.125
5067.9,534547.3,750.019
6939.2,921184.6,1437.355
5118.6,606505.8,876.115
5617.6,656851.5,953.205
5067.9,564785.1,877.2
4540.6,512713.0,690.968
2227.0,148846.3,157.135
4089.9,429956.1,561.628
3406.3,292863.7,335.362
2384.0,181380.1,187.17
7976.5,1204766.9,2036.184
7917.9,1260330.2,2115.093
7365.7,995296.4,1570.032
4409.8,508576.3,644.92
7371.0,954679.6,1559.193
4285.5,406777.7,530.151
4355.8,478018.6,618.244
2633.2,193019.6,217.503
4705.1,483709.5,722.983
4279.3,426619.2,551.209
2398.7,171082.5,183.761
3936.5,364641.2,503.805
3964.4,389912.2,492.352
7914.3,1370300.4,2235.258
5841.1,656768.5,1079.334
4213.2,424449.7,529.892
4542.2,413990.8,641.589
4321.1,403747.0,544.071
3709.0,385099.0,445.822
2593.7,195980.5,219.448
3676.9,364821.5,464.85
2976.5,257086.9,287.771
2671.0,164082.0,191.677
5076.6,558636.9,792.7
4673.3,516857.1,719.654
2147.3,167392.0,157.135
3648.3,347725.5,475.6
5904.0,746334.2,1171.323
6454.7,756564.0,1232.848
6073.4,736536.6,1200.118
3994.8,434309.1,541.752
2810.0,232481.3,265.715
2710.0,193607.6,219.223
4679.7,487154.3,693.095
4643.1,497038.6,712.737
6780.3,896574.1,1481.655
6952.5,763764.1,1274.014
4067.9,362894.0,471.956
2624.8,176296.7,192.623
3350.0,313773.9,405.97
4433.2,464102.1,625.478
3670.8,355670.5,446.12
3308.6,268240.4,329.548
4720.5,467842.8,643.711
3379.1,322246.2,349.781
3063.8,296898.6,316.489
4511.8,464236.8,674.823
3562.5,295125.8,379.738
4640.4,444392.4,639.172
4587.6,503353.1,654.339
2595.3,188246.9,209.595
3372.7,297083.8,356.243
7372.5,1117797.5,1672.642
2632.7,189152.7,205.804
2292.6,157990.5,157.135
2237.6,156529.4,157.135
4126.4,396095.4,537.489
4123.1,430604.2,538.273
3777.4,355664.0,477.548
6457.0,936462.3,1396.843
2284.7,148094.4,157.135
4658.3,504550.4,722.367
7919.9,1037500.9,1847.926
2588.6,184745.3,211.572
3623.2,306767.3,386.588
3094.8,218180.6,286.2
2947.5,222299.4,255.364
3515.2,316255.5,403.636
7383.1,1045376.6,1658.827
8824.4,1336826.9,2308.163
3354.2,311166.5,400.5
9424.8,1336231.1,2437.543
4538.5,404845.0,540.298
8603.6,1335742.1,2157.611
4064.4,361778.1,486.997
4410.5,420231.7,583.514
4673.8,478903.4,704.851
14645.8,2886150.4,6804.246
5984.9,703798.7,1042.632
2955.6,256326.7,296.919
5787.3,797253.1,1146.385
3476.2,333981.8,392.229
3443.7,329112.7,353.809
5692.3,716516.6,1091.922
4100.6,403151.8,538.346
4552.2,448940.9,657.178
3946.4,418276.9,530.977
4244.7,500310.0,688.629
4654.4,543944.4,739.468
2258.9,144065.3,157.135
5450.3,626177.3,898.425
2805.8,214739.7,237.944
2341.6,159073.3,164.201
3892.4,372588.9,500.884
4087.1,448500.1,561.791
3136.7,283636.5,300.23
5663.4,647142.8,1025.752
2467.2,174685.6,178.0
3521.6,266677.3,378.226
3398.4,283906.9,327.699
3936.3,353808.0,505.68
4771.7,466771.7,657.33
2953.2,195749.2,233.034
5482.9,631741.2,941.196
4275.9,434787.3,552.372
2153.8,138983.7,157.135
2316.9,149792.1,157.135
4253.9,387101.6,519.84
3664.9,375736.3,439.382
4012.5,382683.7,483.041
4086.0,370701.2,513.319
4545.6,452214.8,629.69
6184.0,797176.1,1126.83
2666.2,202686.5,214.434
2534.1,179610.1,204.17
2719.4,195205.5,217.529
4799.6,476665.1,662.677
6600.3,869611.2,1431.9
3434.1,278298.1,370.862
2082.8,147428.2,157.135
2288.3,163478.7,157.135
3067.6,229559.5,268.299
3230.4,277981.4,334.947
3484.8,309830.9,377.785
4113.9,458554.6,541.607
3549.0,327586.3,408.385
6295.0,831748.1,1223.066
3015.8,251274.2,304.491
2859.8,226641.9,262.041
4779.9,545481.1,772.303
2288.8,146718.5,157.135
4827.0,509462.2,718.742
4185.8,447116.5,570.262
3856.3,349750.6,466.204
7681.4,1114657.0,1888.33
3329.0,277711.5,317.986
9209.1,1450115.0,2762.394
3827.4,365668.7,437.804
2374.6,176376.2,187.597
4342.2,415349.7,555.46
2760.6,180911.8,220.544
3152.2,242001.2,286.462
5085.8,526817.7,723.008
5171.7,625006.7,821.552
3341.6,275769.7,317.997
6491.4,800480.8,1163.518
6228.7,794820.0,1334.47
7115.4,1004228.6,1670.655
4764.2,598640.3,804.407
7385.2,922370.0,1575.365
2104.6,160049.6,157.135
3347.9,338323.3,406.363
2757.6,232073.8,261.053
3999.4,425272.8,577.977
3281.3,263632.6,331.264
3659.4,393051.7,459.225
8153.5,1390438.2,2392.998
3809.8,365003.3,457.909
4831.0,512057.7,732.839
3453.0,345309.8,435.398
4094.3,423836.7,558.06
4084.0,410005.7,527.578
4826.0,554496.4,753.52
6449.6,816050.4,1342.885
8319.7,1076082.5,1980.474
5044.3,490846.6,673.827
5117.5,536481.5,844.35
2437.6,187565.0,207.672
3907.3,368773.4,489.13
6015.2,752283.0,1120.166
5780.2,772582.3,1055.043
4560.0,416338.4,622.651
6380.7,794320.2,1072.554
4650.0,542969.6,779.74
6494.9,883202.6,1381.301
4883.6,449489.8,662.914
3467.5,334559.4,394.173
4828.5,498147.7,688.217
2292.6,152040.8,157.135
5009.8,465114.9,714.811
2413.3,153072.6,157.135
2265.5,159097.0,157.135
4571.5,529403.1,755.614
4816.4,577600.6,771.465
2791.8,200236.1,205.746
2898.3,244969.6,295.764
7241.0,1049085.6,1584.421
3040.5,293681.9,355.444
9557.9,1704197.4,3200.393
4230.6,401822.1,524.215
4823.4,522609.5,729.447
7722.2,995483.8,1932.356
4169.7,431599.9,583.5
2519.0,195951.2,234.078
4019.5,404588.7,480.592
3982.7,423538.0,510.173
2218.5,173298.2,174.792
3690.5,335436.8,427.209
3101.3,235895.4,288.678
5883.1,703012.4,1105.876
4162.9,451125.4,539.878
3651.7,322261.4,418.025
3806.0,332307.4,481.967
4480.4,486705.1,628.455
5395.6,642263.1,863.11
2846.8,228313.7,234.575
2771.9,215439.3,226.791
6207.5,866608.3,1278.848
3549.9,307692.7,376.585
2352.1,144750.5,167.605
4749.7,533697.3,750.785
4834.5,556753.3,762.712
2297.1,151480.8,157.135
4735.9,459991.8,631.684
5111.9,612984.8,949.807
5073.8,484727.6,709.932
5522.6,659616.8,873.725
2339.0,177798.3,169.312
4624.6,495513.8,685.56
3674.1,334042.5,411.4
3278.8,279216.9,355.799
5762.2,724654.4,1058.95
6991.6,1134564.4,1729.527
7853.9,1179339.4,2229.517
7619.6,956403.8,1514.83
3919.4,383178.5,480.589
4748.9,515989.0,697.643
5558.9,712534.2,974.023
4151.0,479251.4,578.887
4254.8,430492.8,583.376
5715.7,704191.3,1019.753
3958.5,386947.4,500.532
2955.5,242379.3,291.696
3524.7,310634.9,375.937
5315.4,623014.8,875.084
4156.0,405481.2,526.295
4820.7,477030.5,690.645
5316.5,602529.2,900.967
3489.8,307302.8,388.138
5880.6,624997.2,965.757
4583.8,519166.1,712.486
2305.1,184396.9,194.087
7471.0,1065460.4,1678.757
3256.6,277709.3,350.688
2141.2,148168.3,157.135
2778.6,220580.3,226.16
2692.3,205568.9,230.577
3967.4,414653.0,547.573
3953.8,332614.8,421.05
3345.0,340967.1,400.212
5227.2,632971.4,865.121
4344.9,526938.7,690.458
4691.8,491464.7,677.326
4698.0,499147.9,730.502
5412.3,655760.4,862.637
2233.9,159180.4,157.135
3724.0,309359.2,391.406
2197.4,163761.9,157.135
3888.3,398922.2,540.508
4117.6,428309.6,523.07
6164.6,845807.6,1219.319
6131.4,822147.8,1367.267
4250.9,469712.1,618.233
3243.1,301512.9,350.796
5287.5,623805.4,776.225
3398.1,274464.5,343.092
4027.6,429674.3,524.438
6195.6,756688.0,1162.329
3008.1,262597.2,334.936
5527.2,668969.8,1005.006
5455.5,619652.1,906.299
2799.7,205157.2,243.223
5920.9,761888.0,1150.917
5406.4,658899.4,921.891
4315.6,432647.0,569.974
3004.4,238344.7,284.032
2991.7,228360.1,262.699
3332.5,282994.4,340.408
5189.9,574205.7,812.998
2977.6,228531.8,243.059
5038.1,538059.8,746.983
2656.2,167598.9,193.004
3663.9,341249.6,445.407
4007.3,433239.9,573.532
10884.0,2048653.4,3766.836
2324.8,175774.6,173.03
7839.4,1130115.6,1719.437
4148.8,443827.4,592.415
4807.4,542157.1,731.293
4355.9,401768.8,577.568
4907.9,544854.2,751.338
3814.6,343590.5,463.865
7447.6,1019056.0,1694.723
3549.7,347058.1,363.426
6857.2,843411.0,1307.565
3156.0,253070.6,312.358
3860.2,393012.6,500.142
2820.9,195453.9,221.307
4701.5,511642.2,757.599
7858.3,1129084.3,1682.578
4179.6,401724.0,493.295
4006.3,358754.4,447.993
2680.2,191346.7,213.828
3423.8,339994.1,436.444
2144.5,164736.4,157.135
2863.5,225669.8,251.579
4357.9,397173.1,630.313
6865.6,1057586.0,1519.973
12989.2,2471588.7,5051.321
3204.2,279019.4,327.248
6939.5,1066358.7,1669.307
4670.6,479489.2,638.991
3924.7,376956.8,464.777
4816.2,518021.1,744.028
4310.4,391790.5,551.889
4288.4,435931.2,573.878
3655.9,330503.3,377.802
2340.4,157356.4,170.154
2357.1,147057.2,157.135
4932.8,648402.5,888.826
3722.9,327353.5,420.084
3163.0,267055.7,324.751
3961.8,395094.4,528.638
5896.1,666180.6,996.34
4553.4,415673.9,607.168
2895.1,255278.9,309.43
6892.2,892866.3,1410.535
7906.9,1120576.5,1874.546
4845.2,583503.4,782.125
5850.7,822223.1,1150.703
6324.7,961643.2,1428.457
6356.7,868382.8,1305.317
5196.5,590391.4,861.224
5368.9,570728.3,850.36
5092.7,560164.0,798.109
2517.0,203181.0,216.827
5471.5,655349.0,923.494
2342.3,172315.5,176.054
2857.8,238398.1,276.74
6483.9,964954.2,1501.167
5877.9,732931.1,1033.376
7574.9,1091455.3,1740.887
3745.0,335473.3,421.789
2494.8,182677.7,207.441
3734.4,328456.4,432.542
4029.9,413236.2,570.023
4055.2,426698.5,559.535
6461.1,853375.0,1309.09
3569.9,295495.0,392.407
4412.0,489832.4,697.258
2629.9,214234.4,236.68
4828.2,511651.8,754.731
4251.3,409934.5,526.343
2924.0,243107.6,286.911
3736.8,331650.7,434.151
3831.4,356457.8,452.605
3628.4,343002.1,422.306
8432.7,1202186.9,2188.521
3721.6,371183.7,484.981
3607.9,350176.2,431.338
2367.5,146806.9,157.135
3026.8,207036.2,255.393
3801.3,312892.5,424.723
3239.1,251944.8,302.088
6628.4,913421.1,1598.744
3681.1,353743.7,459.677
6782.7,998481.8,1482.985
4614.1,388833.3,551.795
4096.4,404305.0,541.017
4061.9,420592.4,488.768
4154.9,409588.2,526.635
8285.2,1190418.3,2097.778
2233.4,151317.2,157.135
2130.7,155818.3,157.135
2946.8,307013.4,338.9
4326.5,393516.1,531.21
5264.8,601450.6,915.625
4588.6,506927.6,768.709
3562.0,314102.8,385.208
6265.2,719830.3,1193.566
6381.9,759986.4,1204.341
4601.7,430751.1,608.978
5805.3,785760.9,1140.542
4403.9,465289.2,654.044
3217.6,284332.2,333.935
5593.9,579399.7,921.334
3927.9,432762.2,573.979
4109.5,377286.2,525.594
7678.7,1012992.3,1720.739
2316.6,170337.7,157.135
2374.3,168156.0,167.491
2642.7,185035.0,201.7
3162.5,371683.4,391.778
3933.7,324533.1,427.63
2265.2,161658.1,157.135
2898.1,196470.0,237.343
2756.0,227033.3,262.353
10254.4,1824878.1,3804.343
9071.2,1295676.0,2242.802
3335.6,307855.9,376.764
3485.8,311844.3,391.676
2626.5,201538.8,207.95
2305.7,148245.2,157.135
4070.1,377392.3,477.83
2757.9,219200.5,234.927
3785.8,351929.9,490.324
2299.6,146907.3,157.135
3094.1,245605.9,284.112
4034.6,454696.1,591.835
5012.5,544280.1,705.269
4377.0,518353.9,735.015
2501.6,168195.0,181.138
5621.9,664945.2,1045.493
3044.7,242956.3,275.491
5381.9,593158.0,874.342
4062.7,392186.5,520.544
2389.4,164057.0,173.159
3585.0,335633.3,406.923
4871.6,492586.6,704.788
5709.0,571853.9,860.437
3658.9,373525.4,468.636
6668.1,923883.7,1804.279
6031.4,743731.7,1182.524
3614.1,320301.1,426.926
5445.5,689579.8,961.001
8583.1,1362415.1,2494.646
9323.2,1377786.4,2548.888
2357.4,180936.5,195.156
2864.3,213827.9,248.825
7625.7,1022011.7,1737.412
2701.6,203335.0,223.76
2445.4,167088.3,180.839
3489.3,286396.2,354.824
4850.6,499057.0,736.649
3867.1,353750.3,483.44
3205.7,263986.0,310.802
3189.8,263208.7,304.935
3177.8,235480.9,295.708
2677.1,235863.8,258.436
10172.4,1810799.2,3301.815
4414.5,509202.1,667.283
5973.8,719824.4,1072.869
3454.3,301518.8,354.001
3749.9,396096.8,451.956
2977.0,248931.3,295.418
2289.5,144739.8,157.135
2332.7,152499.3,172.933
2366.7,166501.8,157.135
2399.8,166611.0,157.135
2627.4,176865.9,200.357
7034.5,907018.2,1527.27
4317.8,382775.8,506.557
6940.0,978057.2,1485.52
4730.7,489264.5,731.181
5451.8,600943.8,986.454
2763.4,249596.1,254.02
5045.5,570047.9,800.874
5583.4,655133.0,944.564
3060.8,273216.5,329.879
5028.6,587770.4,824.177
5177.3,534655.5,828.604
3360.0,269331.4,337.161
2596.5,195132.8,212.428
2560.7,166553.7,202.179
4026.7,416940.9,562.935
4494.8,485374.6,683.337
2961.9,236560.3,277.203
4215.5,396186.2,536.397
5190.3,550233.3,831.513
5067.2,544440.6,864.068
7564.8,1096709.4,1833.746
7262.1,898378.9,1469.347
2789.7,195973.1,234.277
8000.7,1189006.0,2039.09
3166.5,280119.8,342.247
6050.4,767318.0,1218.672
4200.9,375510.3,554.596
3499.4,317575.0,376.642
2286.6,143390.3,157.135
3873.0,359548.8,457.229
2202.6,146468.3,157.135
5911.9,732528.8,1144.817
8171.9,1127575.6,1782.619
2898.7,245941.0,276.225
4382.6,514650.4,669.686
2857.0,254968.5,292.613
3127.6,272300.5,316.382
5796.9,603397.6,980.064
3931.7,384358.4,508.971
8738.4,1215177.2,2133.33
3363.6,311866.3,355.959
6389.8,743435.9,1174.759
4123.0,431965.5,567.905
5466.3,676304.2,997.019
3425.0,317948.3,366.164
4083.5,385160.1,504.47
3872.6,387308.9,478.362
2951.9,214439.8,267.646
5462.8,565922.4,895.179
5017.0,543137.2,886.683
5120.1,610498.7,847.082
7435.1,1115323.6,1811.837
7191.1,1065891.3,1688.309
3570.9,303898.6,388.106
4654.2,495038.9,709.169
2933.4,266186.1,317.63
4086.1,436828.6,535.002
3075.2,295987.4,323.794
8006.8,1183801.9,1937.34
4886.2,514571.2,703.843
3430.8,371853.0,440.424
6408.6,853256.6,1373.876
2267.3,149556.7,157.135
2113.0,151528.2,157.135
5810.2,636801.8,997.068
4366.5,412622.5,551.246
4491.0,444920.9,642.447
2321.5,179179.7,180.278
3690.8,405249.6,515.287
9464.1,1564758.0,2638.818
6170.9,627795.9,1020.12
4701.3,491173.2,601.975
3397.1,278831.0,368.564
3336.5,292361.8,382.015
2311.7,147847.5,157.135
4510.3,504612.6,646.183
5855.9,698321.7,1037.768
2262.7,150660.8,157.135
3141.9,251196.5,308.095
2670.8,177196.0,206.571
2890.0,227362.3,241.162
4088.9,431259.9,548.15
2154.4,163178.6,157.135
4736.0,606784.6,861.342
5460.6,570333.5,963.897
3535.0,319954.0,428.84
2273.3,156095.2,157.135
2698.5,206726.7,235.199
6654.8,861984.5,1418.067
2309.3,144324.1,157.135
3609.2,335499.7,396.778
2528.1,191393.8,202.853
6045.4,689580.4,1004.109
3206.3,250975.7,304.713
4729.3,524031.2,727.051
5056.3,539140.2,828.118
8838.2,1299409.6,2306.005
3796.1,309531.6,445.812
4546.3,471697.1,710.881
2328.0,151219.4,158.64
6942.1,971209.3,1370.332
3153.3,224066.5,284.448
3467.3,262063.7,334.131
4399.2,398932.9,515.697
2395.7,166616.3,157.135
4542.3,468670.6,631.322
5984.3,773676.4,1144.971
4273.7,475458.4,664.826
2236.5,148664.4,157.135
3969.0,371141.9,475.169
5520.0,625022.3,954.754
2072.9,158132.9,157.135
2619.8,184759.9,220.807
5969.4,736512.4,1064.073
4372.9,477422.0,652.701
4856.2,516548.9,731.764
8795.0,1222935.6,2349.656
5161.1,515633.3,765.905
5704.4,649619.5,892.158
11999.0,2274579.3,4665.972
3776.6,353673.1,441.926
2988.4,229042.5,276.008
4982.8,526713.1,741.157
4982.9,496070.7,747.873
3498.7,286490.8,343.424
2455.6,209603.8,228.477
10539.3,1803601.1,3377.744
4753.3,472407.8,683.245
3013.6,245445.2,290.992
5398.6,742245.4,1098.391
3900.9,369207.1,480.818
3587.0,335255.9,428.226
5481.2,632691.0,825.994
2464.7,165975.7,185.363
4562.6,530418.4,697.591
8136.5,1297106.9,2453.101
5048.6,558689.0,764.44
3610.6,325431.8,387.71
3302.4,281416.8,348.895
3548.2,289127.7,377.192
3637.7,307981.8,427.853
3662.3,304284.0,387.212
6150.7,742020.5,1098.728
2093.6,144508.9,157.135
5469.4,701273.2,1051.674
3803.4,291104.9,386.626
4937.3,504531.8,711.398
2467.0,182792.2,211.707
6554.8,939172.5,1531.8
6806.5,871603.5,1432.694
5746.6,700259.3,1137.727
2207.3,147566.5,157.135
5696.4,652065.1,1024.174
4793.0,486687.2,727.58
2338.5,160992.8,157.135
4354.6,387077.2,514.846
4643.0,453597.8,704.317
4886.5,555378.0,821.878
4457.6,469805.3,605.651
4904.9,464979.8,663.915
7281.2,1115722.7,1721.651
6928.7,845491.6,1410.24
2161.9,156396.3,157.135
3598.7,343597.1,406.516
3650.3,368210.0,459.783
2236.5,142379.8,157.135
4224.6,405814.7,566.429
6925.1,949471.5,1436.304
2831.8,190858.3,218.717
4607.2,522156.6,688.528
2608.1,217094.0,250.982
3091.9,261431.5,305.501
7500.1,968262.9,1726.907
3310.4,273714.3,339.067
4891.9,516219.6,762.001
2372.6,154238.9,157.135
8701.6,1336271.4,2355.008
5187.6,604242.1,853.315
3680.3,347272.6,453.217
4805.1,553828.5,834.877
2346.0,162794.8,168.556
6645.6,815029.6,1361.655
3437.4,342865.6,404.377
3757.0,348976.1,445.407
3332.6,286864.3,353.266
3154.0,281757.6,328.816
5237.4,624124.9,919.001
4604.1,434582.1,645.281
5265.7,577913.5,887.755
3976.7,419688.8,521.318
4854.8,559679.6,793.965
3433.8,280950.3,374.614
10413.3,1715508.7,3166.557
2254.0,148303.3,157.135
6727.8,863962.6,1450.472
7179.1,913220.2,1581.062
3061.3,242957.7,264.196
10232.2,1527349.3,3165.388
6166.8,729411.3,1171.124
6199.7,753267.9,1148.365
4106.6,441105.0,537.018
3771.5,357787.8,440.709
3682.9,335286.7,443.494
4495.0,555878.7,719.229
7286.0,923268.5,1624.039
4457.4,455986.2,607.633
2797.9,227934.4,251.87
5937.4,651821.1,1020.307
5754.3,750744.7,1103.021
4955.9,595069.5,889.84
5366.3,670280.4,957.427
3444.6,306630.8,422.043
2848.6,223655.2,248.333
2794.7,224067.6,260.804
2325.3,161532.7,157.135
4672.3,465385.2,635.497
3807.6,403815.5,490.879
3313.5,309206.1,368.286
2283.8,151539.6,157.135
2570.8,186327.6,192.141
5922.6,858025.4,1295.613
3161.6,267038.6,307.3
4327.7,450413.1,702.083
2282.6,155487.0,171.175
7622.5,1084713.4,1673.895
4349.2,342627.1,467.489
4549.2,504424.0,663.278
9923.7,1857722.2,3421.402
7375.4,1026279.7,1782.113
3621.0,297343.0,410.094
3132.3,265440.1,325.502
3453.7,360075.0,403.869
4933.4,532657.1,791.855
3979.1,359511.0,482.339
3461.1,295183.1,381.809
7124.7,1095497.7,1712.753
3799.3,367424.7,478.859
10152.3,1708895.7,3349.943
4072.3,455536.4,564.86
8155.9,1302850.9,2213.312
4842.2,481403.6,700.234
5968.2,700617.8,1140.821
2844.8,265876.7,292.797
3018.0,231064.9,263.855
5000.5,498312.9,760.463
5758.3,692623.2,1164.595
4092.8,388561.1,542.339
2357.5,164178.7,186.185
2426.8,150355.6,175.425
2265.3,150990.0,166.22
2229.0,145659.0,157.135
4238.4,419788.9,573.457
6060.3,899902.3,1300.01
4299.3,391625.7,519.381
2295.5,151236.3,157.135
3672.5,363134.4,450.21
3856.3,356192.7,460.47
9886.6,1577578.1,2843.026
2276.6,158678.1,162.249
3715.4,313108.1,383.216
9131.4,1380809.6,2076.011
4874.0,560016.5,754.525
5009.4,545331.2,826.686
4113.3,439081.3,575.819
4271.8,476007.6,684.954
5876.1,675838.4,982.527
2907.5,221770.6,273.439
6028.3,667149.7,1065.373
2453.3,168054.1,173.632
4467.0,520030.9,684.085
4230.9,460664.0,606.374
3418.1,280806.3,319.506
4037.7,401964.3,515.515
3096.8,270306.5,317.901
2544.6,195617.7,221.353
3523.6,331943.4,394.835
2781.8,206804.6,215.668
4783.3,491399.5,681.021
2589.5,189609.0,207.803
5801.2,686013.3,931.908
2684.2,186708.6,202.611
3296.3,278934.9,332.643
3550.2,274187.6,317.373
6901.3,936136.7,1527.505
4877.6,475433.4,685.145
3693.6,355913.1,442.664
5179.5,551089.2,784.753
2213.4,167224.1,157.135
4090.7,405009.8,507.089
10055.7,1408624.5,2626.099
4477.4,452179.0,584.121
4280.5,424739.8,554.563
4940.7,608599.8,816.631
5906.5,694709.3,1080.545
2147.1,153954.4,157.135
2316.2,151755.1,157.135
4603.6,459804.7,621.99
3041.6,241565.4,295.104
7410.2,960052.2,1511.437
3825.0,333617.8,407.258
2248.9,162631.0,157.135
2507.5,176669.0,188.963
2183.5,149400.5,157.135
3678.1,358101.5,434.748
3627.7,340744.2,451.073
3378.6,321464.2,372.923
6285.2,847269.8,1252.532
6197.6,923228.1,1379.314
3904.2,365503.5,457.662
2328.8,148843.8,157.135
5238.6,599282.8,863.435
4588.4,583681.5,821.405
4582.2,475213.0,673.703
5739.6,805720.8,1157.975
2494.0,194476.2,205.348
9729.3,1397974.1,2649.998
2518.5,236956.3,242.316
5348.8,652107.5,960.305
2310.9,144389.9,157.135
2731.1,210823.6,248.078
7297.4,1146336.3,1782.01
3990.0,370680.0,425.467
5819.5,723637.4,1033.128
4666.9,498216.3,635.5
3995.3,397605.3,482.443
7125.4,991729.8,1575.901
3907.2,349383.7,433.861
2412.5,156681.6,157.135
2763.8,247455.5,274.819
5095.3,550366.6,818.65
4784.0,535869.2,722.12
2197.4,164047.1,157.135
3174.0,248384.7,292.861
3265.8,270855.7,328.533
3809.1,323920.6,391.081
2452.8,159609.6,173.225
3350.2,249967.6,316.411
2903.9,265053.5,291.855
5399.4,643663.7,977.728
5499.8,675113.2,1007.798
4062.5,353465.0,466.818
3356.7,331417.3,382.796
4164.1,457222.2,587.699
2811.5,233643.3,271.882
2873.8,180172.2,208.348
2781.7,214598.4,246.096
3231.8,273561.5,314.772
2442.9,190873.4,205.573
4532.6,446856.1,598.277
5107.6,647648.5,945.326
2149.6,158406.2,157.135
4008.8,406021.5,535.767
3772.6,355313.7,439.748
4542.7,474912.7,691.368
4320.5,451081.8,519.58
2321.1,154614.5,162.713
2390.2,179214.8,189.821
4303.3,419721.5,537.625
6088.8,761308.1,1202.969
2183.3,152568.5,157.135
4868.4,500186.0,693.722
5982.7,823508.5,1369.459
3956.5,370764.9,464.111
4957.1,525613.3,817.998
2991.4,277729.6,297.925
4211.7,385672.4,476.873
2188.5,157461.1,157.135
2322.6,139824.8,157.135
6041.7,706621.6,1122.404
2790.0,227401.2,237.374
3367.1,367296.9,363.703
2309.1,173844.4,171.762
2461.1,169882.0,168.536
3954.3,367406.7,456.392
2985.2,239738.2,291.628
4563.5,536863.4,711.985
4790.3,507248.0,756.083
4836.4,463417.4,679.952
4715.8,438102.7,636.343
7890.0,1162477.7,1872.406
2491.2,200562.2,222.087
4119.1,388356.3,502.289
6795.0,830310.8,1308.045
6849.1,855162.3,1454.689
2494.1,154797.3,166.941
3417.6,317314.6,408.185
7259.3,895737.6,1568.641
4814.1,541670.7,790.695
4612.0,430145.5,614.502
3836.0,358108.3,440.546
3762.3,323080.4,385.346
4682.2,451889.6,662.305
3632.0,335209.2,428.401
3938.6,427369.8,507.316
4175.8,400989.2,559.359
3046.4,264135.2,303.988
5343.8,567165.2,806.17
13914.9,2767848.1,5497.52
2105.6,154778.6,157.135
4663.3,482814.2,681.688
3015.6,246047.3,284.521
4998.0,583259.3,836.127
4237.3,410645.4,545.1
5888.8,612487.5,970.131
6800.4,908986.0,1353.968
4660.2,478032.3,613.096
6265.5,788356.0,1307.373
2238.8,150232.8,157.135
7522.4,1103725.2,1891.644
4798.7,481200.3,710.318
6392.5,730602.5,1251.487
2597.3,176317.4,196.438
3081.5,230179.8,268.789
4454.9,409250.1,590.554
3921.0,399479.4,517.867
4338.8,509251.5,659.561
6458.8,840180.4,1258.234
2373.8,151545.9,157.135
6043.9,684112.2,1150.848
3856.9,417140.4,528.542
4091.5,353624.2,445.51
2303.5,158388.8,160.432
5038.9,609982.8,787.496
2133.4,146347.2,157.135
5309.8,526679.6,885.358
2302.2,145129.9,157.741
4260.1,424565.4,548.14
3790.2,371226.9,476.949
6531.4,800747.3,1347.471
3709.9,332330.2,454.624
3301.9,251398.7,300.077
3453.2,271340.5,349.036
6683.0,933543.6,1464.503
4840.4,554180.4,808.882
3537.3,302571.4,384.778
3642.4,330941.5,433.935
2198.4,154528.5,157.135
4566.6,515371.1,718.038
2146.9,154056.7,157.135
5568.2,655898.3,962.299
4257.9,433379.5,582.37
11814.4,1771472.3,3594.3
2686.1,189899.6,216.338
3744.2,367372.3,483.336
7931.4,1415101.9,2236.567
6710.2,806717.5,1371.411
3038.1,250256.1,299.576
4716.8,464800.6,628.883
4135.9,394816.3,525.873
4228.9,506629.6,658.97
2960.4,251242.2,298.981
3836.8,373524.7,488.561
2275.4,158849.0,157.135
4137.0,478162.7,585.429
4928.7,574104.9,754.551
3534.4,343381.7,437.104
2236.0,152131.7,157.135
6176.6,758971.4,1164.575
5017.7,510130.2,704.312
3079.9,240291.2,292.466
3532.1,350099.7,418.766
2373.1,154092.5,157.135
2683.5,206221.1,229.767
3393.5,265602.6,340.367
6541.1,886609.5,1412.955
3169.5,241129.6,313.585
5122.1,587559.0,879.541
3332.1,275084.4,340.228
4663.2,476518.0,641.155
3784.3,401468.7,468.482
5682.5,723263.7,1061.087
3341.4,304878.3,341.191
2162.9,157509.1,157.135
2203.5,173742.7,172.385
3344.9,311762.1,341.998
2459.6,172501.8,191.871
4796.0,501155.5,730.727
3458.3,306570.2,360.713
10923.5,1850256.6,3558.717
2221.1,154198.4,157.135
4240.9,450857.8,618.661
2528.4,187779.2,211.543
3428.8,315837.8,352.769
4349.5,415084.3,588.407
2186.9,157833.7,157.135
4356.6,478758.8,635.434
9017.1,1261677.2,2433.318
3373.8,286694.3,364.316
4675.9,457907.8,647.312
6396.8,797370.0,1199.234
3777.5,353626.6,460.042
3358.6,274090.9,328.734
2247.9,141789.0,157.135
5347.5,679838.8,880.092
3576.8,373491.6,479.261
2613.6,213651.6,232.136
4145.3,422794.7,581.42
3188.9,265962.2,328.015
3317.7,313325.8,342.951
5249.6,537727.7,855.821
2410.3,171287.5,178.545
6063.3,740223.4,1221.073
2391.9,159321.9,170.212
3363.4,252935.4,307.777
8743.9,1316548.0,2472.933
6267.4,829566.0,1302.433
4135.2,374961.8,567.992
2806.8,214893.3,246.034
3232.7,283312.1,342.717
3927.3,392123.4,556.965
3913.7,442372.0,541.146
4103.4,366496.3,487.951
4248.1,387821.6,512.141
3995.8,338483.2,441.723
2306.3,157360.9,164.244
3189.5,306340.9,346.26
5804.7,816991.6,1097.235
2218.0,171980.7,174.287
3561.0,374086.4,450.647
2966.9,257135.9,271.186
4366.9,435516.2,574.32
3778.6,337056.2,383.848
7386.3,1079689.8,1726.907
4746.7,558974.4,789.742
2396.9,174873.8,182.411
5295.2,563396.7,901.802
2932.4,246526.0,281.224
3283.4,255470.6,329.786
4417.2,451855.0,676.111
3369.3,294388.6,353.24
6010.3,673332.7,1078.154
3165.6,242887.2,281.257
3224.1,270472.5,318.823
3270.3,264614.1,309.351
3196.2,265711.5,332.819
6286.4,850570.4,1273.205
5556.2,597788.1,871.485
7704.4,1232492.1,2082.867
10026.8,1626979.3,3264.801
2822.0,204149.8,228.786
4168.5,442554.5,555.684
2515.0,196858.0,203.475
2955.5,233012.6,280.556
3184.9,259508.9,315.975
2787.3,192730.1,223.963
2775.2,196625.5,224.916
3857.2,340127.7,467.392
2614.4,181443.1,196.938
5816.2,711157.8,1034.965
2921.8,213011.9,250.592
12165.7,2438562.1,5052.779
3652.0,295969.0,364.919
4243.8,442077.6,556.4
2172.2,168440.3,184.847
8684.0,1168522.4,2076.411
6416.9,789789.0,1294.215
4533.3,457991.8,666.963
2318.0,172507.7,177.337
4527.2,455485.8,622.178
2509.8,194810.1,212.657
7198.1,1095367.8,1706.104
5537.7,720978.5,1007.858
4197.1,392100.5,567.002
2189.9,157529.7,157.135
2844.7,214765.9,237.676
5450.0,609497.3,913.898
6767.2,889498.0,1395.374
6546.9,750760.8,1283.484
2227.2,164080.1,157.135
4429.7,498928.7,669.46
6613.0,737868.1,1190.177
2320.0,148109.5,157.135
4344.7,365784.6,521.693
4755.8,470197.6,654.675
3553.8,321903.4,412.016
2035.1,142731.8,157.135
3411.8,337359.1,403.819
3673.7,345542.7,403.296
3833.9,363385.5,465.968
3202.0,274165.6,333.4
3093.5,307485.2,367.39
4019.3,389832.3,508.492
4677.0,504440.6,749.964
3511.3,318426.9,410.801
3584.3,302888.8,377.402
4070.1,430200.0,565.594
2153.5,152580.1,157.135
4989.2,550249.9,771.158
4230.4,370811.4,524.788
4085.8,424601.2,542.093
6381.8,743878.1,1138.776
2124.0,173271.2,157.135
2109.2,149581.4,157.135
4290.4,485412.4,654.655
3814.0,459055.3,522.024
4435.6,451113.9,602.203
3261.9,296181.4,361.773
5047.7,584803.9,896.819
6041.4,788400.3,1113.281
5132.6,516139.9,775.488
3836.5,345672.5,425.492
2315.1,148940.2,157.135
5370.2,651173.6,975.919
6759.7,819569.4,1405.356
5404.5,648730.0,882.626
2812.8,223918.4,258.408
5396.4,581700.0,903.669
5497.6,742287.5,1050.429
7468.2,1066457.0,1844.025
2913.8,231407.3,259.145
3961.7,360816.0,437.444
5782.3,663669.3,958.796
4293.9,372218.1,549.889
2613.2,201683.2,213.362
4814.8,520391.0,733.326
4869.1,571876.8,836.976
4094.5,421388.9,563.596
4323.2,425543.9,626.666
3767.4,342103.3,426.22
7699.1,969868.2,1728.14
2927.5,220811.3,254.062
3381.4,276290.2,327.054
4116.3,425422.4,529.695
5598.5,677222.6,1066.142
2231.0,163989.4,157.135
2341.2,180343.1,182.632
2295.1,149269.3,157.135
4081.4,386812.5,539.044
2593.6,181110.8,213.194
3598.2,316700.7,385.113
5178.4,591014.3,894.671
3279.5,281082.5,313.07
4250.0,449185.1,632.601
3666.6,315536.5,412.49
5337.9,624722.5,902.446
5115.0,525485.3,769.974
2926.6,256369.4,300.611
3591.0,377233.3,458.303
6412.3,789252.1,1217.563
4713.9,519032.1,720.88
2318.9,164334.0,170.312
5183.2,561345.0,890.528
2737.6,202880.2,219.062
7306.6,1003225.4,1638.931
6233.4,810137.4,1198.439
4382.7,497444.9,663.195
4441.8,438593.2,595.954
3610.0,368392.8,443.629
5231.5,611018.4,907.12
3332.1,319132.5,389.412
4465.1,458801.7,634.791
6059.1,718771.0,1060.128
3288.1,273489.6,333.848
3132.0,292189.2,319.532
2536.3,205024.7,200.518
2672.0,210546.0,222.646
2241.4,164726.6,157.135
5522.4,593404.0,945.412
8124.9,1196887.3,2255.804
7288.0,987487.3,1655.947
2083.9,152823.6,157.135
5599.8,632524.4,941.63
6934.9,922472.2,1651.651
3563.2,315879.7,363.327
3860.1,475998.0,569.755
2390.3,162596.5,157.135
4261.2,501972.5,650.937
2537.2,203955.5,222.81
4481.9,436530.3,616.671
2291.5,153062.9,157.135
5028.1,631167.4,813.17
6399.1,761451.5,1198.838
2886.9,236185.0,279.298
2543.4,203295.8,210.019
2208.6,161726.5,157.135
3592.1,323157.5,423.581
2991.9,271579.9,328.567
2233.3,148729.2,157.135
4882.1,537997.9,756.376
3558.9,316516.6,365.335
2516.1,192201.5,220.635
3185.4,295667.4,335.8
6602.5,802776.4,1244.91
5271.5,663371.7,853.511
3963.8,374057.2,472.794
5340.1,593836.4,864.705
2606.9,194915.5,205.998
4452.7,401943.1,538.903
4352.1,402428.2,591.213
3247.4,292176.3,359.533
4996.1,523341.3,745.747
2916.8,223523.9,279.917
4996.1,554097.1,791.805
5180.0,515294.8,819.09
2163.2,149880.5,157.135
6467.9,872965.8,1370.213
2278.4,153250.3,157.135
3118.8,263634.4,319.569
6422.0,772079.8,1199.646
3456.8,313729.9,406.566
2175.5,155641.3,161.071
2838.1,198352.2,217.457
5813.7,742005.2,1201.153
2233.1,154563.9,157.135
6935.3,839879.3,1304.152
3992.0,383163.6,502.222
2667.2,209470.9,200.837
3316.0,272957.1,328.164
2711.4,204897.0,231.288
5763.0,685161.4,1055.261
5043.0,611530.5,947.395
2207.1,157829.8,157.135
3505.4,298204.7,379.249
2912.7,223047.4,261.858
7595.0,897257.4,1489.051
2398.5,159590.3,176.867
7998.6,1031767.5,1912.764
4224.1,382866.1,511.126
2614.4,197717.3,205.828
3099.6,261253.8,304.183
2948.7,258140.5,275.179
2410.9,182740.9,187.96
4321.5,436869.0,566.723
2474.5,199290.6,195.169
2292.1,151769.9,157.135
3367.9,314399.8,386.629
2248.7,152421.4,157.135
3211.1,266280.8,286.368
2807.6,222806.5,252.345
3096.6,221006.1,260.169
9211.7,1497796.8,2633.409
4170.8,398558.8,549.446
4532.0,481626.2,639.825
2207.8,155697.4,157.135
2900.5,260135.4,309.952
4616.3,473143.8,624.507
2952.1,191976.0,229.93
6006.0,724800.2,1091.448
2571.9,180143.3,199.176
3614.4,384054.4,416.824
3379.7,276510.3,327.388
4359.1,431997.6,599.368
3190.7,247260.8,313.336
3441.4,358854.4,422.054
3637.5,337835.1,434.046
3084.5,239667.7,290.5
5152.0,556609.9,776.183
4669.7,482257.7,636.234
3701.6,390279.9,488.84
3238.4,303614.5,371.125
5765.9,674390.0,997.635
3606.5,347878.1,434.149
3742.8,334080.8,410.05
3993.3,437483.3,571.245
8063.4,1262501.8,2060.566
2377.8,169179.3,178.261
5680.6,631313.8,976.407
2145.2,151412.5,157.135
4122.7,478218.8,625.499
7761.4,1010767.4,1868.358
5081.5,501857.8,778.422
4557.1,467882.9,602.421
3213.8,300957.5,334.213
4268.1,383390.9,538.329
3764.0,341999.8,428.508
3138.7,236413.6,278.669
3627.7,327787.9,415.647
4130.4,461958.8,616.048
2991.5,228837.3,282.915
2963.2,225226.9,274.146
2411.5,164063.6,175.427
4498.6,511291.1,719.341
5027.3,537851.9,814.787
4644.6,483541.7,632.794
6003.8,730470.2,1142.854
4182.1,414825.4,563.553
5164.7,522784.8,720.087
4425.0,483835.0,670.694
4137.4,393528.7,487.688
3437.0,271345.7,342.289
9883.1,1556112.1,3127.048
3401.4,294543.0,364.753
3120.1,261387.2,306.99
4902.7,497739.5,744.877
4416.4,439345.9,643.177
2280.6,163319.8,169.24
6333.2,794908.1,1297.534
3883.5,350353.6,486.646
2579.4,205269.0,214.464
6031.7,834761.3,1368.534
5278.6,634715.4,869.296
2403.6,177406.1,189.492
7760.7,1277714.4,2198.848
5254.5,605748.9,892.813
4008.0,348265.9,520.73
8161.5,1054382.7,1891.288
4264.2,440854.9,596.947
4149.7,400385.9,513.277
3309.8,239152.9,308.373
5037.8,581000.1,839.129
4942.0,514637.2,770.89
4404.8,408909.5,531.275
2999.6,240328.1,277.77
4370.8,451801.1,582.984
3908.7,403686.4,496.308
2454.2,173386.8,179.252
2254.6,161807.2,160.342
4768.7,566314.1,827.913
2203.9,175629.8,157.135
4233.7,430002.2,619.548
3385.4,286482.9,357.151
6673.3,973427.9,1506.841
3414.1,302409.9,352.75
5339.7,627568.4,893.307
3312.7,320590.4,381.295
4194.5,388175.0,575.431
5637.1,697023.5,950.767
3550.8,294089.1,361.649
5889.1,810049.6,1172.129
2620.4,190558.9,235.715
4974.8,490319.7,665.716
5924.0,705545.2,1104.346
5350.8,630457.7,893.705
8587.4,1399302.7,2460.01
3030.1,249234.2,283.777
2510.6,156050.7,172.774
2765.3,210267.0,235.594
5564.2,607342.5,893.997
5000.0,565712.7,784.249
4087.0,449299.8,570.126
2528.9,195551.7,212.396
5322.4,615790.7,974.058
2516.4,182743.0,195.675
6845.5,963000.9,1336.022
13006.9,2743135.8,5251.515
4678.5,436958.4,705.406
5007.9,584881.3,839.98
3398.2,305254.4,352.923
2127.5,151124.8,157.135
3063.0,265258.8,323.02
2727.1,195260.4,217.604
2255.7,161901.7,163.58
8083.0,1147477.2,2103.813
4530.4,506565.4,654.159
4902.1,509939.5,712.971
3631.8,313034.3,409.283
3699.7,378820.1,456.748
5859.2,690151.0,1142.284
4002.0,381339.1,511.521
5122.1,547775.4,805.238
3770.6,392731.7,448.311
3542.3,310273.1,398.499
2322.3,145108.1,168.951
2232.2,148136.2,157.135
3564.5,346000.6,425.24
4369.6,431784.7,549.484
2387.1,195767.2,186.224
4050.8,420067.8,510.64
3845.4,418363.1,548.27
2216.3,145860.7,157.135
2704.4,240686.9,251.124
4630.1,511037.3,728.993
5261.9,497172.1,717.219
2592.8,186353.0,207.202
4574.6,416480.2,596.538
6384.2,756133.1,1196.806
5812.9,653041.2,982.102
3901.2,390488.3,486.218
3608.6,290376.5,360.072
3280.2,250428.1,316.163
4942.1,499558.2,765.452
4467.3,458777.2,614.423
5237.2,602881.8,871.912
4318.3,423945.4,583.898
5673.5,663017.9,1015.661
4310.3,433854.2,566.616
6010.0,711754.4,988.149
5530.7,675012.4,1059.179
3093.0,239378.4,274.534
2202.8,159994.0,157.135
8007.4,1041710.1,1821.393
4471.5,472005.4,645.672
2272.7,152219.4,157.135
3045.4,236634.5,295.355
5204.0,664057.5,977.996
3913.7,334809.3,419.077
3201.4,295868.2,347.504
7210.0,930885.0,1623.64
2569.0,203891.0,225.752
2808.2,256414.8,275.948
4413.3,509005.6,622.539
4670.3,548968.0,719.185
4763.0,519802.4,783.252
5890.8,736822.9,1094.245
4171.9,444153.0,616.146
5002.1,556691.2,778.871
3662.3,325892.9,426.047
3795.0,382622.0,552.237
4178.9,421745.5,572.556
4540.5,476804.8,624.404
5346.2,668323.9,978.521
5216.4,584268.8,821.263
4232.3,416390.4,544.073
2831.7,242466.0,273.519
4197.2,429406.0,554.455
4175.9,387804.1,513.304
4264.9,455315.9,613.472
9860.4,1811771.7,3107.886
3464.6,287640.3,344.24
4680.9,526728.9,737.874
6401.5,801356.0,1242.061
4071.3,421823.4,568.175
10414.9,1768336.9,3454.832
3572.2,317031.5,387.139
4229.3,481044.8,681.73
2899.0,237463.3,275.803
3608.0,306781.6,395.501
4558.4,472573.0,641.665
5628.0,711332.7,1038.455
4446.1,486594.2,678.992
6959.7,815385.1,1448.343
3882.5,387839.0,486.344
3653.2,325105.7,401.719
12334.7,2177559.8,4640.62
4704.8,536537.3,721.38
3191.9,234747.4,294.01
3016.5,269605.6,300.047
2931.1,217383.2,245.608
6283.2,653722.8,1116.813
3679.6,319351.3,391.426
4270.5,425856.4,581.779
4410.2,373721.2,498.831
5520.5,618330.1,946.681
2933.1,230447.1,265.351
2646.8,195310.7,220.664
4275.2,421606.9,629.05
5482.7,628511.5,852.152
4566.4,490032.5,686.385
3059.5,229024.1,273.447
5623.8,585617.9,906.36
3101.9,257559.3,288.29
3221.3,268037.8,344.86
2755.6,219292.9,245.356
6201.9,899647.9,1498.258
5249.9,586638.7,874.739
5384.5,559572.9,854.927
6690.6,867303.6,1434.515
12396.2,2455586.0,5065.338
2209.0,154313.8,157.135
3185.8,239121.0,289.567
3180.9,267866.5,319.536
3124.0,241816.0,264.481
2587.2,183905.7,220.306
3653.1,329900.5,412.385
2459.8,174231.6,196.956
5081.6,471384.3,687.774
4202.4,419339.1,547.363
5401.0,531214.7,773.644
4930.4,522592.8,790.471
5538.5,630986.9,853.559
3532.1,329493.6,388.587
9932.5,1426864.3,2901.225
4277.2,432559.6,634.209
2266.9,157102.0,157.135
2614.2,206809.7,234.072
2258.6,164391.6,157.135
3872.4,417502.7,532.413
3875.9,375681.1,475.937
3535.0,281237.6,359.942
9391.8,1500212.6,2654.638
4852.5,535099.3,817.194
5074.8,682452.7,942.574
2864.3,224330.4,247.917
2910.3,201720.7,234.682
3990.4,426776.9,540.833
4764.7,500654.5,603.578
2234.9,150858.4,157.135
3513.6,366343.2,454.019
3860.8,395353.1,531.015
3864.1,349972.3,441.447
2959.6,219757.4,272.58
3488.6,282709.7,339.894
3627.1,357970.9,455.282
4258.7,464419.8,564.887
5215.3,540487.5,854.788
6280.5,792432.8,1254.529
3574.1,353163.5,414.152
3351.2,294746.2,363.519
4908.5,526314.0,747.069
5290.3,569330.7,858.968
3465.2,288798.3,370.008
5896.5,608253.0,992.702
5779.4,729529.2,1156.208
6395.9,876214.9,1486.865
8713.6,1267403.9,2200.866
2775.3,220151.4,261.177
4047.3,394365.9,530.94
4005.6,394239.6,529.82
3829.6,374900.1,485.127
2967.4,256538.0,311.128
2195.1,145682.8,158.575
4353.4,426810.1,565.743
2997.8,257313.5,282.655
4316.6,425882.5,562.703
2909.0,232727.5,276.864
2720.0,195813.9,216.422
4400.5,420239.3,634.141
3991.2,438180.4,592.93
5226.4,570068.9,837.394
10166.8,1563846.1,3056.564
4468.2,461032.4,656.497
5212.5,536212.3,776.175
2558.4,210017.6,220.31
2499.0,184417.3,186.107
8291.5,1060376.9,1880.059
2820.7,215078.9,249.438
2658.9,199260.5,226.361
4005.4,406493.3,508.741
4205.6,380476.4,488.218
2886.6,224768.3,253.69
3937.4,337811.4,410.62
6781.4,858412.9,1414.043
2876.9,254894.4,274.21
2276.7,162988.1,170.764
5988.9,704307.5,1122.248
4592.2,543598.9,780.702
3122.4,285382.8,318.42
2195.4,149301.2,157.135
3056.2,259744.8,288.113
4320.0,374563.6,502.383
6550.5,816928.4,1343.28
2491.9,212081.1,227.708
3807.7,362892.8,490.455
5420.4,644649.6,904.653
2243.8,155213.9,157.135
6613.9,746298.0,1207.832
2636.8,186116.3,202.453
4848.2,482463.3,686.088
4474.3,477607.6,640.502
6610.3,885317.8,1258.306
4922.4,560571.6,818.474
2323.8,156633.9,157.135
2945.0,241665.4,278.938
4077.2,438169.2,586.885
3868.2,350138.8,448.682
5238.2,521836.5,771.516
5525.9,677208.0,991.881
5558.4,584142.1,857.313
3508.0,333255.7,441.759
2131.0,160441.8,157.135
3381.2,299942.0,363.716
4761.6,517668.8,734.362
2563.9,211931.6,218.034
5298.1,548667.1,873.227
5769.2,766321.6,1091.739
4239.3,415749.5,581.547
2260.5,154130.4,157.135
2377.2,170524.8,187.435
8701.0,1289770.0,2400.753
3195.0,300553.7,337.982
2130.2,167341.0,157.135
6930.5,877985.7,1420.75
4398.8,410625.9,530.708
6655.6,818545.6,1279.117
4629.7,521852.7,656.322
4791.0,484096.7,759.761
4675.9,515529.7,703.452
5646.1,605242.5,921.09
9337.8,1545053.1,3290.651
5955.8,735317.6,1148.242
2302.1,167272.6,157.135
4674.3,516703.4,752.511
6583.3,869376.5,1317.345
6735.2,923011.4,1383.969
3246.4,303876.3,372.28
6557.0,853536.5,1342.492
5793.7,668222.3,1108.897
11715.1,2028502.7,4174.095
3102.5,258295.6,286.867
3384.2,289512.6,348.812
3622.6,334722.9,410.241
3392.8,293799.7,353.674
2723.6,251660.4,256.256
2232.7,149261.0,157.135
3322.1,327768.5,369.859
4941.8,511377.1,707.06
3442.6,317036.3,352.82
9158.8,1311380.4,2497.84
4399.8,407546.3,530.717
6784.6,902321.6,1486.077
4441.6,477142.7,648.154
5620.9,725036.1,1021.936
4289.0,488467.2,657.53
6674.2,1028447.1,1582.18
4284.6,401357.5,549.237
4719.7,529015.2,783.111
4536.9,507393.5,705.339
3623.3,331789.6,416.18
4731.9,514969.1,727.654
10416.7,1611512.7,3178.457
3673.3,357058.4,422.223
4686.6,515220.7,736.197
7052.1,967313.0,1446.784
6660.9,835544.6,1316.042
3880.3,416661.2,530.007
2258.2,156821.5,157.135
4890.2,536043.3,796.209
2170.2,155334.8,157.135
7962.4,1137306.8,1716.561
4396.9,452208.1,601.862
6060.2,797814.1,1175.079
2850.6,231678.2,253.771
2315.0,154868.3,157.135
4413.4,478060.2,647.806
3946.6,402622.3,510.999
3441.2,302945.9,353.299
3979.2,395153.0,562.099
12967.0,2413649.3,4884.091
5363.9,679347.5,1028.644
6176.2,772288.8,1223.223
5385.7,735979.7,1036.476
7110.2,1001731.5,1729.788
3986.6,330304.8,450.46
2330.9,158698.8,157.135
3965.7,330198.0,450.999
5348.2,613540.5,1009.924
2650.7,224182.0,240.298
3858.0,360152.3,455.463
3181.9,262416.7,300.65
7249.2,1031295.2,1761.536
5400.4,605630.8,960.486
5078.0,574254.4,887.606
5609.4,589603.2,866.446
3949.6,366743.4,509.5
4430.4,461748.3,615.639
2543.2,182191.5,202.007
2336.6,153926.4,157.135
4178.7,444440.6,592.529
4878.9,502965.9,681.676
6320.2,895080.7,1391.31
8064.2,1083748.0,1862.725
7182.5,1111773.8,1860.718
2721.8,212863.0,234.895
3783.7,282517.3,395.265
5099.1,563578.9,773.211
11527.3,2063532.3,4039.688
7114.3,1069296.0,1730.677
6229.5,772520.0,1294.107
3688.2,306891.2,384.11
2917.2,214498.3,257.668
5819.0,691011.1,991.514
2630.2,183537.6,216.247
3670.3,327713.5,433.24
4023.1,381844.6,478.64
7845.0,1083354.8,1895.398
3518.0,304051.4,394.491
2112.6,159582.1,157.135
5202.1,581093.2,788.382
3137.9,264469.4,298.898
4057.5,429327.0,543.378
4136.6,374210.5,489.592
3695.4,332156.1,421.1
5678.2,645125.9,992.66
2315.9,153793.2,157.135
3407.7,279379.7,346.12
5446.7,608903.8,911.16
3166.5,277654.6,320.075
2420.1,161814.3,157.135
5194.9,628442.6,899.861
6619.5,903340.7,1297.969
3999.4,375407.8,506.329
2276.5,139118.2,157.135
5705.6,654050.8,927.408
2207.8,146735.4,157.135
4740.5,481884.2,673.381
2888.2,206776.6,256.785
2495.8,181192.8,206.176
3596.2,279297.3,367.716
3904.8,348071.1,452.926
3097.7,259105.2,312.398
5414.0,587776.7,843.776
3302.3,319479.4,366.486
6058.4,779066.1,1156.773
4498.6,442512.5,658.555
3179.1,263213.9,299.251
2827.8,230348.6,261.278
2304.3,151764.7,157.135
4704.7,482319.0,663.648
3489.4,321795.0,394.526
2405.2,147323.1,157.135
3196.2,280842.1,340.942
2686.4,237597.2,253.992
7978.9,1067398.6,1869.254
2051.3,144854.3,157.135
2426.6,157581.0,164.327
6417.1,773862.1,1284.312
6667.6,880858.0,1566.925
2913.9,243414.7,288.03
2967.0,286348.2,315.465
5318.9,594469.6,862.708
2119.9,153876.7,157.135
2280.8,137100.6,157.135
3605.0,341452.6,418.721
7486.9,1092493.3,1830.808
3498.8,292401.2,369.552
4363.4,431115.9,569.52
6755.3,838643.0,1309.204
9311.5,1476873.3,2868.077
3234.9,280614.8,329.825
3956.8,420439.2,517.951
8570.7,1281291.0,2279.82
2167.0,146034.5,157.135
6078.3,769641.7,1201.807
2665.9,216696.2,231.084
4308.8,402239.8,570.225
3706.1,352413.0,431.782
2834.5,208668.0,242.592
2737.9,214985.8,237.736
4463.0,465118.6,656.034
6149.9,739367.6,1171.17
3738.4,397346.6,472.905
4300.1,390351.4,555.547
5085.4,592775.6,831.94
2785.1,233326.5,239.947
5553.9,667454.7,952.958
6060.8,635233.9,1016.135
11846.5,2011908.4,4280.065
3521.9,302546.1,387.744
3304.7,300322.6,362.955
5752.2,664720.0,975.707
5623.1,637025.2,1015.939
3098.7,271422.5,341.115
3446.5,296425.3,379.38
5121.0,562359.2,812.039
2833.2,259295.8,269.48
3446.9,293230.1,377.133
4224.4,403918.4,564.337
6090.4,718917.4,1171.547
3364.9,279856.3,322.531
2121.2,152193.9,157.135
2424.9,145825.6,157.135
2456.7,174545.4,190.277
2463.8,165024.2,182.21
3859.1,367753.0,463.519
2362.0,212728.7,201.406
2951.1,261584.8,298.0
2929.2,241912.7,281.353
3560.4,291501.0,368.132
6587.4,878115.5,1524.255
5155.9,636354.6,895.082
4140.1,418495.0,531.896
3458.3,290545.0,362.095
3493.0,321709.6,370.297
4483.2,495050.3,683.742
4850.6,606475.2,840.699
2896.4,226319.0,252.648
4391.4,406247.0,540.691
2204.8,145398.5,157.135
4251.0,455555.8,622.703
5460.5,682509.5,970.361
3708.2,325813.3,418.945
8417.2,1320074.4,2269.685
3030.8,214864.1,258.076
4628.6,478899.2,625.584
4057.5,397362.2,510.085
3629.3,353374.5,484.258
3795.7,367745.5,478.816
4174.0,449404.5,572.358
5581.5,649397.9,1039.841
7173.7,922428.6,1593.635
4117.2,398366.5,524.075
5307.9,753416.6,1012.842
3180.5,246219.5,298.238
5567.4,672425.6,973.342
3049.2,248149.4,284.108
6533.3,785245.6,1264.481
9657.5,1678419.1,3118.211
4091.0,361837.8,475.83
2222.8,149804.7,157.135
3480.9,258754.3,337.564
6477.0,884741.5,1416.894
5408.8,598145.8,819.895
4356.9,471373.1,641.654
6793.9,810082.4,1183.628
4781.6,563210.3,775.782
6962.8,875169.4,1400.829
5833.5,701819.5,1101.487
7763.3,1042171.2,1789.684
4714.2,468762.8,701.067
5633.7,708100.8,1088.985
3228.4,330823.8,409.908
3545.1,295980.3,323.348
8152.3,1235347.9,2077.542
3963.0,440736.7,624.961
5720.5,625940.5,1004.36
4415.3,429125.2,580.083
3135.2,285643.8,327.266
3989.7,398755.4,529.694
7282.5,1038172.1,1670.241
5362.7,567487.3,821.325
2244.4,158075.5,157.135
3972.6,321713.7,441.414
8767.6,1368669.7,2207.923
3714.8,329914.7,441.929
2099.4,158683.1,157.135
8683.0,1338336.4,2414.061
5494.0,617983.3,909.952
3982.1,378079.3,496.223
3608.7,319135.7,389.211
6542.4,823029.8,1256.043
3355.1,297610.8,339.224
6419.3,900548.3,1324.558
5190.9,577353.9,812.736
4931.5,510675.4,639.47
4082.3,441758.6,590.352
3883.0,377422.1,455.976
6701.0,802621.5,1219.425
2751.0,222946.3,261.403
2326.8,153897.1,157.135
5477.3,610086.6,861.46
4967.5,600439.9,873.202
5102.0,556999.2,773.153
4763.9,543722.2,729.266
3582.5,325209.4,405.501
5539.8,574105.2,990.376
4228.2,422774.6,506.099
3343.0,288116.5,354.561
3537.5,314206.5,408.337
9061.2,1392487.7,2675.501
2205.2,149964.7,157.135
4786.7,537208.4,785.429
2193.7,146991.1,157.135
3930.3,360831.5,481.171
3487.1,310820.4,370.179
2345.8,168804.4,157.135
4826.1,536007.7,718.364
3440.1,331427.3,386.516
2146.9,149657.9,157.135
5799.2,691470.8,1032.833
7251.3,1031536.7,1668.912
7423.9,1012359.4,1744.716
4772.0,493952.5,701.158
4250.2,430402.4,544.881
7054.1,995362.5,1531.214
7994.3,1188374.2,2037.115
6248.6,783192.9,1308.972
2728.4,214967.5,245.835
4584.6,424131.4,617.521
4796.0,533481.7,748.19
2118.3,154468.9,157.135
5171.4,534520.8,766.403
9834.0,1754318.4,3278.901
5295.7,617528.5,879.344
7545.8,1048468.4,1721.376
4399.4,424177.1,608.417
3593.1,377069.4,494.943
4839.9,522489.6,713.882
3101.7,256018.8,272.046
2859.8,212158.4,241.468
6252.2,930997.7,1456.759
7734.6,1013320.2,1586.723
2599.3,209238.9,236.208
5780.9,791405.4,1145.462
4070.9,401955.6,489.492
4771.6,534002.2,690.421
4934.7,551109.6,760.778
5962.7,855243.7,1170.048
4455.8,409470.3,561.219
7201.5,1105073.4,1635.829
4347.8,507856.5,673.714
5520.3,640176.5,868.252
2946.6,230228.4,268.25
10196.7,1679515.7,2990.28
5052.3,582048.7,766.69
5993.0,600412.3,932.675
2207.9,151268.5,157.135
2935.2,211625.9,270.542
6925.7,881367.4,1423.772
4531.6,462415.2,661.596
2308.4,150857.3,157.135
5518.6,904959.8,1212.223
3272.7,307230.6,338.733
7186.5,925408.6,1637.352
3922.3,388951.7,489.146
4284.7,475432.0,619.197
6813.7,841767.1,1357.736
2789.3,226462.3,254.717
2760.9,214002.0,235.877
3769.6,329732.0,448.133
5818.0,648090.1,1022.567
2530.9,171205.5,179.628
2253.0,153268.7,157.135
5889.7,657169.8,1019.726
3223.5,260818.5,322.953
3419.0,309491.8,382.738
2222.9,159418.1,157.135
3073.1,257422.8,303.765
4167.5,432056.3,521.834
5970.3,704398.2,1111.254
2901.1,245850.4,282.001
7897.9,1144969.4,1996.47
2917.6,265163.5,302.403
3080.2,247847.4,302.76
7592.5,1187777.3,1812.41
4783.5,421618.5,622.576
3452.6,305566.9,336.49
3683.1,363863.8,463.324
7105.9,984642.0,1562.273
7442.5,1101381.1,1711.403
2913.3,246799.2,271.834
3990.3,375567.7,507.375
4177.9,437216.7,564.594
2959.8,232716.1,237.136
3929.6,369456.1,501.986
4151.3,446594.6,527.284
5846.9,851248.0,1315.996
6869.6,853284.0,1389.249
3752.2,309632.0,402.678
3594.3,344878.8,441.873
5232.2,557141.5,896.775
3286.7,268876.2,327.616
5184.1,577473.2,843.733
4018.3,358490.5,489.118
2733.3,222448.6,240.376
2994.0,213676.8,242.822
7127.3,985808.0,1685.201
4272.8,356089.7,462.843
8316.9,1173362.5,1969.269
3434.8,288531.9,347.063
4407.7,466377.9,663.901
11113.4,1884082.9,3610.921
2733.9,201954.4,223.922
2053.8,144062.8,157.135
6487.5,904487.2,1480.77
2970.6,241821.9,269.648
4030.8,406488.3,516.338
3161.0,271251.0,327.423
4753.3,492270.2,651.686
2689.2,206534.4,244.058
3731.9,339963.1,454.153
4773.1,528341.1,754.426
2778.0,225224.0,232.956
2877.0,257006.1,298.643
3482.5,315627.9,396.823
2144.6,172141.0,165.995
3403.6,300520.5,373.495
4412.4,483294.3,577.777
3583.2,301610.1,380.486
3557.9,319497.3,421.89
4141.0,391955.7,516.673
3114.3,259062.8,309.507
5700.4,600316.3,916.333
7250.4,1150792.5,1670.219
3008.9,301518.8,361.117
5149.7,560219.9,776.248
3642.7,335196.6,432.828
4683.0,492282.6,704.858
7783.5,1156405.1,1854.403
4738.0,511041.6,791.065
2242.2,144038.3,157.135
5012.6,529871.5,756.972
6814.0,948334.3,1418.024
3648.7,340598.4,439.16
6350.3,776669.7,1171.26
2973.2,256916.4,301.051
2190.2,163915.1,158.578
4302.0,405076.9,588.288
2262.1,158225.4,157.135
3662.1,339599.5,432.774
7208.9,961217.0,1481.071
2262.0,146387.7,157.135
2447.5,175668.0,187.222
2724.2,204751.5,228.544
4101.8,365531.5,498.907
3560.5,296631.7,391.003
6679.4,958466.0,1621.358
6269.9,745522.8,1132.93
5012.8,530471.8,782.576
4453.6,432544.7,590.407
4710.7,469436.4,720.795
2683.8,225433.5,262.112
5269.3,732264.2,1047.622
2513.7,202470.8,214.272
5841.2,683030.5,1029.35
6941.4,870628.3,1365.624
4502.7,440026.3,622.277
3649.3,387575.7,455.519
4653.3,574658.3,724.919
2360.5,153770.9,157.135
4379.8,553745.7,669.841
4246.2,359677.2,479.19
4315.8,363981.5,504.036
5916.3,609314.9,927.828
4025.8,377329.3,494.324
2546.0,215461.6,209.464
3915.4,360349.5,468.479
4354.4,400562.6,554.403
4170.0,412186.5,575.981
4173.8,470451.3,598.209
6141.6,822434.8,1213.278
2557.7,193994.9,218.811
4609.3,408212.2,604.89
6704.3,869151.0,1484.761
2244.1,166215.4,157.135
4569.2,465243.5,606.817
3397.2,275383.2,327.566
3548.7,346102.1,389.433
2881.8,246377.1,253.22
3664.3,358234.5,457.971
8939.6,1310967.8,2315.371
2582.3,172084.8,189.509
2366.8,185674.0,204.559
2594.9,160548.1,183.867
7969.9,1131711.7,2112.407
3473.3,272621.3,361.711
4056.8,415708.7,514.289
3465.7,285586.3,379.496
2769.9,240063.7,245.264
3572.2,331680.4,434.389
11236.2,2130376.1,3806.856
7079.0,964439.1,1612.152
2749.9,213594.5,264.03
5089.5,648066.6,884.774
2775.6,251209.9,268.626
2189.1,145754.0,157.135
6283.0,759772.1,1194.016
6338.5,808311.7,1337.253
6476.4,781087.0,1219.83
3365.3,297304.3,359.524
3776.7,353260.1,458.997
5531.3,592733.7,960.725
5059.1,500526.7,719.788
3300.8,321721.6,382.303
2388.6,150924.2,157.135
4445.6,423835.0,575.49
6306.3,766184.1,1252.664
2644.2,179411.5,199.998
5218.0,648439.6,878.511
4724.0,468278.0,685.837
5410.0,673156.4,961.021
6035.5,704039.4,1060.163
3002.7,258992.8,299.998
2230.9,147025.3,157.135
3386.6,278867.4,341.546
6097.2,709992.0,1074.919
3178.4,275014.0,339.219
3183.8,260187.7,300.1
2149.4,156037.2,157.135
7597.7,1381475.0,2155.797
5531.3,691293.8,1021.365
5761.8,597680.5,976.438
6032.1,791844.2,1145.21
5046.1,574742.5,835.659
3711.4,378179.8,431.187
3828.7,387711.6,460.112
3526.2,296300.4,371.992
11076.6,2268952.1,4388.746
5091.3,556134.5,821.77
3406.6,296904.2,361.286
4667.3,559036.2,764.021
2573.2,220570.4,232.475
7383.8,1104391.4,1765.056
3131.8,262392.3,308.182
5002.9,626113.1,786.251
6140.6,781572.8,1239.577
4658.9,473431.6,715.896
4178.2,396418.4,566.56
4153.4,433964.6,529.617
4198.3,384551.0,501.68
2963.7,278227.7,329.865
3495.3,291598.9,365.479
7384.5,1015960.9,1729.967
3994.5,358872.5,481.053
3121.8,246961.9,278.71
3220.0,285590.7,346.32
6611.4,831709.8,1274.415
5102.4,629452.1,904.989
5147.5,562427.2,824.701
3647.9,315239.1,426.627
5157.9,536286.5,833.409
3030.6,307572.7,312.561
3745.3,364609.7,425.908
6435.7,799961.3,1147.13
5590.4,680097.0,1062.132
2772.0,212663.9,237.965
2995.6,221395.7,263.48
4218.9,402130.6,573.095
8650.3,1182916.3,2110.219
2197.4,162964.4,157.135
4550.0,499587.7,657.049
2255.6,157060.0,173.207
3180.7,261802.1,314.895
3528.6,328586.0,391.409
3538.2,296675.2,374.113
3212.6,284896.6,341.47
3987.9,410360.9,528.085
3355.0,289094.2,341.069
2397.0,157925.6,161.555
5737.6,640605.5,984.318
5959.0,632793.4,963.133
5868.5,651469.2,1035.839
2282.4,141055.8,157.135
4736.3,482644.5,668.04
5694.8,644793.9,905.261
2833.8,192182.1,228.697
3927.2,408242.3,528.922
4026.1,386282.8,478.066
8675.9,1197677.9,2317.042
8805.3,1365857.2,2476.024
2082.4,165593.0,157.135
10495.6,2054503.2,3917.921
2785.0,202088.8,251.103
5721.4,778585.3,1157.222
5959.3,720982.2,1147.772
2815.1,218092.3,235.337
4870.3,531559.7,781.313
3926.1,372529.8,481.442
4894.9,557136.8,820.723
4538.2,464599.6,632.29
6753.3,841547.7,1376.892
3979.3,415604.1,557.919
3705.8,338757.8,458.591
6041.2,831715.0,1270.0
5269.2,587136.6,838.146
5523.9,591871.2,946.926
3120.0,274093.4,307.309
2667.9,202264.8,226.12
3292.9,279880.4,332.26
3225.8,278736.8,318.342
5499.2,675593.5,989.352
5903.1,796158.6,1152.857
3829.6,356957.6,463.325
7218.4,1060575.7,1663.424
7702.0,973335.8,1581.778
4438.7,480393.2,638.809
2968.4,240467.8,270.719
7854.4,1176168.6,1868.801
4216.8,399027.1,499.833
4162.1,424746.5,581.218
3759.8,311463.9,399.319
2838.3,225009.2,256.304
2499.0,149519.4,160.752
5350.3,571185.4,874.35
2837.2,217199.9,279.248
13909.7,2663476.9,6180.408
2782.8,219499.7,218.804
2470.0,172226.2,190.589
5006.9,611778.1,792.008
7788.4,1094924.5,1800.698
4136.5,416319.4,553.08
5102.8,537111.8,832.657
2152.6,152544.4,157.135
3332.7,284319.7,304.125
2524.7,216587.4,221.012
2250.7,154614.4,157.135
4366.5,407599.3,576.932
2234.3,145381.9,157.135
2281.2,163566.1,180.889
3162.0,301830.1,340.536
2984.9,254152.5,268.677
4646.8,521999.6,722.644
4254.1,480179.0,671.636
5949.3,769689.3,1078.973
5343.6,619212.9,962.754
6636.4,837480.9,1316.636
4050.3,409202.3,524.215
4571.9,466291.2,670.494
5032.1,539308.3,792.886
4133.7,423240.5,588.52
3368.8,332637.7,381.209
3537.0,355556.0,401.63
2807.9,237683.1,271.666
4983.2,518382.6,737.475
3886.3,365655.7,486.716
2951.8,261078.6,307.66
3060.0,254123.9,307.89
2519.2,182559.1,197.944
5954.9,768193.8,1155.515
4285.8,412699.3,559.368
2953.3,227363.7,261.94
6230.8,668018.2,1007.333
3413.8,274536.8,334.214
2171.5,158130.6,169.007
6078.3,803369.1,1195.664
3256.1,259169.4,340.563
3546.2,332747.9,377.63
4002.3,413900.0,542.743
6339.4,862170.9,1318.522
3919.4,420510.9,533.573
2460.5,178358.5,199.752
4973.8,543065.9,813.838
3319.1,278105.4,355.169
8338.8,1335597.8,2404.111
4248.1,414277.7,524.553
2278.1,148121.7,157.135
4453.4,519619.3,700.259
8955.3,1245921.4,2516.462
7243.0,1084693.9,1869.62
9017.0,1381762.1,2296.229
2890.1,205672.7,230.816
5888.2,691544.4,1095.051
2952.3,243220.6,293.416
4355.5,397622.0,629.046
2402.6,167503.7,188.212
3138.3,278568.6,312.336
3286.9,251432.8,304.435
6097.8,698119.9,1083.117
5865.7,597019.8,1000.997
4599.7,441081.0,656.248
2264.4,177887.6,176.821
3494.7,337728.2,408.42
3032.6,231918.7,287.767
5529.1,679576.7,1058.2
6649.5,854437.5,1356.894
6459.2,745137.4,1230.031
3080.6,222556.9,285.663
2281.1,151299.6,157.135
2074.7,156938.3,157.135
7643.2,1031168.4,1651.014
3265.0,322906.0,379.964
3001.2,228288.5,286.7
8119.6,1157775.1,1972.933
6901.7,892971.2,1455.416
3921.1,404924.1,535.474
3474.6,327846.4,414.467
3919.2,355706.8,472.004
4570.4,398563.1,630.504
7449.0,1190320.8,1906.329
4921.3,534414.9,737.98
5153.0,593579.9,942.522
6711.1,871147.2,1347.18
2461.9,184161.8,204.548
5556.8,637801.4,964.679
3616.3,318608.1,414.078
2341.7,156658.6,157.135
2257.2,146530.2,157.135
2647.0,196576.5,231.121
5135.0,596678.0,805.581
4660.8,426974.1,575.455
4533.6,447550.5,609.129
8947.7,1457883.6,2529.364
2370.0,170836.4,188.799
3942.9,384215.5,513.546
4747.0,494655.1,671.017
2931.5,230565.8,290.059
4133.6,412244.2,537.15
2367.8,146853.7,157.135
7255.6,1036984.1,1635.492
2973.7,265118.8,303.121
10107.7,1514313.7,2698.803
4327.7,361771.6,511.464
6308.7,772737.2,1202.264
4208.8,364697.8,502.95
3993.1,391753.8,512.178
3324.3,244691.1,327.922
4215.2,400237.7,577.929
4399.8,521532.3,678.392
3304.5,245948.1,279.056
3672.9,362849.5,474.696
3233.9,258143.5,321.105
10440.8,1670258.4,3350.145
4023.3,381631.1,488.4
7589.0,1065675.9,1823.948
3764.6,381270.1,448.449
4561.5,468824.7,647.041
2445.8,171283.4,181.011
3412.4,279956.6,366.189
4435.9,450338.7,622.112
7343.9,1122913.7,1884.875
4843.4,453400.8,627.878
7290.9,953495.0,1601.339
5334.4,615070.5,879.906
7678.4,1233071.7,1948.82
3833.2,388184.5,500.629
11080.4,1979384.0,3603.787
3338.9,302001.4,355.052
3076.0,257845.2,283.087
2377.3,177978.4,197.999
11120.6,1780801.6,3435.895
5893.7,672146.8,1016.22
3560.0,331688.5,401.087
6887.0,931870.1,1436.611
5553.2,627612.2,913.847
8554.1,1485850.6,2560.506
2390.7,148273.1,157.135
3743.5,352652.4,423.941
3297.3,312589.2,361.659
2139.5,157763.5,157.135
6516.8,798412.0,1233.945
3695.5,348498.2,422.223
5612.4,616745.1,952.911
10586.4,1851251.9,3516.425
3404.8,323622.9,394.953
3519.3,285515.1,373.919
4252.7,442540.9,577.715
6077.4,710777.2,1163.37
3576.4,271925.7,332.531
3281.0,267064.5,315.751
6492.8,763075.1,1230.828
5307.0,513137.4,712.369
2270.1,153017.2,157.135
2505.9,174382.3,195.566
7281.9,1084180.2,1760.41
4718.5,499307.9,725.865
2769.4,274593.3,284.062
3937.6,356722.1,457.655
3905.1,380797.4,530.657
5698.5,612424.6,949.922
2359.8,176615.0,175.707
2926.7,228071.8,266.593
4553.6,445898.3,654.208
4148.9,391747.7,484.439
5400.2,566915.7,832.4
2486.9,187218.5,194.919
4552.0,528121.2,700.126
6582.7,820399.4,1265.422
4781.8,617671.6,777.262
4061.3,401717.7,587.314
4010.5,361254.3,485.984
3064.7,230730.9,267.907
3905.6,427920.6,495.429
6899.3,986694.6,1449.033
3830.7,395437.3,477.003
2938.7,216786.7,256.301
3501.1,281760.9,353.098
4384.4,437187.9,617.275
3373.7,302570.2,388.554
4687.5,589821.5,776.314
5234.9,554019.3,800.159
5586.7,706181.2,1074.794
7360.6,1041919.7,1653.587
6296.6,700066.7,1171.472
2748.7,219775.0,247.285
2820.5,211648.0,253.48
4125.0,375675.5,493.925
3298.6,290642.4,364.981
2490.7,186138.8,209.781
3388.1,304541.7,367.781
3552.1,298100.0,358.18
3324.6,256762.3,305.516
3583.8,332698.1,407.057
6385.3,819457.7,1357.185
4620.4,470987.2,616.474
10348.9,1950073.5,3848.703
4420.5,436175.9,602.364
3629.1,319113.8,415.583
4310.5,396586.0,526.778
4791.2,518633.0,645.585
4689.5,528345.8,745.624
9498.7,1442283.9,2799.176
2841.1,243043.6,265.656
5709.0,680310.4,1049.174
4554.2,464252.1,620.717
2205.7,147959.6,157.135
5617.8,701502.6,977.07
7076.0,880092.7,1458.309
3073.6,247039.7,263.129
4118.9,377690.5,521.26
2246.0,150291.6,157.135
2354.0,190702.6,190.37
6641.7,793454.7,1221.776
3453.9,332008.8,360.525
2628.2,193247.0,214.833
4497.4,470167.4,631.673
3358.7,314424.5,344.617
3486.1,273979.2,359.247
5705.1,594114.3,952.676
2729.0,181912.4,205.861
2864.9,232585.1,253.107
4664.1,407950.0,594.442
6300.1,770586.7,1146.766
6713.7,913154.3,1424.09
2924.0,288367.7,307.192
5982.1,771951.4,1117.54
3170.8,245905.0,279.082
8268.9,1390829.3,2287.465
2596.3,198001.4,210.553
7025.5,921310.0,1531.612
3256.9,247600.3,309.322
9055.4,1424844.2,2659.607
5008.5,584953.9,845.558
2776.0,209767.3,231.513
3213.8,256939.0,344.665
5201.7,655216.8,985.359
6722.2,790283.8,1226.328
4121.5,393107.4,495.942
4486.0,446942.7,544.266
5744.1,658858.7,967.397
4428.0,416461.3,583.863
2462.5,158767.5,185.12
2923.0,245305.6,272.672
4585.3,446050.1,634.561
6522.7,915335.3,1398.299
7508.4,1216863.0,1930.968
5520.4,612577.6,984.048
4831.0,495325.9,661.809
5259.7,692084.0,959.989
2975.2,274069.0,306.774
3933.5,326584.1,464.035
2883.3,225490.7,270.231
2519.0,167870.9,191.92
4862.9,509545.3,686.947
4485.5,460618.1,609.692
5256.3,544980.2,913.818
5360.2,560790.7,815.305
4641.7,487247.7,638.42
5119.2,577414.8,822.237
4013.1,392325.8,507.273
4898.7,512986.4,732.307
3011.8,237742.6,292.436
4443.1,507655.7,707.259
5512.3,617604.1,899.761
3207.2,268084.2,306.05
3805.6,428607.0,547.422
3243.9,268953.8,317.629
3545.7,301145.1,343.482
2482.4,190239.4,212.059
6785.2,842330.2,1456.138
6232.5,815028.8,1239.284
5422.8,569702.0,809.623
9460.9,1463617.5,2573.059
3655.5,332641.2,450.76
14054.9,3091734.0,6043.632
4088.0,358213.6,437.065
4417.1,465181.4,644.91
3479.5,295618.1,381.03
4846.2,537110.0,708.753
5584.2,649336.1,1029.548
4188.1,416514.7,478.972
8204.3,1220641.1,2198.028
4256.4,509030.8,636.625
4462.1,472228.4,652.907
2908.0,241117.2,252.367
4684.9,505410.5,735.624
3918.5,367539.0,471.272
3270.8,281572.2,321.586
2847.4,250833.8,280.812
11724.4,2368200.6,4521.665
3726.3,329657.6,424.585
2336.4,157147.6,162.269
3018.4,271661.7,299.091
4026.6,373825.2,503.654
5035.7,586032.0,815.67
5260.9,566247.1,821.032
5479.7,625668.9,905.725
3104.5,265275.5,312.234
4777.7,479322.7,690.773
2823.9,224628.3,259.155
3242.2,270438.9,318.644
2876.8,220410.8,250.601
2783.2,201291.1,201.486
6190.4,836241.2,1237.812
5362.6,633184.3,914.524
5902.0,723297.2,1153.491
3983.5,394036.3,541.927
5487.0,729103.1,981.892
2295.8,144999.2,157.135
5959.1,702358.7,1052.596
4440.8,456934.0,605.582
5199.2,590544.2,870.301
4669.4,486481.1,713.164
2646.5,203705.5,236.98
2186.2,148397.9,157.135
2912.2,244140.8,295.776
5417.2,615786.2,827.756
5807.7,624380.6,915.616
2179.2,161444.8,174.342
2783.9,213814.3,238.12
3086.7,259669.2,293.122
3568.0,312531.1,393.663
2305.0,174034.0,175.171
2400.1,150191.3,166.903
2982.9,249886.4,270.732
4409.5,423037.3,562.821
2465.5,186557.6,202.756
3690.1,358879.3,478.244
6369.8,744996.7,1232.181
2326.9,159122.8,183.89
3922.1,337329.0,444.555
5671.7,798206.1,1199.074
3388.4,291362.0,374.789
3164.0,255959.0,330.672
6444.1,809954.7,1340.926
3649.9,322350.9,410.214
6478.8,802007.0,1278.658
4983.2,524485.4,741.855
3668.1,337946.7,398.277
4923.7,580580.7,772.81
5058.7,544121.6,679.733
6517.4,712828.0,1195.336
3235.5,269339.5,337.489
4132.0,425723.0,542.754
3933.5,376130.4,499.633
5506.3,658074.7,926.047
2600.4,208866.7,229.81
5964.6,834579.2,1191.58
4521.5,569687.1,764.533
2365.6,180602.0,181.659
6938.6,854657.1,1390.187
9992.0,1682099.7,3177.706
6095.0,752154.4,1177.126
7343.1,931703.5,1658.158
4063.1,455286.8,562.421
2237.7,158300.0,157.135
2316.5,149900.4,157.135
4584.5,503702.2,644.852
3347.5,264837.6,325.828
2973.3,202500.5,251.235
4091.2,404322.3,499.137
5089.3,558498.9,862.256
2244.5,155381.3,162.823
3684.1,302839.3,365.657
7603.5,1080329.1,1772.703
2668.7,208816.1,220.714
5605.3,722051.5,1058.273
3349.0,301049.7,355.243
5239.4,547108.3,815.096
6362.3,824257.9,1271.293
5395.5,598809.0,954.179
5826.9,777871.9,1092.413
2694.6,177631.3,207.55
6573.8,806722.0,1288.137
2960.6,216286.3,264.082
4617.5,456287.3,647.174
4324.8,473175.8,646.498
5022.9,533058.0,776.201
4884.8,526764.9,688.836
2878.2,235007.8,265.979
2466.5,163835.2,176.9
5935.5,697877.1,1060.482
4552.2,479668.4,609.85
6506.6,878988.9,1325.754
4158.1,367425.0,506.436
2187.7,156385.3,169.19
6039.1,764272.5,1143.738
3621.6,320916.1,389.539
4746.0,473559.1,691.644
3288.9,273779.2,311.581
7876.8,1105303.1,1975.544
2808.1,242826.5,259.05
3340.4,330703.3,400.019
4220.7,405441.5,572.517
2686.4,192806.7,217.73
4812.7,482060.1,685.272
7397.8,1140850.2,1924.642
3514.9,288844.0,353.606
4608.4,487739.6,721.907
2224.7,142239.1,157.135
3932.2,401276.5,508.81
3662.6,331883.5,407.959
2949.3,237429.3,271.461
6491.7,814905.0,1255.13
3857.1,314509.8,403.642
3865.3,360349.3,455.055
3430.0,356394.5,387.404
2277.1,161733.7,157.135
2799.1,190196.7,210.856
6179.0,724708.4,1139.105
2321.7,132184.8,157.135
2815.4,257667.8,283.12
3532.6,321796.5,380.434
8162.1,1199021.7,2140.173
5420.2,611704.8,975.422
3261.6,263832.3,335.098
6942.3,949152.1,1502.315
2957.3,247250.7,289.068
6182.9,794305.7,1184.039
2347.0,167422.4,175.62
6476.6,839319.1,1246.871
3501.1,313855.5,378.473
2740.7,214999.7,229.195
3893.5,313505.3,440.738
4672.0,450064.6,656.526
3346.9,285746.3,352.386
4699.1,603909.0,820.474
3297.8,302008.3,328.196
5058.8,592324.8,865.589
4866.5,516373.4,749.823
4046.8,349069.5,499.871
3607.8,314475.6,367.873
4675.7,429443.7,593.226
4916.1,661808.7,818.031
8897.8,1457705.6,2765.737
6044.8,815033.0,1119.382
6114.1,779739.9,1152.863
13518.8,2785331.8,6326.456
5027.3,564847.6,795.732
5087.7,568686.0,775.901
5166.1,623239.4,925.948
2615.0,217825.2,232.832
3330.1,313218.8,367.126
3304.1,297607.5,349.158
5454.0,607290.1,884.802
3759.9,337395.8,456.268
4329.9,435970.6,586.894
6928.7,814202.6,1261.218
5568.8,635867.0,1052.65
3729.8,363760.1,460.87
3205.2,258655.3,305.973
6716.8,780087.0,1310.773
5675.0,648455.8,979.587
2403.2,150149.3,157.135
3647.9,360288.5,407.922
4036.1,450345.8,599.945
5614.4,696613.3,983.494
5763.4,715635.9,1093.243
4842.3,437747.9,660.007
5376.5,603797.1,841.43
3934.9,403727.2,552.878
3287.5,254950.6,305.023
3818.8,320924.6,425.342
4064.6,406742.6,533.124
4016.9,412897.1,510.556
2363.5,159789.8,157.135
3217.5,335405.6,381.12
4255.0,452565.8,549.355
3811.4,301448.3,418.506
3686.3,321656.4,430.321
5104.8,500951.0,777.997
2656.4,206080.2,220.063
2166.5,147314.3,157.135
3438.3,312113.1,396.572
5720.2,648142.8,971.899
7863.3,1211279.2,2045.619
5268.8,615410.0,986.112
2272.5,145872.1,160.801
3645.4,344657.2,435.364
4319.2,501545.2,645.659
4402.0,448328.2,605.812
5236.4,544799.4,810.845
2826.1,199067.6,250.734
4019.5,437817.5,553.237
4934.6,505978.2,736.706
5940.2,643714.9,1021.33
3226.8,218561.2,274.271
3766.8,298214.3,397.536
2147.4,145352.5,157.135
3292.1,264987.9,318.178
3342.0,268743.7,344.061
2587.5,209397.2,230.848
4418.1,439989.0,599.992
4313.9,431526.3,501.88
2345.0,140050.1,157.135
4279.9,463735.9,624.61
2812.6,221957.4,248.466
5068.3,520039.9,776.555
2274.8,176024.1,186.867
3864.8,424165.5,537.878
3668.2,335144.1,417.902
4648.2,521619.4,670.296
3992.1,389089.4,580.531
3744.7,325602.1,427.439
2334.8,164182.0,157.135
2233.7,161662.1,159.646
3237.3,282273.9,327.96
4166.8,423528.4,521.535
3254.7,245750.9,321.584
4917.6,623387.1,868.971
3521.6,352657.1,419.231
2726.3,207928.9,241.227
3529.4,381635.0,419.612
4746.1,467655.9,629.843
4777.5,442358.5,682.167
8332.3,1369769.1,2385.689
3094.2,250897.2,306.241
4150.5,404711.5,494.839
4727.9,541545.8,740.158
4188.1,382718.9,515.209
3529.8,312517.4,350.723
2346.9,159843.5,157.135
3350.1,276318.7,347.848
2787.2,198830.8,220.996
2189.3,156501.9,157.135
3275.4,235354.3,276.499
2705.6,200435.6,225.787
5412.7,584359.0,840.44
5131.3,559221.9,852.243
2896.2,199918.0,253.41
3760.3,342571.1,425.698
2154.0,138072.3,157.135
3222.3,276976.7,352.503
4759.9,473879.1,724.144
5955.1,627493.3,1020.727
2849.2,258242.1,295.539
6153.2,780034.8,1225.548
2355.7,150551.1,157.135
2352.8,167691.8,192.093
5718.7,612189.3,930.171
7659.2,1198148.3,2018.709
4805.7,548847.8,781.416
3996.8,406434.2,508.231
2409.4,160048.5,157.135
2179.0,150597.6,157.135
4016.7,396675.7,582.74
3344.3,306008.9,393.423
2716.4,195284.1,215.347
3974.3,401707.5,553.5
4488.6,409032.6,576.073
5995.3,738538.4,1123.898
4311.9,493678.3,586.127
6783.6,862524.7,1412.925
3970.2,402345.7,528.42
3922.3,348046.9,478.425
5982.1,846115.3,1237.914
2907.6,222563.2,238.631
12190.1,2558371.4,5072.684
4837.5,545785.1,710.43
4570.8,500927.2,713.627
4942.6,553199.7,801.613
8576.9,1462681.5,2383.301
6335.9,688753.1,994.395
2234.2,136491.4,157.135
6960.8,1012208.6,1627.031
3499.0,312132.9,398.903
4017.3,448672.0,572.381
2424.5,179099.6,187.259
5439.6,515184.9,802.328
3185.5,266609.0,310.599
4411.1,431562.0,569.168
3514.0,339442.9,417.587
8803.8,1425355.0,2477.055
9157.2,1548600.4,2594.014
4044.5,421146.5,545.081
4260.6,417669.7,552.807
3603.0,333262.0,388.576
6520.9,913701.3,1280.216
3557.5,338996.3,402.772
3602.0,308265.8,373.864
5999.4,768812.2,1155.284
3243.9,286588.1,340.233
4263.5,391068.4,509.292
2138.7,169946.1,157.135
5069.6,607197.3,926.079
8627.8,1482324.2,2508.907
5549.7,633333.1,938.88
7752.5,954067.0,1705.34
2830.0,229839.2,265.488
4832.9,453648.7,635.177
2797.3,224325.8,245.513
3710.7,347240.4,436.982
5391.4,625818.2,978.262
4603.0,460123.4,569.926
2298.8,170041.3,168.173
2280.6,185632.8,181.937
2584.1,166280.7,172.494
5060.2,548596.2,780.171
9691.4,1568881.3,2770.411
7567.8,936204.2,1574.134
2291.1,153503.8,157.135
7532.7,991992.7,1650.281
5972.3,680594.1,1116.661
2302.1,153483.8,157.135
3611.4,322069.9,411.207
6348.8,801495.9,1269.445
5125.4,581357.0,818.15
2373.2,183445.9,182.809
5333.0,568851.6,858.897
2280.8,149963.9,157.135
3859.7,333747.7,438.726
6631.0,799876.2,1313.609
4459.5,393243.4,532.867
3485.8,287378.1,351.199
5799.1,731410.2,1075.109
6162.8,762624.8,1151.713
7330.3,883657.1,1509.02
5595.4,750481.9,1062.187
6847.9,842780.7,1255.054
5322.7,613857.3,947.762
4714.5,505069.6,650.304
4237.5,431105.8,564.299
3706.1,340872.4,433.651
2379.7,186523.9,197.63
2883.4,215960.9,243.121
3464.1,343000.0,418.289
4251.3,472167.5,637.807
7649.2,996603.5,1676.74
4316.2,352150.7,507.636
5961.3,784951.8,1178.685
6571.0,787982.5,1252.973
3842.9,358517.0,435.687
5173.8,601720.4,847.857
3907.6,336267.4,431.466
6916.0,988175.2,1523.803
5390.0,609405.3,876.448
2405.5,187344.1,201.146
4154.9,441214.6,598.019
8318.7,1260234.5,1981.62
3883.2,343707.4,453.681
4866.3,525745.3,753.15
5495.4,535056.6,815.152
2903.2,212788.6,227.7
5108.9,540479.2,792.372
2198.5,159199.4,170.741
3161.6,260628.6,317.112
6097.0,803501.0,1249.35
4734.9,473318.9,699.916
3481.6,294074.1,410.784
4663.1,546223.0,752.389
3643.4,346498.1,500.206
4134.6,421202.9,530.376
4856.6,660958.5,891.39
3009.4,248423.7,292.148
4270.2,438464.4,542.374
3500.5,326934.1,408.213
2140.6,165204.6,157.135
2812.3,216166.2,250.047
7436.5,977613.2,1858.033
4807.0,510986.3,715.87
2300.2,185739.9,180.686
2226.2,156643.3,157.135
3851.9,362932.6,479.649
7661.9,1113515.4,1847.551
4046.2,372578.2,451.664
6974.6,925811.9,1505.328
4804.8,572788.1,697.199
4818.8,528611.4,767.572
2406.9,177905.6,178.928
5896.8,761156.0,1117.672
3574.6,311490.3,400.825
5938.0,683709.0,1052.6
2885.1,249208.1,272.409
4319.1,452001.5,605.548
4618.2,510886.0,697.24
3763.4,334016.6,463.735
4843.2,536957.0,727.398
3617.3,342034.1,423.587
3340.1,262601.7,311.179
8686.2,1147609.2,1914.698
6095.7,771334.5,1222.685
3042.9,237972.6,284.367
5355.9,570602.8,830.112
2997.4,242321.5,288.565
2436.3,207998.4,202.088
6644.1,815999.1,1207.854
2297.7,145299.8,157.135
6012.6,805673.8,1108.105
3911.1,332859.1,428.281
3869.8,349807.1,442.731
4810.6,545305.0,730.456
4966.7,527691.3,838.689
2871.7,232219.6,269.75
5726.1,617924.5,936.236
4395.6,435130.0,575.256
2445.0,181452.2,190.793
4095.3,357420.5,457.852
7084.7,969382.5,1598.192
8353.8,1244507.7,2027.633
5504.1,645396.0,935.951
2732.7,186219.6,201.169
5131.7,553353.8,779.639
5768.0,759501.9,1042.275
5435.2,644718.0,942.278
5603.1,647199.4,988.36
4595.1,459920.0,703.596
3757.6,355638.7,495.264
3237.6,264203.0,321.553
2188.3,151684.7,157.135
4586.2,484681.6,690.329
4388.8,459348.0,609.958
5126.4,557440.1,822.873
2384.4,161455.1,178.666
5680.7,625648.0,882.952
9602.4,1612243.6,2749.616
4588.5,398424.7,559.292
3916.6,389446.6,499.572
4775.5,444197.4,673.491
9126.9,1378660.0,2700.842
2645.1,200916.6,230.094
4832.4,483019.0,618.449
2871.1,229936.8,275.614
2998.0,270109.1,337.854
3893.6,388436.8,504.458
6489.6,956043.8,1555.05
8127.8,1229279.0,2241.444
4729.7,590244.6,753.409
3515.9,309894.0,387.59
10279.0,2008423.8,3914.171
3608.1,297839.4,371.995
3011.6,283176.9,331.347
2224.1,162222.8,157.135
7079.6,1070172.1,1617.384
6238.9,719413.2,1145.69
10978.7,2010532.1,3684.793
2447.8,167993.2,171.336
7248.1,1076147.1,1700.36
4126.0,416931.6,555.557
5748.6,666912.0,1005.348
2329.4,159813.6,157.135
7630.9,1081971.4,1713.996
5682.7,718862.6,989.605
4060.3,394310.7,508.818
5291.6,603576.0,883.02
3051.3,216106.7,283.307
3509.7,254208.9,329.137
3357.5,291136.4,361.39
2203.1,144339.7,157.135
5681.6,726763.3,1051.469
6708.4,808391.0,1371.636
2829.6,248404.8,298.339
4676.4,489650.4,695.108
3803.3,358287.2,423.879
4567.0,479878.2,684.033
3197.0,273227.5,316.613
3114.4,228724.5,257.622
6327.0,825311.0,1225.766
3641.2,400867.1,498.685
8723.7,1471927.3,2678.671
4121.6,378925.8,544.991
2724.6,217815.1,248.917
6727.2,882129.0,1411.271
5207.1,609897.2,872.893
5738.3,616496.5,943.163
6320.1,913197.1,1370.539
3115.2,262987.3,310.243
3915.9,352210.9,473.852
3865.9,350320.7,457.271
2443.4,191818.6,185.532
3336.6,349175.3,424.546
7024.9,998562.4,1541.395
4469.3,442852.3,635.696
2459.1,162392.9,177.443
2301.1,147400.2,157.135
8069.5,1181852.7,2008.412
3989.9,374415.9,488.168
3322.9,257346.3,311.593
3831.4,329456.9,421.002
2278.1,148434.1,159.633
7900.2,993078.3,1652.968
3401.2,328503.8,382.483
6761.3,896266.2,1580.417
4170.4,421122.3,547.343
7161.4,1078100.6,1661.565
4106.0,468078.4,645.69
5614.5,675838.2,1044.27
5535.2,666557.3,937.268
5240.8,569601.9,867.627
4557.5,500438.7,694.958
3726.6,327072.4,435.195
8885.2,1253530.7,2458.008
2917.7,221400.9,252.786
3989.7,376872.0,526.852
4257.1,403958.4,531.363
4600.5,548678.5,726.165
3368.4,332992.4,371.42
4965.0,492699.3,676.616
3664.3,377814.0,458.233
2177.3,155581.7,157.135
3901.5,395164.1,529.084
2537.2,178841.3,216.264
2247.9,165429.8,157.135
4441.7,414921.1,586.255
4970.3,587564.9,777.93
4987.2,577502.8,802.649
4886.4,549586.4,829.26
2171.4,154906.6,157.135
2219.7,185205.1,175.317
9321.5,1542958.6,2575.809
2767.4,198641.6,225.766
5218.2,572792.1,858.965
3153.4,258378.0,301.823
4370.1,417961.5,559.844
3178.8,282593.9,315.168
5417.6,596641.6,825.507
4144.5,401765.1,586.209
3363.7,306803.9,365.83
2626.8,201597.4,225.227
4671.2,476655.5,651.482
2366.9,185466.9,197.574
5143.9,559946.8,740.968
12042.6,2285968.7,4359.643
7551.1,920850.6,1558.622
5449.2,634288.3,936.705
3861.8,370435.4,490.025
2295.0,140208.5,157.135
2499.4,169748.9,180.876
6658.9,1003835.0,1476.246
2744.2,220858.3,277.822
2865.7,254746.9,298.843
3862.6,358773.9,459.413
2832.9,204784.5,223.082
2366.2,172990.2,195.349
3960.6,360863.9,504.098
2813.6,210309.0,255.945
3273.5,265361.3,288.951
3264.8,230329.6,279.746
5129.9,546808.2,799.848
3857.5,382937.9,435.449
3937.3,343936.0,454.654
4938.0,598414.3,849.4
3968.3,385257.7,468.239
3506.9,352019.8,419.558
4905.4,507263.1,767.077
5598.4,594329.3,899.602
3863.6,369664.0,466.343
4411.5,464387.2,560.266
3141.1,232800.9,279.611
2692.7,224239.5,262.387
5106.2,671265.4,975.849
5121.3,550125.1,751.469
5151.0,555491.1,757.767
4623.1,459920.6,658.385
4228.9,401611.0,544.945
5606.8,634011.1,920.291
6168.2,779225.6,1115.499
5827.8,711847.9,1094.236
4076.6,374731.2,484.071
7047.4,930041.3,1605.568
4524.2,509155.5,631.164
5314.6,606508.8,874.003
4423.5,506768.7,659.04
4381.7,470146.4,640.669
3321.9,250186.0,290.18
5230.8,583742.7,923.962
13052.1,2251133.4,5200.37
3595.9,334706.5,388.153
4195.7,420722.3,555.942
3506.8,303366.1,366.445
3401.2,274570.3,354.303
7353.4,1035757.5,1822.798
3183.3,273563.2,305.24
3302.9,321711.2,358.305
2396.7,147844.2,157.135
3063.4,254022.3,285.113
2173.7,153964.8,157.135
5343.7,598012.2,873.6
12167.7,2670250.5,5012.74
3561.5,308966.1,390.7
2215.4,162269.4,157.135
5681.5,728961.2,1084.379
2948.0,250331.9,292.252
7603.5,990905.2,1496.072
3660.7,338652.3,418.284
3113.6,265106.1,315.534
3712.6,382426.6,454.879
5651.0,694587.4,966.948
3634.4,367150.8,437.103
3201.7,239285.6,351.826
3766.8,360004.1,447.291
2443.8,178200.4,188.379
4715.9,516218.8,723.007
2157.2,157230.3,157.135
3363.7,304597.2,367.061
5445.8,675722.3,968.202
4506.0,480238.3,670.267
5241.3,631312.4,844.877
4351.3,399138.6,498.213
6905.1,874443.5,1347.697
6410.4,744832.2,1106.18
4781.2,565550.7,752.195
6349.5,766161.8,1108.721
5579.5,645790.7,961.235
3560.9,316866.7,368.442
2421.6,169789.1,177.753
4774.5,577761.9,736.729
5240.7,601400.6,815.291
6465.2,783735.0,1264.289
2610.7,245959.0,246.87
2821.9,200898.2,252.889
5092.9,555947.9,760.582
4015.1,369297.6,495.761
2277.9,167558.3,157.135
4612.3,516347.3,710.345
2258.5,146574.3,157.135
2781.2,214764.9,245.099
6987.7,923400.2,1560.521
8296.2,1278639.9,2285.014
2597.0,179846.4,197.107
3628.1,311803.7,402.619
4197.9,417081.3,543.374
9092.2,1287244.0,2206.026
3414.3,277194.2,352.921
3537.7,270947.8,357.496
7710.7,1103614.7,1829.09
3464.2,322872.9,388.155
5239.8,661446.8,939.619
2275.2,158778.1,159.654
3428.4,387818.0,457.351
2260.0,160304.6,157.135
2704.6,231788.7,224.274
5680.8,803023.2,1032.528
3990.1,355035.5,504.329
3417.8,291986.1,405.97
3194.2,246951.5,287.157
3688.5,356112.8,439.493
4437.5,484268.1,669.223
6205.8,781477.7,1159.316
2245.4,150462.0,157.135
2881.0,226183.0,268.575
4276.7,431698.2,596.85
3925.8,371872.2,484.818
5073.4,541606.7,726.713
4637.7,464262.8,651.359
3608.9,324178.4,410.655
3419.3,293281.9,343.386
3705.5,338348.9,430.78
6596.8,887807.7,1325.077
3060.9,238502.5,291.057
4079.3,363212.1,499.113
4322.1,457480.7,608.627
7321.4,1117118.6,1846.307
3754.3,315902.7,412.167
6386.5,794444.7,1137.008
6426.2,975384.2,1417.013
4011.3,372337.8,498.732
3686.8,376458.4,443.026
3707.6,287448.2,402.729
3722.6,358227.6,427.212
6586.0,665247.2,1045.118
4431.2,487865.3,632.462
4777.6,444047.3,634.648
2772.1,193140.0,212.008
2826.7,206031.4,240.746
9706.7,1577403.3,2953.844
3818.2,391171.4,454.927
2991.7,241625.1,281.197
7611.3,1119320.3,1663.665
4420.6,470923.7,658.892
5125.2,626179.2,836.634
3821.8,337650.5,469.748
3354.1,321345.4,406.112
3949.7,349378.6,457.958
2442.4,177274.5,172.275
3845.2,381790.4,489.11
4797.6,436484.8,666.489
8084.4,1236239.5,2332.616
4234.4,402264.8,562.705
2224.2,159800.3,157.135
3948.2,392271.4,486.728
12364.4,2306535.1,4775.377
5775.7,680916.4,1055.381
2901.9,245996.7,273.13
5162.8,553865.8,845.412
3200.0,253861.2,288.72
2314.0,170390.4,176.339
3886.3,315439.4,396.508
4133.4,433196.4,565.217
2257.1,153289.3,157.135
2631.2,195640.5,207.958
4055.7,377004.3,529.418
3663.6,317305.2,377.851
4896.5,543577.6,721.714
2484.3,185902.1,197.264
5756.0,653776.2,933.514
2435.2,185602.0,202.239
7744.3,1207098.3,1973.05
2286.4,153007.2,157.135
2716.8,186887.2,217.664
4897.5,545879.3,734.955
7949.8,1078753.7,2007.534
4592.9,497478.8,676.778
5363.9,564519.5,826.383
4155.0,395914.5,532.499
2609.5,208336.4,229.584
3231.5,281696.4,353.698
2664.0,188022.4,197.703
2371.7,176042.1,187.341
4857.0,502929.8,725.76
2743.1,207486.8,212.358
4749.7,496985.7,679.243
2346.1,178488.1,183.884
4421.3,520199.7,666.677
3616.5,313325.2,354.113
6908.7,1020620.4,1631.16
4553.7,485837.6,681.527
6824.3,826790.7,1421.364
2987.3,248501.6,285.565
4276.8,438440.6,549.328
2595.0,216476.8,238.123
3430.0,258115.7,376.2
3777.7,353123.0,425.055
3134.2,262669.1,292.503
2447.2,180111.0,197.131
2219.3,169082.7,168.054
2254.7,157373.3,157.135
2533.2,195776.0,224.109
5539.2,639331.7,870.571
2249.6,143143.7,157.135
2289.8,165236.0,174.316
8061.5,1260272.2,2223.288
3082.8,254846.7,314.346
4368.9,499932.9,680.06
5399.2,646733.1,881.033
5168.0,653166.2,895.499
2271.5,158128.1,157.135
3803.9,316882.9,435.823
2323.6,142654.4,157.135
11061.3,1954336.4,3770.444
2338.4,152248.0,157.135
2831.6,198706.0,225.651
2714.6,225126.9,226.971
2264.4,153340.1,157.163
6892.0,983844.9,1561.669
10425.5,2005207.2,3698.605
3550.9,295396.7,357.824
2459.1,194521.6,181.148
2297.8,145504.1,157.135
3617.0,331826.4,431.264
3838.6,311434.3,406.868
3114.4,284440.7,310.619
4326.5,480644.7,627.571
4682.9,502636.9,721.925
4956.3,472200.5,681.178
3441.1,349928.7,406.947
2543.9,200365.0,216.079
6000.7,659906.0,897.889
4264.5,402364.6,530.348
5676.2,728232.3,1074.252
5380.3,676336.0,992.448
2155.1,155158.7,166.942
2301.6,157655.7,165.274
3102.8,231821.5,285.589
2837.0,207681.2,224.124
5135.6,676741.5,964.982
4464.6,527581.8,696.85
6333.0,840750.9,1273.197
5359.7,513634.6,722.689
4605.0,494930.8,621.167
6726.0,907240.8,1380.66
4701.6,580894.9,766.63
3858.5,449784.6,554.647
7431.6,1033288.3,1731.17
4263.4,439638.1,576.096
3576.1,342000.0,410.83
2871.4,220230.9,267.266
5264.5,595384.1,925.21
6468.8,832879.1,1422.816
4232.6,385398.6,504.052
6680.5,914956.6,1506.439
2210.9,141944.9,157.135
3989.7,389169.1,502.08
4136.0,388256.8,508.333
2946.5,265788.1,292.236
11104.3,2058801.0,3585.358
3887.5,392463.9,497.753
3444.8,297255.7,377.986
4409.7,420469.8,536.127
2150.5,152579.8,157.135
3096.5,242351.0,284.595
6321.9,722802.7,1159.619
3211.0,260757.6,316.264
2912.3,232528.5,269.2
7540.9,969504.7,1508.395
7008.6,974518.3,1546.216
5073.9,612098.4,796.394
3356.1,308768.0,363.823
3732.9,350415.7,432.879
3071.5,234752.5,274.618
2706.8,200150.8,235.511
2465.6,198431.4,226.274
3251.5,259519.5,319.052
2579.4,180755.2,228.049
2302.8,145008.3,157.135
4463.7,499627.5,626.574
4664.1,474365.2,634.293
7807.1,1176164.0,2067.563
3055.4,265424.0,306.382
4541.9,439453.1,666.525
4368.2,496714.9,675.508
3856.7,362316.3,427.896
5168.3,642991.8,956.529
5835.2,603959.6,980.644
4742.4,484293.3,683.558
3657.1,361927.6,427.275
3587.2,322054.7,393.591
2385.0,154401.9,174.368
2906.3,268026.3,274.227
3218.5,251787.3,318.038
2675.1,191617.4,212.222
4697.9,504747.5,748.436
6710.4,822207.3,1377.212
2551.5,217944.6,252.557
4240.4,496134.5,659.76
2755.3,219227.2,228.161
3553.9,322595.5,410.637
2990.1,243890.4,301.0
5196.8,604430.4,852.795
3059.6,265088.9,303.812
5904.6,777869.3,1186.485
3466.2,346423.9,430.704
2907.1,261871.7,311.043
2540.0,179319.6,191.216
4449.4,467062.2,643.877
6093.0,752182.5,1080.209
4483.8,533755.5,654.401
10216.2,1710787.2,3189.865
7233.7,1006050.5,1661.907
3616.4,332560.1,409.776
3608.2,315564.2,406.323
4850.4,563051.8,766.611
2775.3,238427.7,267.223
6741.2,831481.0,1343.947
5038.4,528759.6,702.654
4842.1,472762.3,645.568
5271.5,593888.0,913.303
7944.8,1237226.9,2104.61
4281.7,452309.5,602.581
3876.9,390504.4,479.311
7489.3,1103876.0,1771.059
5798.4,742958.1,1145.048
3384.1,317904.3,405.358
4103.0,401709.5,527.226
3838.7,462400.0,614.56
4708.6,517886.1,702.774
2277.8,169480.3,175.943
2306.3,151818.3,157.135
2980.1,237464.3,256.8
2891.4,207803.5,241.281
3109.1,299220.2,312.495
5042.9,626196.8,875.649
3695.0,339342.9,458.201
4474.0,458600.7,615.063
2336.0,188971.2,195.738
3587.1,292129.7,361.915
5109.2,542484.7,842.794
5298.2,557757.9,848.037
2841.7,257817.7,292.806
4202.7,406992.5,598.085
9183.7,1536835.1,3088.716
4226.6,406585.4,517.633
3070.7,253219.5,300.307
3898.0,345668.5,456.42
4251.7,414465.7,565.514
3917.5,337408.9,464.807
3980.9,401941.1,511.926
2265.6,151615.3,164.049
2762.3,209532.7,241.691
3910.6,369946.1,465.494
3889.7,355283.0,459.555
3639.8,268279.6,332.671
4069.7,323339.0,455.225
3900.4,424116.1,551.488
5814.2,713137.2,1075.167
3862.9,365938.2,484.682
5051.4,491636.4,724.215
3243.9,282521.2,339.329
5242.1,592982.8,832.558
4329.9,512565.4,710.701
5451.9,759313.1,1054.914
5922.8,656893.4,933.023
5190.7,582020.6,843.798
3773.6,389849.2,484.993
4554.2,469960.8,639.602
6013.8,796500.1,1237.113
3106.6,280537.7,310.424
2993.1,255250.6,316.401
4259.7,450535.4,607.69
4750.8,555308.8,733.718
3066.0,238991.2,270.236
4039.3,374519.6,494.327
4036.2,345982.0,486.723
2233.2,136142.9,157.135
3865.4,385495.6,439.869
3703.6,367343.4,462.509
3720.0,350636.4,461.401
7348.4,1015000.7,1643.43
2475.8,174349.2,197.084
2929.4,231385.3,270.124
2220.9,145499.9,157.135
3539.5,273575.1,356.337
3670.9,279211.1,381.686
3244.9,266033.1,348.088
5951.1,860495.6,1281.942
5617.9,663689.6,1050.503
4067.9,432351.5,559.025
3638.5,330692.0,389.463
6410.6,776452.9,1200.46
3890.1,389409.5,516.733
2851.2,237790.7,271.511
2107.1,149364.8,157.135
3439.0,319886.9,367.893
5528.5,715271.0,964.509
10554.3,1867820.3,3288.287
4273.1,374069.5,551.753
3076.0,239129.2,283.339
2383.3,186518.6,202.043
4977.8,584823.1,819.154
2322.0,139890.1,157.135
4992.1,523191.0,818.092
5322.9,724032.1,1014.8
5031.7,515749.9,746.241
3654.7,322565.6,439.845
5353.7,545305.8,827.771
4374.4,455789.0,602.573
2953.5,232640.8,280.439
9095.6,1335931.8,2332.521
3366.3,303877.8,395.452
5915.6,605003.4,981.058
2179.0,163766.5,157.135
6879.1,929994.6,1468.744
7436.1,1014912.4,1714.938
4065.6,397607.2,537.803
4964.5,617572.3,823.666
5042.5,591086.7,823.496
3028.4,280120.8,312.757
5510.0,553275.6,815.97
2893.7,238289.9,273.628
3349.1,275869.5,321.452
6704.8,805418.3,1302.001
6140.4,746881.5,1151.626
3057.4,246583.5,297.132
3064.2,254499.0,290.69
3223.2,247150.4,312.049
5511.7,660664.9,947.556
2565.1,213389.6,234.524
4387.0,498754.4,699.891
5864.6,662674.5,958.468
3549.1,371354.5,488.985
6187.1,742485.8,1184.959
3580.9,338082.0,410.84
3773.1,359161.1,441.908
2633.3,207863.3,238.861
6243.4,748779.1,1191.772
3025.3,242004.3,283.073
5254.1,487945.7,695.987
3991.2,412639.7,495.702
2821.7,206307.5,224.754
3010.9,270514.3,321.362
7431.0,931906.6,1600.245
4472.5,473078.3,617.677
2750.5,202571.8,232.798
4674.0,471780.2,671.5
4124.8,378692.9,466.704
16493.1,3743730.7,8380.524
4442.2,424516.9,660.655
3419.9,310757.1,386.334
7482.1,1006364.8,1648.887
2275.9,149941.1,157.135
3992.5,428858.4,566.491
9317.3,1323016.0,2619.577
3734.1,322412.1,478.092
2275.0,145248.9,157.135
3373.2,314553.0,381.601
7260.7,870278.0,1695.362
4652.4,489107.3,710.895
3096.8,211733.7,267.043
3150.6,254264.4,302.236
3429.9,307766.4,334.415
5306.8,499852.1,702.426
7019.8,943588.3,1543.654
6631.2,822856.5,1226.109
4775.0,537734.7,758.203
2512.4,167839.0,179.517
2316.9,178124.1,180.055
5062.0,578068.7,806.899
2427.7,170591.6,177.528
3836.3,343755.5,437.757
4389.8,478706.6,670.863
2495.7,201285.2,209.905
2771.4,203386.6,229.98
3876.7,400686.2,486.675
4733.6,525660.8,787.878
6249.7,852671.0,1235.13
5193.9,606243.6,856.347
4239.3,399958.0,557.136
3089.8,253828.2,287.748
2704.0,194288.4,221.495
3225.4,288471.1,347.836
4741.6,508905.3,730.565
4856.8,494072.3,688.651
2187.4,159859.3,157.135
2930.7,247566.4,278.737
6251.5,822710.6,1385.986
4214.0,399400.7,559.637
2340.7,162756.9,167.582
9756.1,1859962.3,3505.247
3869.6,379903.2,512.922
4507.0,555380.3,715.646
4953.8,539453.2,724.461
3264.2,306133.6,390.412
3038.3,241556.0,292.099
9887.6,1554333.1,2902.468
6168.1,751819.4,1178.429
5591.4,724171.7,1018.261
5226.3,609763.8,835.377
2842.9,210017.1,233.895
6808.1,943737.0,1469.998
2660.0,242223.1,266.124
4795.6,481956.0,659.677
2271.6,155610.1,157.135
2232.5,157107.8,157.135
4291.7,503653.4,678.552
2914.4,228540.3,273.525
2158.6,147427.6,157.135
4839.5,559146.9,811.698
9549.3,1516001.4,2898.741
7001.5,910984.3,1608.893
3615.2,350793.2,426.697
4224.0,409657.4,528.782
5903.6,663583.8,1073.689
6296.4,815429.5,1296.958
3470.5,317855.9,398.056
4068.2,412992.9,539.689
4567.0,460363.1,668.954
5228.8,534694.6,820.423
3714.7,377091.1,471.633
4127.1,343153.6,476.597
7293.8,963214.1,1596.329
5962.5,859027.6,1391.597
4970.0,541277.4,771.392
8516.3,1228175.0,2098.309
3551.8,338010.1,384.526
7730.1,1052257.5,1941.878
5072.3,593418.5,812.946
15376.4,2909099.0,7328.926
2606.2,198971.6,200.823
2924.9,231763.5,301.238
4721.8,592367.2,735.801
5120.4,507205.4,723.125
8977.9,1501347.5,2527.725
3318.2,274675.1,306.373
6630.6,701973.9,1088.686
6400.4,831954.9,1339.81
5174.2,604706.6,926.42
2745.0,224099.3,242.01
7529.7,971402.0,1632.664
7046.6,848885.2,1413.985
5698.0,605302.5,851.208
4430.4,436674.1,619.017
4564.3,455605.0,629.969
3847.5,382561.9,492.747
4785.3,585992.0,879.946
4131.3,398534.5,538.367
2772.0,250130.6,264.97
2747.9,201549.4,225.514
2799.2,242126.7,286.397
4338.7,457948.1,627.953
4085.6,402478.5,513.744
4523.6,436785.5,624.527
4990.5,564841.4,786.078
3419.7,270599.6,316.679
7853.8,941817.4,1710.654
3569.3,368489.2,423.138
3659.6,325674.4,370.239
5325.5,524935.7,774.491
2224.4,144185.6,157.135
2976.9,243234.1,277.648
6055.3,701714.0,1157.595
2178.5,163275.1,157.135
6272.2,803841.5,1292.207
7919.4,1150157.5,1774.512
3583.2,302742.1,389.827
4495.4,480499.7,664.226
6181.3,877573.6,1293.784
3284.5,291542.6,360.417
5758.9,710080.4,1056.581
3234.0,274300.8,305.689
3256.9,286166.6,357.29
3069.8,224496.4,275.685
4728.4,464181.4,692.003
6553.2,869605.8,1334.966
3953.0,362503.8,452.628
2532.3,186005.6,188.471
2497.2,196477.7,219.399
4587.2,480664.2,721.591
8512.5,1168652.1,2320.716
4857.5,595582.6,721.082
3692.5,320282.3,384.386
5578.8,660577.7,973.522
3972.0,347866.8,432.869
3410.8,292025.7,387.063
2718.0,207392.5,242.505
7120.2,1083037.8,1633.572
2163.6,157612.6,157.135
5903.3,644527.2,998.693
3034.3,279211.6,361.302
3394.4,299452.8,377.192
8461.1,1173331.6,2053.485
3026.4,279873.6,295.281
3243.0,255808.2,303.499
4233.4,346801.4,472.654
4843.4,521226.8,732.871
3583.5,305100.2,367.732
2462.6,143050.1,157.135
2929.6,233754.2,261.329
6834.8,971508.8,1474.511
4366.1,423029.6,557.639
5138.5,514539.1,755.2
3672.0,329412.3,425.289
3072.6,240847.1,308.572
8604.7,1172830.5,2029.226
3747.1,360144.5,451.143
3584.9,287612.9,367.284
6422.7,894256.1,1270.08
3285.9,261435.9,293.329
3108.1,249441.5,325.107
3965.9,368813.6,529.38
4228.8,381179.8,525.141
4336.3,512005.3,647.21
9536.6,1612261.4,2833.123
4978.2,539299.4,688.443
2081.5,152586.7,157.135
4736.0,488918.8,682.945
4355.2,385424.3,541.301
4154.1,418968.4,543.737
4347.7,464544.7,640.122
3997.1,388415.2,513.031
3868.6,419591.0,503.231
5245.8,590650.8,860.492
3248.3,301676.4,339.198
2732.5,200717.5,244.619
14079.5,3217010.1,6004.885
3262.0,247671.7,294.87
4310.7,442403.3,569.156
2360.1,159385.2,157.29
4561.8,420952.6,576.694
2740.4,228509.3,247.487
3456.8,314371.5,367.549
6121.1,757799.6,1218.86
4657.8,524030.0,768.041
5211.7,578842.6,830.089
2143.4,151630.7,157.135
8733.7,1402826.9,2307.249
2375.3,192288.6,200.92
7617.2,1068783.7,1799.606
5791.8,797287.8,1195.973
5297.4,524363.8,836.08
2850.2,223699.5,263.595
4259.4,447834.1,593.25
3535.8,312452.4,359.219
4081.5,411994.1,537.459
3711.3,366541.4,429.265
2217.8,159273.0,157.135
6553.2,805225.7,1296.599
4123.4,377286.5,491.806
3475.4,298914.3,355.223
3200.1,272764.8,334.246
4955.2,544555.6,700.877
2747.9,212860.2,255.486
2170.1,154938.4,157.135
4790.2,539993.3,728.915
5252.4,550762.6,797.751
3598.0,342629.9,447.003
2666.4,190264.2,208.169
4226.1,441526.0,564.038
2225.9,151879.4,161.285
2822.5,195697.9,229.43
2924.2,261343.2,286.706
6291.0,703713.0,1036.477
3505.9,333254.7,391.983
3432.0,311535.9,365.955
9554.3,1574242.4,2537.018
4743.1,531279.2,697.498
4912.5,480415.8,689.969
3256.1,322936.8,389.75
3157.0,265052.7,324.677
2271.2,149084.9,157.135
6304.4,696622.2,1146.147
5048.4,526909.3,753.511
3905.9,366514.2,454.436
4034.1,365228.7,470.058
5602.8,609073.8,950.236
2051.8,141326.3,157.135
3413.1,304167.9,326.379
2499.9,195577.1,210.124
8448.7,1203788.4,2188.817
5857.5,720498.5,1063.312
2239.7,170150.2,157.135
2138.7,157314.3,157.135
3585.0,319775.2,471.911
3245.2,337079.6,358.779
2476.9,155395.7,180.571
8443.6,1388295.6,2516.796
4474.3,462723.6,675.414
5031.3,523964.2,769.781
2967.4,259916.4,300.591
5349.2,575025.4,939.674
3517.0,311846.7,386.393
3686.8,353183.3,417.841
5012.6,569104.2,859.077
2248.1,142267.4,157.135
7902.0,1113178.6,1901.695
4179.5,442735.1,608.159
6906.0,887485.3,1474.048
2574.4,188581.8,220.691
2830.9,226573.8,249.502
2633.6,194991.6,205.834
4488.1,446031.1,642.37
4352.5,398806.5,553.701
3497.8,298779.4,361.108
2816.0,198394.0,231.877
2492.7,178506.8,189.179
4187.6,417565.6,504.908
3439.8,295636.9,360.766
2899.9,242157.9,302.147
7384.3,1106933.4,1826.68
3919.7,376281.7,491.323
6793.1,901100.9,1461.155
3343.7,290691.9,341.62
4366.6,485249.4,639.518
4330.2,386954.3,502.07
2226.3,152046.8,157.135
7263.6,1114720.4,1659.968
3767.2,389626.7,470.844
5303.0,675335.1,958.137
3002.8,248143.6,286.399
3827.9,342315.2,459.712
2871.6,242205.6,261.086
7184.2,894612.3,1421.611
4609.2,475426.7,674.799
4721.4,501091.8,705.748
7297.5,915657.8,1568.721
6467.2,889523.0,1333.216
5683.7,678500.0,972.862
2189.3,161540.9,166.946
2934.3,255095.5,299.705
2740.1,202559.6,233.787
5427.8,575277.6,943.665
4237.8,416412.0,602.434
2344.8,157381.0,171.199
3818.8,338987.0,450.942
2175.3,155007.9,157.486
3917.5,402865.0,503.01
2254.9,151532.6,157.135
4854.4,604070.9,804.027
4644.9,491191.8,711.981
9005.2,1360518.4,2443.223
5745.0,689793.9,1039.769
3380.9,321901.2,373.389
5480.3,681994.6,1015.093
2234.3,163672.8,170.215
2758.1,198150.5,241.722
5067.8,474417.5,686.722
2286.7,161099.2,157.135
3816.5,352331.5,509.536
2786.5,221774.2,230.722
4129.3,438165.4,569.69
2646.3,192496.8,220.279
4735.2,504828.4,739.04
4465.3,445660.2,533.268
6865.8,1059675.1,1622.965
4149.1,399681.5,527.884
2916.8,245541.4,282.59
3810.3,330569.1,430.3
2405.4,169419.2,177.705
5060.5,502929.1,728.332
5333.7,583276.6,844.557
10749.5,2153315.6,3840.606
3574.1,266828.2,318.082
3750.7,319655.4,423.11
3169.6,257952.2,330.115
4487.6,461927.9,622.904
4887.4,492915.8,714.123
4095.3,391590.3,502.921
6457.3,743748.7,1260.072
3312.4,278391.7,319.329
6294.9,717017.2,1162.364
4907.3,567814.8,810.318
4424.3,390577.7,519.961
3894.2,356085.3,407.337
11217.8,1930246.7,3711.205
2944.6,260558.3,271.787
4617.8,498907.1,667.51
2981.4,265040.9,286.817
8325.9,1252742.5,2213.851
5352.2,721499.2,1072.928
3305.2,274755.6,303.92
5266.0,582907.4,793.578
4239.3,485408.3,646.212
3438.6,282257.9,346.228
5544.6,647530.5,967.25
4742.4,544667.6,718.519
4546.1,492089.1,624.706
3747.3,378277.6,507.586
4859.2,509291.9,743.105
4496.2,443626.6,631.636
4198.2,433495.8,550.635
2988.1,252786.7,313.203
8231.9,1242884.0,2055.888
2792.0,209003.7,225.182
4934.4,513243.7,741.061
3558.8,352138.4,405.599
9246.1,1157024.9,2167.818
2736.2,242931.1,253.491
3133.9,253205.3,290.295
2791.5,193129.3,240.295
5045.3,534022.4,681.387
2386.5,173412.0,173.625
3451.7,287829.6,357.023
2281.2,145327.0,157.135
4315.3,432183.4,637.278
3226.2,327199.5,350.837
2218.8,146458.7,158.256
6575.7,756753.0,1259.344
2435.2,174619.6,183.02
5587.3,616594.8,997.956
3254.5,242558.5,298.412
7197.2,1181591.8,1908.671
5247.9,664318.5,960.559
2463.5,205011.7,233.005
2963.7,221838.2,250.728
5195.3,578576.7,855.293
3821.2,336984.5,424.961
3800.1,345512.4,458.048
7107.9,883179.8,1463.743
3006.8,239623.0,287.171
4309.5,409470.3,565.111
6066.9,780523.6,1133.185
5738.4,700967.3,1007.795
4098.8,344734.3,461.654
3408.4,313034.7,415.972
2229.4,151314.2,157.135
2691.1,225670.5,224.128
4654.6,466924.1,678.589
3804.4,363340.7,469.81
4122.4,422015.2,557.706
6603.5,778133.1,1213.165
2525.3,181979.1,201.659
4095.9,364228.4,434.028
4503.3,462518.9,611.266
3041.4,265230.6,297.663
7437.7,1037609.2,1664.172
5918.6,752035.2,1091.909
4846.3,522473.5,663.327
8035.8,1360536.4,2229.268
2080.1,171307.9,157.135
4132.8,423343.5,521.767
4897.3,490297.3,705.341
2859.2,231603.8,251.239
4738.4,503557.4,669.008
2671.8,215912.4,215.217
5086.9,595355.6,915.959
6329.0,814200.7,1231.469
4806.8,461196.6,653.88
2250.9,156467.7,157.135
2626.5,212352.1,240.882
5062.3,590136.3,827.618
4214.1,378209.6,534.073
2402.0,158679.1,157.135
6235.0,901340.8,1429.459
4380.4,440545.4,586.153
2830.1,260273.4,271.335
6226.8,745940.3,1170.619
3184.0,263113.4,304.118
3067.6,258126.6,301.455
4841.8,509402.5,700.817
8766.2,1410453.0,2205.691
7809.0,1143963.0,1942.839
4477.6,490707.7,701.585
5212.0,592265.1,762.107
5810.8,656689.9,993.587
2518.5,164289.8,190.65
5152.9,584381.3,882.334
3162.1,234321.5,290.573
5041.3,449272.8,678.654
3710.3,339506.7,437.087
5019.7,551106.6,786.329
4106.7,458274.6,577.454
2172.1,157384.6,157.135
4206.9,462582.8,606.448
5320.8,579200.6,880.916
4824.4,557825.1,752.066
3979.7,401705.9,483.366
7642.1,1177051.0,1972.14
4601.6,499782.8,674.779
4692.0,498319.7,747.08
6271.5,827516.2,1218.298
4430.2,552864.0,703.216
2862.9,228028.9,254.61
2210.7,148043.3,157.135
3396.0,291951.3,357.428
5197.4,640261.6,969.42
3638.4,313132.4,395.0
5576.3,693142.8,1001.368
4376.5,446821.8,591.883
6371.6,965785.6,1482.533
3452.0,337144.0,413.862
4857.1,518311.4,765.326
5293.6,541000.2,789.298
7643.0,1024822.4,1760.929
2247.1,151093.5,157.135
3273.8,325866.3,362.859
5503.0,762880.7,1040.308
7703.1,1130940.0,1824.925
4629.3,470133.2,637.098
3662.1,309668.4,414.701
5936.4,659466.2,966.435
5642.8,673758.0,1057.37
3560.4,344447.5,392.916
4362.3,457121.8,685.155
6631.1,873612.0,1359.458
9282.9,1296482.5,2409.028
5286.8,645869.5,955.197
4302.1,425838.0,544.039
4235.4,406886.0,502.637
4976.1,571709.2,822.754
3973.7,385978.6,478.295
4698.4,437659.1,611.724
2692.8,204903.1,223.833
7111.8,971316.3,1493.314
2404.2,195155.9,209.467
3516.3,295077.5,370.631
4339.0,420425.2,567.988
8643.9,1520383.1,2612.321
3315.9,288643.4,373.458
3200.9,248560.5,306.956
3233.5,289238.8,336.818
8335.8,1141240.9,1998.919
2263.4,141821.6,157.135
2734.2,224382.0,234.004
12199.5,2204475.7,4743.864
5245.8,580147.5,845.259
2702.3,190236.3,215.321
4104.5,383902.4,507.586
4128.4,400036.9,554.358
6038.5,715891.9,1038.305
8803.7,1317920.1,2312.101
4853.1,540226.9,718.082
3299.6,274191.1,339.825
5724.7,739815.8,990.058
2866.2,232034.4,299.084
2720.7,189962.0,228.304
2387.1,166480.3,157.135
2255.2,156166.8,157.135
2856.9,228470.7,254.933
2482.3,191428.2,203.215
4728.3,504117.6,675.793
2500.6,187542.1,199.706
2355.7,145318.4,157.135
2592.0,212761.7,226.366
3318.1,305244.4,358.947
3125.6,291014.2,322.31
8111.7,1164659.4,1786.549
3167.1,274035.2,320.215
5701.2,664392.4,1067.836
3729.8,432112.4,517.056
3873.4,370226.8,507.428
2980.6,237604.3,267.792
4075.1,380529.2,500.734
2925.0,239245.7,283.399
4273.0,464114.8,602.129
4002.1,348001.0,434.004
3110.7,223393.8,245.223
6380.9,728517.5,1167.735
5165.5,522585.5,740.586
3661.7,288572.0,365.897
4734.3,435348.7,590.342
3903.1,377027.3,490.731
2781.3,250925.7,260.93
4523.9,413550.4,555.719
3061.2,241202.6,318.293
2679.8,233418.1,245.163
2147.3,155973.4,157.135
3517.9,315621.9,393.25
4743.2,564520.6,829.127
2916.5,243980.5,299.951
11006.2,2240291.9,4003.402
5566.0,710460.2,1071.942
7211.7,850941.4,1502.093
5631.3,679527.2,996.589
8822.7,1404157.7,2337.136
3032.0,242917.3,278.439
2217.1,145786.4,157.135
3551.6,285749.8,366.469
5210.4,548029.4,823.299
4288.6,476309.4,593.215
4268.6,476429.0,655.536
7104.4,862628.4,1522.298
4531.8,522082.9,714.334
5724.6,674808.0,999.541
2807.2,213597.8,246.226
2488.9,187738.7,217.167
7912.0,1074661.6,1928.062
4288.5,451097.5,569.504
3203.7,271201.8,317.725
3199.9,274678.8,318.195
3064.8,266675.1,311.163
3144.4,257649.4,296.514
2370.4,170989.5,186.672
2141.4,150947.3,157.135
3880.8,374211.0,448.673
3340.7,293170.5,325.58
6540.5,768934.3,1281.407
4560.5,478587.3,664.903
4207.9,495377.0,650.193
3213.8,272406.3,288.462
3599.0,404789.1,476.235
4838.2,485537.4,702.314
5933.6,677086.4,935.082
3958.1,377924.9,486.765
6386.0,845777.0,1252.779
4162.1,418577.9,528.418
5669.1,626574.3,994.667
3685.0,300058.5,353.78
2161.3,160373.8,157.135
4379.9,475471.9,651.789
5402.2,631195.7,941.986
5524.0,536279.3,834.743
4733.6,543849.6,737.813
3612.4,323110.1,396.438
3081.4,227252.2,274.044
5265.2,562121.8,819.004
5054.1,531107.3,740.351
3449.9,271168.7,334.092
6468.9,818688.9,1283.748
2811.2,207596.7,257.738
3249.1,293993.5,328.056
7794.9,1150711.7,1963.044
6414.0,663365.4,1057.267
3462.8,281039.6,393.439
4677.5,507266.3,661.857
4095.8,454865.1,594.783
2247.4,154123.9,157.135
2803.5,233003.9,252.88
4113.1,404463.3,503.947
3640.1,321212.9,393.883
4777.3,463543.5,640.718
6795.5,812117.6,1304.668
3580.2,332301.7,405.176
2569.4,217077.5,223.873
4506.2,491072.9,682.149
3626.0,349163.4,403.518
3861.5,368830.8,462.977
3670.7,338058.6,415.012
9870.8,1915856.1,3197.602
2367.8,165646.6,157.135
3294.5,338952.7,383.941
3985.0,383768.3,523.468
2857.0,269963.3,279.757
5823.3,712177.0,1084.227
5960.8,668642.9,1011.163
3962.5,348468.3,505.204
3678.9,341758.0,422.129
4011.2,352816.9,479.729
3865.1,381897.5,482.509
4020.3,359132.3,492.891
3826.3,387988.5,451.213
4323.8,484267.2,643.485
5433.4,729168.9,963.397
2524.6,172081.6,194.801
2816.7,219723.3,225.138
2353.0,139363.7,157.135
6300.1,707182.6,1055.408
4608.6,455823.8,642.383
4926.8,542212.7,788.905
2291.1,155219.7,165.904
8350.6,1208772.8,2212.652
3145.5,253857.5,321.428
4440.3,436427.8,601.247
5865.5,698504.5,1045.24
2619.5,224562.4,236.995
3424.7,285670.0,338.04
4081.1,476344.5,606.585
12809.1,2346476.8,5251.662
4830.5,475702.2,669.229
7998.2,1168536.8,1916.053
6548.1,886059.3,1387.289
5127.8,486143.7,706.293
2695.1,221681.9,236.572
5781.0,771998.7,1233.374
2276.3,146694.8,157.135
7254.1,1151439.1,1907.601
4284.3,455572.5,616.855
2291.9,148573.1,157.135
3497.3,312599.3,399.029
5443.2,578491.6,889.33
3545.9,336869.5,433.733
5641.1,670671.8,934.186
2711.4,234274.8,264.651
2545.0,180951.6,183.268
3895.5,392304.8,495.65
4400.0,396246.7,538.554
3433.7,294485.4,396.503
7236.7,843212.7,1411.67
2791.9,223763.0,264.611
4314.9,471903.4,675.755
4207.0,439294.9,554.588
2348.6,160092.5,157.135
2478.8,191039.8,181.351
4301.4,388305.1,530.091
9378.1,1555414.5,2591.798
4994.0,629754.8,837.386
2305.1,150748.0,157.135
2243.8,156163.0,157.135
5336.8,683312.2,947.873
3959.2,375148.1,485.855
6457.6,829879.0,1317.117
3032.5,219886.5,258.184
4609.7,445896.4,696.235
5618.9,693235.6,1038.346
3318.1,289546.0,366.074
3712.9,288248.6,372.436
4023.3,415588.4,535.825
5355.8,528270.7,813.051
3898.5,412964.1,518.996
6174.1,768497.0,1151.012
3428.1,291333.3,361.829
2513.5,169471.5,179.988
9466.8,1349366.1,2582.989
3213.2,281460.8,322.522
3180.7,280108.8,332.068
4246.6,388761.3,497.909
4092.8,428677.9,554.236
3193.5,302134.8,384.452
3766.9,366905.8,517.701
3769.7,409332.7,508.469
4490.2,463795.7,604.461
2442.5,148480.6,157.135
8036.0,1373887.2,2390.495
3732.1,387701.8,466.262
5181.8,616201.7,838.299
2494.6,160064.3,172.92
3275.0,274292.5,359.196
3191.1,242980.0,305.401
7314.5,1016659.7,1716.266
3581.8,295221.5,327.451
5578.3,629312.6,967.184
3189.2,255479.0,310.838
3416.5,289929.7,364.556
3640.4,332752.7,430.763
7120.3,915492.6,1477.498
2134.2,143053.7,157.135
2219.8,180960.1,181.844
2222.1,151408.5,157.135
2723.8,224778.7,218.552
2878.8,223712.5,272.974
2252.2,165127.2,157.135
2895.0,267345.8,290.556
2332.6,149401.7,157.135
2782.9,203613.5,231.145
6633.5,828960.8,1381.428
4840.4,496215.3,726.837
4168.0,451751.7,610.654
2584.7,209939.1,233.996
2224.6,140766.8,157.135
2635.7,215407.7,209.641
4107.4,384315.5,507.058
5714.2,702969.1,1056.922
6056.0,694202.7,1086.45
5576.5,593192.2,872.761
3024.9,244418.9,289.759
4178.3,406660.8,535.517
3560.3,325184.1,405.239
3749.1,366071.8,446.442
9349.1,1505746.4,2711.29
2393.1,157975.0,157.135
3856.2,343953.3,434.555
6882.0,884572.2,1394.098
2222.9,153720.8,161.109
3041.4,277942.5,312.514
3353.6,289265.7,342.782
3925.2,343928.6,438.561
2395.0,151082.7,157.135
4708.6,584426.6,848.265
5894.2,616089.1,898.218
5099.6,554042.7,790.884
2984.0,222117.2,260.346
3946.8,439799.4,562.937
2817.1,233647.0,254.318
3693.3,353208.3,401.58
9284.9,1556988.4,2977.796
3783.5,440238.7,567.119
2566.5,169222.5,201.626
4385.5,468725.2,607.154
2510.7,155700.4,176.625
2504.5,175923.8,199.769
2676.8,208028.0,226.876
3513.1,291420.2,367.006
6212.3,705189.6,1117.173
5014.6,567343.2,836.798
5239.1,581707.0,800.257
2570.1,188133.3,216.55
3287.6,281629.4,339.407
4683.6,468122.9,653.705
3281.3,278160.9,316.424
3699.5,349053.3,419.52
4675.1,485455.9,749.302
3294.6,336868.1,396.379
4442.4,449217.1,629.944
8071.0,1131141.6,1895.118
3882.1,341911.3,457.12
6636.1,872359.9,1358.155
5117.9,652300.1,824.064
2290.5,156442.8,160.934
2518.7,192237.5,215.99
3013.0,231192.6,268.178
2995.2,214372.3,263.626
3884.7,406073.6,488.18
5327.0,604388.9,861.602
6326.4,853276.6,1443.732
4660.0,464132.5,673.042
3396.4,300582.4,366.601
2351.0,159783.9,157.135
4170.9,395543.0,555.76
4274.9,430343.3,536.044
4330.6,448386.2,608.424
8713.7,1485830.6,2866.588
6675.9,870228.4,1426.888
5651.1,724783.7,988.445
2789.9,200861.1,241.799
3345.3,277262.2,347.243
3854.2,394957.7,486.391
2951.3,245475.6,281.053
4779.0,531337.5,785.857
4356.1,528818.6,700.002
2624.4,208774.5,218.41
6424.3,880494.7,1377.422
4446.2,414735.2,570.151
2048.6,149053.8,157.135
4049.5,392850.8,503.746
4981.9,449439.9,658.572
6003.3,801007.1,1149.896
3566.3,350629.3,400.004
5802.6,674716.0,1023.198
4496.1,459784.7,610.493
2366.4,181951.7,181.933
2219.0,177271.8,167.831
6593.5,892376.6,1297.41
6130.2,793616.8,1376.498
4811.6,485271.1,681.082
7349.7,1076693.8,1752.583
6255.9,771864.3,1230.254
5270.2,680064.9,910.859
2997.1,241343.8,251.897
8291.9,1173557.5,2119.245
5007.1,561125.4,808.885
3449.3,300684.3,384.714
3103.2,257673.2,306.399
4987.7,467117.6,645.737
2120.8,159961.9,157.135
5656.9,601226.0,922.713
2846.6,189932.9,243.462
5045.8,469191.4,707.773
3396.0,271668.3,344.837
3673.8,326698.1,424.262
3137.5,248057.1,285.274
3864.6,341845.9,461.053
9017.4,1273941.7,2406.933
7560.0,933374.7,1603.068
4731.2,475828.0,698.633
3976.7,383088.3,514.432
5596.0,669620.0,1036.696
6559.9,858571.4,1305.181
2823.9,223144.1,268.995
3905.7,374088.2,493.262
2150.6,148408.9,157.135
6556.9,859914.6,1297.977
9112.5,1504106.8,2772.935
4008.6,444284.1,560.028
2138.3,143969.9,157.135
5104.6,591342.9,857.616
2784.6,217155.9,253.367
3159.4,245505.3,307.616
5226.0,597581.9,869.927
4595.2,514431.1,644.577
3417.7,280047.0,354.277
3239.7,261676.5,311.042
3983.0,406594.4,581.064
3312.0,285814.9,377.458
2672.1,188252.5,214.757
3604.1,315887.9,401.591
4872.2,488315.8,690.301
3575.5,352894.6,454.826
2268.3,148199.4,168.056
6015.4,734121.3,1165.075
2250.4,156383.4,157.135
3418.5,280508.4,366.398
3243.0,263666.3,318.502
4317.8,446962.5,591.621
5413.2,552968.8,825.587
6884.8,842039.1,1301.814
2932.5,234378.5,295.692
5185.2,610882.2,842.335
4565.2,462588.1,614.777
2288.4,152933.9,157.135
8646.4,1442110.0,2428.68
2311.9,155744.7,164.668
4541.8,508703.4,736.216
4777.9,551334.5,718.898
4307.2,524290.5,655.623
3416.6,281114.1,352.435
5453.9,678551.5,1022.633
2250.1,160689.6,157.135
4030.4,382202.1,497.899
3265.6,286713.7,333.292
3032.6,268983.0,304.177
4816.2,513169.8,741.725
6613.1,818880.3,1251.119
3498.5,320756.8,398.145
5601.7,623144.5,984.962
4077.2,393422.6,546.5
2970.5,217916.4,255.697
3694.3,355106.0,426.479
3512.7,346291.3,412.44
3087.0,265241.4,299.468
4809.8,539453.6,741.567
4748.8,475430.8,634.318
2231.5,154640.1,157.135
2115.2,155648.8,157.135
4946.6,539083.5,739.3
3159.9,220620.1,272.164
4841.5,467555.9,669.724
5355.9,629129.6,985.161
2422.4,186464.7,188.516
2310.9,175029.0,168.323
8017.3,1057213.2,2024.101
4780.5,543051.9,696.997
3403.9,306844.1,374.496
2703.8,230626.7,247.344
3455.7,295458.4,347.958
2418.0,199682.3,201.132
5649.2,715042.6,1069.979
2856.1,226633.8,280.749
6506.2,805966.5,1267.413
3491.9,317280.4,380.155
2780.3,202113.1,226.469
3334.9,314296.8,372.371
2126.2,152008.7,157.135
3823.7,359480.6,476.335
3787.8,339787.1,457.762
5745.0,668100.5,1020.566
2090.0,154076.8,157.135
6652.3,767709.5,1339.166
5487.8,653507.6,1017.164
6594.6,812150.6,1440.113
4192.7,375197.9,503.186
5634.2,817170.1,1188.626
2288.0,146122.6,160.415
5516.3,656665.6,932.713
2898.3,280774.6,282.016
2195.9,164005.4,157.135
2727.8,195236.9,212.193
4429.9,419383.5,527.372
3058.9,219723.2,270.194
5127.4,471581.0,710.897
2174.5,152727.8,157.135
2098.6,155578.9,157.135
7088.9,1024366.0,1586.78
6074.0,696843.9,1087.705
2485.9,205503.1,225.386
3932.8,402751.5,523.759
5964.5,767415.9,1194.012
4907.7,522666.2,736.04
4377.4,422050.9,591.642
6159.0,822505.7,1269.069
3066.0,252381.8,291.361
3952.7,399574.0,538.386
3988.4,409149.0,517.528
3480.3,353482.3,421.419
3471.4,322096.1,383.486
4075.4,398280.2,556.782
4259.3,411357.9,539.789
2675.4,194567.7,225.544
5593.7,674561.4,1001.866
2959.2,203857.8,239.027
3800.1,370723.3,440.352
3574.8,344154.4,413.841
4611.6,534229.5,700.676
2132.3,160743.3,157.135
5835.7,701456.5,1076.464
3149.2,253292.7,304.253
6188.2,959031.3,1403.358
3191.2,291709.3,357.128
3924.8,362519.6,504.761
8455.9,1445968.9,2454.745
3660.5,337201.4,419.868
6780.9,959403.1,1424.881
4130.8,415557.0,541.81
4938.4,522763.1,733.8
4105.9,452011.7,555.478
5739.9,640343.6,1039.751
2978.0,249897.6,302.166
2780.1,203057.8,237.555
3168.8,237659.5,313.819
4054.7,445965.9,568.957
3715.3,337667.0,439.435
5432.1,662153.7,930.631
6990.9,946663.8,1502.579
2793.1,219973.9,239.132
2953.6,243796.5,290.602
2361.8,152643.9,165.005
9456.4,1488934.4,2696.57
4488.0,510139.5,671.144
4736.3,544092.4,772.88
2320.2,162900.1,178.282
3850.8,376754.2,524.532
5058.9,561622.9,791.44
3869.5,330840.3,428.268
6672.2,798108.2,1249.333
9930.5,1756101.9,3383.156
2879.1,212614.9,244.742
2716.0,210192.6,230.383
2606.7,233717.5,258.801
7702.6,1244036.9,1915.803
6109.9,814217.7,1216.202
4061.1,397265.3,470.702
4004.9,393444.1,540.726
3007.5,218285.9,271.889
5824.0,710094.7,1075.699
3309.2,327100.6,386.559
3599.3,350611.5,425.75
5552.3,629778.7,857.546
3762.0,312394.3,451.214
3854.3,366302.2,434.453
4245.8,409890.2,529.52
5530.0,618861.8,996.68
7536.5,1199917.2,1979.036
4940.6,588895.7,841.592
5985.8,684901.7,1003.093
3793.0,369963.0,446.923
2866.4,259168.3,296.792
5498.7,566964.9,889.358
4076.2,443878.0,602.72
2228.5,147556.8,166.825
3591.9,334700.8,403.048
4371.2,406974.7,491.097
3436.9,270729.8,347.953
7282.0,1006299.6,1732.96
4963.5,521935.1,772.903
7372.4,948537.6,1587.788
4809.8,484324.8,649.202
4180.9,412657.2,560.618
2777.3,226122.7,246.815
3971.9,425497.2,530.098
4218.6,426581.0,530.579
2454.2,156801.1,174.458
3042.5,303004.7,339.896
3530.7,349734.3,404.606
4598.4,564822.9,732.654
4950.9,534777.5,761.472
3076.7,265049.4,328.639
4682.1,515623.8,766.1
3971.7,336910.9,453.371
2220.7,152598.0,157.135
3353.2,305573.9,355.251
6421.7,856861.0,1252.643
2324.0,148850.8,157.135
4205.1,429670.4,574.941
7618.4,1106707.2,1883.747
2960.8,237495.5,284.424
4270.6,415910.9,525.937
2409.6,175863.9,183.559
7781.0,1151135.3,1948.552
4013.6,386250.8,490.925
4480.2,425443.5,545.131
7073.3,988036.6,1563.819
5277.2,588069.1,894.744
3103.4,238072.6,259.245
3320.1,267134.1,311.626
5230.2,538970.8,782.361
3114.6,270865.9,317.496
2182.5,155158.4,157.135
3716.6,408324.3,502.976
2339.1,146300.4,159.26
7861.6,1212697.7,1931.434
4083.0,449185.4,605.42
2977.1,217762.0,253.145
3042.3,248398.7,298.992
2216.4,145061.0,157.135
2469.7,180621.4,216.456
6276.7,797447.4,1190.952
10247.2,1863530.6,3171.804
5465.3,589775.8,942.801
3872.2,359759.1,487.491
3813.8,314625.4,370.677
2648.7,215581.8,242.889
9104.4,1574982.2,2761.209
3895.8,352666.0,450.94
9203.2,1521213.6,2888.362
6859.4,972083.0,1614.035
2339.0,135384.4,157.135
3201.1,246107.5,306.971
3181.7,272697.4,306.207
3985.8,403595.9,492.306
3879.2,413112.7,500.117
13529.4,2824504.7,5873.066
2639.0,178569.9,220.369
4635.5,449515.4,631.423
5328.6,636515.1,862.897
3934.9,433736.5,524.362
4408.8,460110.4,573.779
2508.0,201718.3,226.203
4211.1,401667.0,572.073
4797.1,555560.6,792.813
4505.7,494847.9,683.662
5553.7,625279.3,831.288
6807.5,1006696.7,1639.057
5768.5,733052.1,1117.171
4292.1,420707.7,556.076
2500.9,191872.4,204.205
3228.7,280558.5,323.727
3960.3,335113.7,439.856
4643.6,446799.7,643.431
3307.3,314956.2,357.079
2787.7,201735.3,246.987
2585.9,201971.3,201.517
2293.0,138613.4,157.135
3720.2,334150.9,434.459
2293.0,162936.8,160.62
2770.2,210030.4,234.421
3473.7,290765.3,382.222
2328.2,172832.3,178.9
4905.5,513106.6,713.008
5571.0,638253.2,953.365
3013.2,272291.5,337.195
3315.1,301510.8,369.166
4977.7,549877.7,809.621
3040.1,285343.9,295.313
3128.0,238805.7,279.399
7522.2,849817.3,1377.069
5288.7,689022.0,1070.648
5270.9,644825.2,852.558
5950.1,669901.0,1107.023
2219.4,155274.4,157.135
7205.8,946890.7,1563.233
4814.4,480054.6,720.117
6052.5,737317.9,1185.645
4781.8,522047.3,717.279
4261.4,395686.2,546.141
3725.3,339603.2,420.555
4773.7,553057.8,705.8
3520.7,330245.7,408.385
6489.0,651425.4,1056.666
2267.9,146186.4,157.135
3386.8,278344.9,339.336
9127.4,1470022.0,2728.157
3199.3,269414.2,316.995
3738.6,348638.4,433.154
2652.5,247102.6,257.797
4546.2,497024.8,688.22
2949.2,235097.6,290.06
3701.8,376275.1,452.082
5511.8,737107.6,1040.602
3088.9,258116.5,298.961
5937.6,657480.3,991.277
5721.1,701721.3,1018.501
5962.4,782035.0,1228.615
4149.7,395488.9,587.991
14859.2,3328206.3,7155.202
5905.8,826164.3,1228.197
4714.9,530494.1,682.163
3030.7,219429.5,259.184
3840.0,380326.5,485.524
7282.1,1016657.0,1657.279
7999.1,1210446.9,2082.18
7229.3,1044355.2,1728.209
5649.7,665399.2,988.55
2399.2,180067.5,190.853
4814.3,568736.4,777.477
2322.5,191129.4,193.059
2249.8,147742.9,158.331
4695.9,463068.2,636.629
5190.1,549213.3,800.389
6242.2,696761.5,1087.335
4859.7,508778.2,783.752
5237.6,564666.6,805.817
2629.4,217334.0,237.439
4029.7,371245.0,482.436
2387.5,152440.5,157.135
2280.5,155733.2,157.135
5885.8,692538.7,953.688
2945.3,241230.4,286.146
5776.7,662644.1,1060.61
6157.2,814320.6,1282.634
3188.2,295062.6,318.728
5239.8,552714.0,844.87
3133.8,270032.3,308.16
2193.5,161599.0,157.135
4211.0,385107.3,579.882
3427.0,301637.4,359.232
3400.5,310670.5,368.256
8649.7,1411604.3,2579.594
2072.1,147658.3,157.135
4655.7,497507.8,714.803
2589.5,207367.7,235.504
5698.4,708231.5,1091.623
4531.0,473506.2,667.778
4733.4,502525.7,712.774
2718.9,231052.5,245.171
3276.5,229978.1,283.286
5645.3,666917.1,1108.457
8754.3,1331834.8,2187.562
4926.7,540428.9,773.195
2772.4,220147.5,254.732
4795.7,495347.2,689.937
10672.5,1934900.2,3713.611
4123.2,416601.4,570.203
7911.2,1053716.1,1705.397
2777.5,236719.8,289.112
3978.4,383781.3,507.518
5285.1,534329.0,865.026
5073.6,548439.5,723.179
2953.2,242108.2,283.103
3280.1,245645.2,273.432
6272.8,775336.7,1164.342
6007.9,887146.4,1371.589
7090.9,1060848.5,1775.953
8533.6,1306028.9,2246.761
4121.1,416141.9,585.191
3684.5,308926.0,408.565
6916.2,951708.6,1559.653
5192.0,612802.1,932.729
2646.3,228185.5,237.86
2787.7,209483.7,228.249
4594.9,530400.9,780.471
3967.0,352280.6,455.13
4220.5,396195.8,513.962
6212.4,796626.4,1246.143
5245.2,661992.8,967.931
7140.2,946841.6,1533.334
2192.4,142264.7,157.135
4259.4,423318.4,643.977
5835.3,614924.7,919.014
2157.8,156843.3,157.135
2959.0,257740.4,309.719
2945.7,247706.7,266.693
4111.0,405022.7,534.288
8356.4,1223748.7,1949.531
9092.2,1562285.1,2679.708
2900.0,249603.1,272.383
5120.3,529327.1,802.558
5159.2,574457.1,823.684
4821.2,546398.4,717.547
4851.5,524868.1,724.143
4648.8,500619.4,670.642
7932.6,1108674.5,2045.647
6587.5,896971.5,1276.57
2627.5,194264.9,223.423
5815.0,605223.1,996.973
6188.7,699297.5,1077.735
4515.2,433976.7,676.737
7097.3,786425.6,1306.712
4284.1,513617.9,610.952
4306.8,446992.8,617.085
4384.5,403056.0,578.916
2275.3,152701.9,157.135
3967.4,363425.1,492.087
3225.5,271696.9,306.403
2559.1,178197.0,201.802
7909.8,1022883.2,1667.584
4996.2,523229.3,788.232
3901.8,447204.8,512.555
3183.5,285241.8,333.043
4691.8,481049.6,666.562
6212.5,747588.5,1167.304
2952.5,228481.1,269.614
3942.1,384190.9,522.987
6060.3,673536.0,1056.828
2415.6,165859.2,157.135
3997.2,375234.4,501.224
3695.3,272885.6,371.475
4008.2,346442.3,471.347
3648.2,303466.9,350.438
4401.7,431994.0,586.61
8919.4,1374440.9,2474.291
3709.1,344449.8,404.397
4516.9,464756.1,664.171
9278.5,1495146.6,2620.248
3453.0,271590.6,337.036
8772.7,1327504.8,2266.301
4090.0,393930.0,527.284
8445.8,1247693.1,2207.216
5698.7,676530.4,961.062
4760.5,506588.7,672.464
4100.8,380586.3,497.978
3221.2,261486.5,317.517
4076.3,455374.5,558.095
5712.3,735326.8,1082.076
4140.4,389275.7,519.508
3718.4,315926.5,406.783
3798.7,358474.5,428.951
5933.1,763521.6,1168.283
6654.3,874814.0,1409.249
2979.7,261888.6,306.675
2952.2,264577.3,306.32
4776.7,509813.7,712.782
7984.3,1138331.4,1798.115
6510.4,892576.6,1322.141
2663.2,183422.7,191.44
3649.7,361686.6,424.38
2812.0,219805.0,248.01
3526.1,348745.7,423.206
7692.5,1184317.9,1913.043
2196.3,168353.4,166.829
2101.5,159656.2,157.135
2792.2,242177.0,269.27
4603.5,531333.8,661.82
5095.2,581452.2,865.855
4777.4,526668.1,746.944
6671.0,845193.0,1354.163
2101.2,149727.8,157.135
6617.5,779777.3,1368.041
3727.7,350663.1,408.27
5696.0,609481.1,946.682
2447.4,172008.7,180.71
4085.9,374054.2,527.128
4383.7,480901.9,635.15
6488.6,810919.3,1332.582
2388.3,144088.0,157.135
4182.7,412337.5,538.201
2627.6,192017.1,218.952
5123.7,538881.4,789.051
5600.2,666458.3,982.216
6926.3,955435.2,1481.463
3261.4,272171.4,341.131
5839.6,692662.9,1108.436
7358.5,963794.4,1572.16
2067.7,156676.8,157.135
5330.9,639207.6,860.007
5899.1,703949.5,1136.737
3411.6,333483.3,426.213
2412.7,194507.9,197.884
5966.5,811511.8,1122.576
2530.3,175790.3,199.689
3917.1,343906.6,454.735
4152.8,397615.0,508.321
5124.8,616917.5,934.587
3222.7,257323.0,316.855
3192.9,260643.7,302.397
4289.8,461066.5,568.593
6254.2,717424.6,1181.457
9507.3,1885575.5,3317.33
2148.7,148188.3,157.135
4900.5,499144.8,676.941
2608.1,215147.9,218.723
6733.4,784790.0,1193.343
2659.9,215362.3,246.428
3314.6,268605.9,304.828
3144.8,271435.0,326.54
4101.8,391207.6,493.755
4600.0,488059.5,681.24
4988.7,570897.4,775.312
4175.1,371990.4,522.592
2333.1,161452.3,179.771
5657.3,596496.1,943.857
3957.7,385805.3,503.09
6572.4,784321.7,1339.024
2763.9,245037.3,296.806
2205.5,144293.2,157.135
4239.6,421721.2,510.825
7082.5,878570.1,1491.986
4517.4,416436.5,597.738
3778.4,356374.9,446.989
3077.1,248515.6,260.351
8393.6,1236164.4,2164.709
2628.3,205727.6,228.992
3156.7,267510.0,292.613
5334.7,604090.6,831.176
2292.5,155787.6,157.135
6720.2,884427.1,1466.52
5314.3,612487.3,868.258
6207.2,667817.3,1083.707
5215.5,556098.6,823.232
3609.6,387606.7,461.092
2596.3,215284.5,222.884
3759.1,373852.9,468.981
2676.4,193847.6,239.248
4568.0,515595.7,776.847
6100.4,650977.2,1005.898
7153.9,1028489.9,1726.093
4596.4,477930.3,708.435
5487.8,717719.0,1106.07
3753.0,361075.3,413.219
3357.8,300060.2,357.095
4876.7,549290.3,769.071
3455.5,296560.7,384.517
4662.8,438736.7,652.223
2613.8,189940.8,223.236
2645.4,208496.5,257.995
5012.9,605293.5,876.142
5535.5,722821.7,1072.81
2777.3,202058.6,237.247
5557.0,621449.8,901.356
3495.9,305601.0,341.762
3853.1,446225.4,532.057
7414.2,1037279.2,1644.795
5520.2,667916.0,1006.472
6329.8,693895.2,997.095
9319.6,1466349.5,2444.882
3293.9,230011.4,297.731
2836.2,228328.3,237.206
3101.6,244569.5,293.385
3629.1,330784.5,427.667
2182.5,149826.2,157.135
3640.2,355871.0,444.203
3363.2,266570.2,338.518
5964.7,654169.2,987.409
4643.0,515828.9,697.474
3116.4,274772.4,323.547
4884.3,596870.8,844.632
5522.7,627914.9,940.423
3149.1,252518.3,282.612
3525.9,307124.9,352.876
2362.2,160299.6,157.135
2677.2,202452.3,217.997
3040.6,259967.1,288.614
4431.8,438635.1,557.365
2670.5,248790.9,245.074
3264.5,305566.3,347.115
2670.6,180884.9,195.576
4193.8,427107.3,602.658
4844.3,519937.9,739.914
4928.4,510363.6,726.121
4120.3,413988.7,530.283
2340.7,147261.5,157.135
3383.3,284919.9,318.565
3534.9,287211.7,378.115
3672.0,284478.5,379.339
4058.0,417333.0,557.731
7212.1,962227.2,1656.23
6240.6,634580.5,1010.217
2966.6,205155.5,236.892
5103.5,596814.5,907.031
5286.4,605238.8,879.604
2969.1,230807.4,274.194
5849.4,673592.6,1040.601
4030.8,360919.9,461.37
2491.9,169691.1,168.538
4916.3,577850.6,757.708
4664.3,463852.7,625.342
3826.0,349598.8,437.013
4021.7,387219.6,509.416
2857.5,257945.7,294.104
5442.4,604967.5,858.473
4113.7,415954.9,506.96
4438.4,405522.5,600.397
4537.1,498115.1,700.134
2775.3,193420.9,207.05
2867.3,224621.9,255.377
2135.7,145512.8,157.135
4870.0,539926.3,827.639
2576.1,190771.0,197.655
4434.2,419860.6,584.226
4658.1,465791.5,707.99
5306.1,616142.3,853.109
2583.6,188479.4,198.964
4002.7,381645.9,498.167
7788.3,1122642.0,2017.341
8472.9,1202172.4,2090.217
6290.1,804023.3,1163.441
4789.0,459047.2,689.134
2636.0,193656.0,233.558
5175.6,616601.1,936.912
3845.9,361075.1,462.247
5315.8,560522.5,824.833
3301.0,274906.1,315.272
3901.3,378132.9,456.725
4287.7,451270.2,599.284
4369.7,482558.0,640.293
4982.4,557921.3,781.599
3234.7,275710.9,329.202
2485.9,157838.6,177.841
7714.9,1084024.9,1944.715
10966.2,1862423.1,3903.194
5312.8,530243.1,752.971
2550.2,172483.7,180.628
2888.6,226181.5,281.555
5320.3,557893.5,791.357
6707.1,909765.1,1547.29
2463.4,173618.2,197.547
3837.1,358120.8,474.968
4408.3,429489.1,614.833
5934.6,720572.0,1053.862
3573.1,318101.4,398.035
2291.1,158853.6,157.135
5164.8,584422.5,866.164
6526.3,810131.5,1299.75
3965.0,416846.7,491.218
4551.2,479341.4,727.805
3441.0,314381.2,358.187
2917.3,252077.0,265.559
6005.5,806214.7,1200.688
4696.3,505527.5,717.472
4899.9,589807.1,779.489
7412.1,1037593.6,1761.658
2866.1,195767.3,224.381
3556.6,275057.5,336.49
3904.9,430786.2,596.29
3319.3,265374.2,333.174
5820.6,701138.4,986.913
3756.5,341314.7,451.431
2842.9,210799.2,235.936
4483.0,388585.8,553.607
4142.9,447492.6,602.282
5987.1,690291.2,1115.116
5177.5,486258.9,720.743
4683.0,536006.2,761.347
4627.8,518866.4,679.647
3720.5,362479.3,451.132
3193.5,258783.2,294.784
4814.7,479154.6,662.635
3596.2,317584.1,401.409
8083.6,1238088.6,2049.364
6551.5,924706.3,1548.62
5582.0,627677.4,874.329
4692.7,543539.4,712.27
3921.6,362679.5,489.098
2555.7,171485.6,190.015
3775.1,338878.6,441.084
4431.1,397154.4,569.733
4591.6,453395.1,631.671
4977.8,578299.5,766.512
5997.2,688161.0,1103.181
2955.9,273775.8,300.557
3084.6,252202.1,302.764
7657.0,1133881.3,1690.367
5378.2,636050.3,977.293
3392.5,308943.9,383.188
3778.2,356975.6,481.568
3944.7,362016.9,483.316
4377.4,436838.5,538.558
5053.0,556003.7,768.458
10402.4,2160530.8,4049.754
4526.9,423629.5,611.781
5243.3,634116.3,895.551
2281.5,145278.2,157.135
3341.0,273911.6,355.194
6477.7,894694.9,1413.404
4791.7,524847.3,726.092
2196.4,152916.2,157.135
5427.8,640811.2,903.835
8543.1,1440380.7,2463.422
2137.1,164138.2,157.135
7761.3,1004621.8,1786.351
2336.9,164403.4,157.135
6103.1,805259.0,1118.1
3967.7,390883.9,521.38
2170.3,140302.1,157.135
4759.3,498079.1,752.193
6732.7,821538.9,1327.318
4578.0,559818.0,703.95
5358.3,584177.2,841.145
3551.0,297680.7,376.786
2348.9,147370.9,157.135
5634.7,585357.8,916.925
8452.0,1292243.3,2150.775
6074.2,825477.8,1304.772
2290.7,169391.7,157.135
2245.8,157375.2,157.135
2862.8,241864.9,265.517
2360.7,150673.8,157.135
4134.6,390035.2,544.061
4687.9,493865.7,720.903
2401.9,148668.3,165.803
5499.0,691491.7,982.146
5086.9,578592.5,852.251
3132.0,294863.3,337.54
3688.8,360634.4,456.876
2170.8,150292.2,157.135
3664.1,304783.2,401.689
3934.7,408356.7,528.161
4060.5,441493.0,601.51
4818.3,534685.3,712.505
4396.0,452141.9,639.243
3671.0,348164.4,424.288
4827.1,522621.4,661.225
6136.6,774300.3,1177.314
4176.8,391502.9,486.135
4631.5,505553.4,678.171
3946.7,390400.7,451.878
3080.6,268780.6,311.757
5066.4,580801.5,800.183
3147.4,279364.4,335.623
4621.2,494000.6,716.692
4096.1,383794.1,537.119
3428.1,350615.6,410.964
3603.0,308067.4,403.024
3289.6,299463.8,348.609
2256.6,155714.4,157.135
4524.0,536490.6,714.816
4613.6,452979.2,632.736
6159.0,665517.1,1041.276
3500.6,289621.2,342.114
9464.4,1339002.2,2418.608
3512.4,294689.4,386.61
2831.8,250891.4,259.354
2791.9,202770.6,235.717
2214.3,145117.1,157.135
7068.1,1062429.0,1805.514
7336.6,1031635.7,1585.093
5156.9,529152.2,852.005
2685.5,238188.5,255.006
8307.5,1229658.6,2260.086
3516.4,323358.8,395.439
3668.2,325398.4,422.69
7299.0,1117142.2,1671.945
5628.8,616060.1,892.894
9421.8,1597183.7,3094.335
4489.6,462941.5,641.555
3361.8,311314.8,381.259
3358.0,272254.4,320.663
2185.8,155891.6,157.135
3602.5,334491.2,419.443
6758.7,781634.0,1320.653
5484.5,579037.6,850.694
4369.8,418101.4,533.69
2562.5,203842.2,235.48
4564.8,479242.9,630.357
6212.4,770368.6,1187.589
4850.8,522751.4,742.904
4381.9,473193.0,600.535
3120.3,219548.7,276.214
6041.2,676968.6,1056.075
2317.1,162202.2,157.135
4807.5,561510.4,714.788
12606.0,2353704.0,4166.716
2199.9,152893.3,157.135
3475.5,350575.6,432.217
4030.3,414913.1,521.69
3399.2,316655.3,361.641
6536.3,793241.6,1210.353
4843.2,568616.4,768.315
4431.1,451907.9,593.59
5311.1,687065.7,998.221
4295.8,386518.3,532.162
14756.7,3059393.0,6809.791
4294.8,429979.1,593.134
4814.3,427843.0,614.511
2333.2,140420.6,157.135
3148.9,276094.0,338.824
6459.8,827861.4,1323.62
2661.7,170127.7,178.966
2419.6,156806.0,157.135
4295.5,412624.8,538.879
6593.6,956426.7,1584.681
4384.1,393022.2,543.269
3479.1,336784.8,400.44
2357.0,151734.4,157.135
4763.4,524364.8,755.91
5439.3,607477.5,894.597
2179.0,147022.5,157.135
6361.5,810154.1,1309.989
5703.4,637680.5,973.138
6117.4,818900.3,1307.651
5684.0,602627.0,840.262
5103.6,622721.0,889.14
4826.5,605077.3,798.792
5945.2,744571.9,1057.174
2354.0,168181.5,157.135
2206.7,156832.8,157.135
2910.1,255937.1,290.121
3737.5,359325.7,472.873
4585.2,535842.3,717.842
4715.2,477623.3,682.056
6391.5,764330.3,1291.72
6602.5,906033.8,1324.813
2917.4,214303.1,259.924
4649.4,477257.6,636.331
2856.5,221775.2,265.119
3677.6,375126.8,451.123
4681.2,524744.9,680.469
2230.6,156597.9,157.135
10906.6,2016669.8,3665.36
4989.8,576999.9,828.751
3297.9,304887.5,324.852
8475.1,1439754.0,2481.765
3490.4,305904.6,396.808
4509.5,437561.3,584.202
3209.4,290213.8,354.561
8292.2,1146943.0,1987.826
3702.3,344383.2,482.432
4073.3,449446.7,592.244
6252.3,811689.2,1385.176
5197.0,514544.0,841.356
4116.1,379956.9,502.527
6731.3,788710.2,1284.748
11929.7,1970104.5,4061.162
4806.8,420643.4,678.07
4143.0,413655.7,576.829
4232.4,443023.7,602.422
7150.5,902758.9,1509.494
3397.5,277368.9,323.938
3505.2,358702.4,419.537
2354.2,156497.6,157.135
2348.5,196438.6,202.222
3368.9,303055.6,345.901
3978.6,366974.1,501.884
8267.4,1280267.1,2184.542
5077.7,594442.1,808.684
2734.5,217557.1,251.741
3102.3,240668.5,292.003
7127.9,997399.8,1589.803
6679.3,768598.9,1301.652
4404.3,386080.8,537.073
3436.3,291095.9,367.533
6222.5,845640.9,1299.893
2616.5,213326.1,235.785
5121.9,542760.4,720.098
10872.3,1654810.9,3278.022
4599.2,435250.7,619.521
2996.6,249245.9,281.007
4980.8,501166.9,730.82
3562.3,286889.5,359.483
2273.1,148508.2,170.703
5426.6,638304.2,923.727
6133.8,888964.3,1292.478
3586.5,311184.1,408.662
3733.7,330355.9,387.39
2895.9,214730.6,241.899
3867.5,332739.6,465.269
2925.0,266397.5,333.697
2648.5,198867.3,232.445
8795.0,1334614.9,2412.35
4888.9,552267.7,764.634
5153.1,635099.1,832.759
5890.3,658714.1,1069.969
5457.4,642370.1,977.336
3458.6,293288.6,376.351
4533.4,447922.5,653.995
3564.8,338194.1,422.689
5249.7,531158.3,747.556
4600.9,455731.7,691.469
3200.4,313091.5,385.7
2568.5,159971.8,179.857
4190.0,440174.8,590.696
3901.3,373932.6,445.335
2175.4,156081.1,157.135
5129.3,560301.8,790.429
6017.6,726500.3,1143.012
11780.6,2050283.1,4028.153
3460.6,319976.2,383.056
3203.8,289508.9,340.12
2640.2,194818.2,214.726
4377.2,462979.8,621.163
4104.1,427053.5,618.006
2876.7,228724.7,273.041
4271.2,370515.3,455.99
2078.4,159066.8,157.135
5992.8,730869.7,1107.677
2966.5,262269.1,282.126
4336.7,401559.3,510.566
2199.7,157719.6,166.279
3244.7,258747.6,328.365
3752.5,359234.6,419.106
4038.6,413035.9,520.271
4807.8,596756.2,772.836
7290.9,1128276.4,1674.393
5422.2,602054.1,947.611
5946.8,698134.5,1140.089
7595.6,881368.6,1683.905
5224.3,605176.7,830.958
4116.1,404016.7,509.722
6218.1,771074.9,1184.051
6543.0,752037.4,1246.621
5590.9,605462.3,885.481
2247.9,158174.7,162.578
3008.2,241996.9,266.483
3473.0,339930.9,420.709
5112.3,684116.6,984.121
4358.3,392418.6,516.072
6375.1,883895.2,1312.457
7012.6,964730.7,1515.354
6308.1,817364.6,1380.037
6312.6,933555.0,1387.14
2615.0,218110.5,227.632
5092.8,559329.3,774.647
3133.5,274416.1,321.77
2205.7,165695.7,157.135
3532.5,306523.1,416.453
7301.4,1000693.8,1527.0
5093.8,526125.2,761.099
9037.2,1553066.7,2669.405
4510.5,451502.7,605.636
10850.0,1823127.2,3774.958
4330.4,437871.0,605.778
4115.3,427467.5,534.625
2503.8,173631.4,187.238
6168.4,794116.4,1284.926
3405.5,280663.8,350.298
3479.2,272392.3,311.684
6898.0,998116.2,1474.388
6525.8,758989.3,1335.239
6426.5,955459.9,1307.372
3599.6,320208.4,392.116
3753.4,398793.6,503.895
4269.8,376868.2,500.302
5825.2,662904.2,986.422
7447.4,1100526.4,1836.237
4745.7,481639.6,706.37
8856.3,1373714.1,2578.654
5936.5,757458.8,1081.93
3726.5,318397.3,434.512
5758.7,698293.9,1023.836
7798.3,1180428.3,2076.157
8967.3,1383825.8,2627.74
6901.5,949667.4,1366.448
4041.5,388046.8,536.003
3368.9,329009.2,440.898
5123.0,574991.5,835.229
8834.1,1133563.4,2023.356
5034.8,529682.9,744.733
4794.3,540835.7,757.299
4163.3,418705.8,547.231
3679.2,322049.2,403.106
3568.2,348158.6,460.717
4170.2,451141.3,585.572
8296.9,1205215.3,2096.603
3954.4,334610.8,432.794
4101.1,445955.0,547.766
3069.8,227762.4,261.396
5292.2,671105.6,935.41
6189.9,1027383.6,1579.497
8100.9,1216866.3,1944.265
4532.1,472468.0,618.527
5304.3,579732.2,834.075
3949.7,361440.9,463.915
5094.0,555861.0,803.503
4589.6,439823.8,676.19
4146.6,430868.5,550.267
4240.7,442895.8,586.671
4824.6,558324.0,755.708
3375.9,329244.6,414.217
3530.2,353964.2,431.825
8077.5,1123495.1,2078.538
11136.4,2167628.3,4665.225
2321.0,162715.5,198.908
2427.2,176543.9,190.268
2764.4,207799.3,242.76
3870.9,358001.3,483.092
5330.2,725282.9,1080.698
5517.8,573763.7,845.512
4135.1,416362.4,603.104
4894.1,639415.1,804.097
2939.6,255760.9,300.574
3901.0,324001.5,431.259
4122.2,382164.4,516.593
2193.6,151194.2,157.135
2504.1,187693.7,205.931
2619.2,207328.8,212.634
5289.2,652600.7,971.894
4580.1,514525.3,639.816
5113.7,580937.2,859.118
2282.4,155795.5,157.135
2291.6,161888.3,158.83
5212.9,651740.5,895.997
2059.3,162847.8,157.135
6627.5,869784.3,1408.645
2109.6,152467.0,157.135
5758.1,609142.1,1035.981
2827.3,223543.5,256.553
6090.7,831402.5,1222.637
14133.5,3312696.2,6966.867
2344.2,151850.8,157.135
5310.5,682376.3,919.524
2456.1,149608.6,157.135
4859.8,508588.5,740.543
3812.8,342262.9,444.438
4312.4,411516.3,582.915
2868.9,229437.8,251.82
5846.6,671796.6,984.851
2382.6,162228.6,163.401
6279.5,873137.2,1428.086
3585.7,306599.1,377.523
2368.6,145333.2,169.527
7781.5,1140706.6,1898.493
4258.8,385223.1,497.292
9453.9,1296171.4,2442.608
6930.7,875243.9,1404.934
2898.7,236233.8,275.95
3764.8,413939.1,490.269
4421.9,410459.7,578.821
7980.8,1088889.3,1796.335
4494.2,502621.7,746.986
4581.9,436184.1,605.179
3731.8,356834.4,446.913
3724.4,383421.4,504.065
7043.4,928063.5,1502.41
4244.0,408022.8,526.597
3436.4,302762.7,381.885
3120.1,290776.3,333.122
3500.7,275889.0,336.019
2261.2,161330.6,169.608
3163.4,251282.8,286.781
7035.0,1063919.9,1756.42
3822.9,361879.1,444.5
5512.3,640530.9,926.244
2315.0,156127.7,157.135
5454.0,568177.2,830.023
3706.4,342007.1,461.007
3436.5,273286.4,356.186
4161.5,413820.3,607.459
3166.8,317590.9,352.081
2184.4,136535.4,157.135
6023.2,770145.5,1103.997
4819.3,449409.2,638.612
3878.6,346961.6,407.663
2729.5,192336.9,241.0
2287.8,153375.8,160.595
4644.0,497377.0,628.845
8071.9,1174012.2,1927.017
4404.9,448729.9,618.428
2347.8,148955.8,172.272
4454.6,433248.6,629.466
3966.2,414620.6,502.934
5709.6,686739.9,1053.408
5193.1,589858.2,856.126
2199.5,154686.3,157.135
4864.3,533088.2,814.734
2822.9,213940.0,233.864
2352.3,156756.7,166.946
4082.7,359771.8,451.04
4894.0,506922.7,731.175
2198.5,140972.8,157.135
5293.5,617196.0,926.367
5568.4,676193.8,971.292
4257.5,420854.8,545.284
2852.6,229170.7,260.923
2596.5,222689.0,238.451
5998.3,767824.6,1200.211
2237.1,152938.6,157.135
6463.5,776346.7,1238.072
3602.5,377519.1,459.58
3973.4,381872.9,486.003
2255.3,148320.4,157.135
3782.7,338070.7,466.477
5111.0,628376.4,860.867
2315.6,162955.9,178.829
5023.8,554121.4,784.7
4430.8,476904.6,564.073
3307.3,275153.5,312.512
5512.8,752863.3,1045.483
2218.8,148460.1,157.135
4304.2,528139.4,694.256
7881.8,1138788.2,1936.348
7476.5,1031701.4,1675.565
5091.3,569442.5,718.809
3369.0,325013.0,411.711
3028.0,265959.4,314.521
3637.6,314767.4,411.299
4768.5,594266.0,813.793
2972.0,231323.6,273.934
5684.6,686607.5,966.673
9170.0,1458409.7,2929.459
4006.8,395374.1,499.485
2264.6,162934.8,177.682
2511.2,174484.3,177.632
5634.0,660033.4,981.701
3888.2,375032.0,500.346
5536.9,691099.6,1064.319
3347.3,271980.9,341.515
6029.4,713163.2,1025.414
3717.2,343026.3,462.143
2988.8,246332.3,290.941
3373.5,314513.4,380.042
2684.5,200578.0,200.084
8439.3,1442915.0,2608.898
4138.0,371679.9,485.789
5218.7,614933.1,882.594
3281.9,255313.6,340.625
2638.3,191361.2,224.909
3754.6,337897.1,434.834
6185.2,785731.2,1275.26
3456.1,264152.9,345.084
3006.6,238396.3,260.312
4182.6,448324.6,595.105
5131.6,556152.8,784.945
7809.7,1115192.0,1973.232
4722.0,504889.3,698.223
5630.1,622172.9,882.224
5314.8,628155.2,937.406
2664.7,194639.7,207.313
2822.8,206729.7,241.554
2619.8,200008.2,219.188
2424.3,179568.5,179.445
5686.5,711055.9,996.764
4384.9,515779.7,663.283
4118.1,427446.7,559.764
2143.9,152750.1,157.135
9251.9,1473025.3,2751.681
3007.4,205483.4,255.379
9560.6,1405158.9,2743.568
2151.9,155949.9,163.285
2913.4,235829.6,272.798
2256.5,163667.0,157.135
4871.1,539967.3,702.951
2554.5,190179.3,216.143
2523.8,208810.2,221.122
2345.1,161346.1,173.701
5718.1,683760.9,982.326
5494.3,659377.7,931.523
8185.9,1370134.5,2261.482
3325.1,251030.5,302.123
4445.3,484972.1,626.279
2449.4,158759.8,185.744
3476.9,344158.1,400.791
3465.4,286155.5,345.609
5041.3,539991.6,763.376
6234.1,696539.5,1191.623
5817.8,743842.4,1166.956
3039.8,248810.3,266.193
6298.1,745980.2,1173.937
4180.6,403246.7,506.701
3590.6,325300.9,404.178
3062.2,267371.0,296.621
3237.2,281707.5,334.352
9032.8,1174994.5,2137.918
4525.8,489466.3,672.628
4181.0,485381.6,604.359
3622.0,346576.5,425.006
10717.9,1926492.9,3769.413
7270.9,1039460.0,1502.917
2894.6,266499.7,293.636
3578.4,349578.7,421.13
3777.0,354262.0,441.769
4559.2,456167.0,590.522
3169.6,264631.3,298.368
5202.9,476311.9,747.768
7437.9,1041316.2,1692.046
2387.3,170260.6,182.143
2683.9,188663.7,211.509
3184.4,290331.2,355.693
3200.2,279469.5,369.235
9506.4,1326801.1,2628.114
6170.0,812770.7,1177.008
6213.4,753126.4,1123.813
3550.2,299227.6,424.281
3833.0,323398.7,416.842
2338.4,164083.7,162.961
5592.3,653474.8,985.803
5021.8,584725.8,779.92
6956.7,966710.3,1480.063
3627.0,326534.5,442.987
3800.4,362753.5,468.337
4434.4,436822.1,602.14
5754.7,663722.3,1077.322
2130.7,144272.1,160.548
5562.4,618038.0,950.169
4190.5,382618.3,516.426
2783.7,205188.9,223.696
2283.6,160683.0,157.135
3996.3,376151.7,470.344
7617.8,1057001.9,1686.09
8049.7,1162904.8,2024.514
4332.2,518825.5,699.138
9436.8,1407867.1,2552.015
3875.2,380900.9,507.168
5734.7,813845.6,1131.977
3259.8,266361.7,364.964
3668.0,261611.0,346.794
3165.3,263651.2,304.126
2144.3,150501.6,157.135
6678.8,854287.6,1481.37
3155.2,251110.2,313.047
3023.4,228005.8,275.218
2568.5,195617.1,202.858
3626.0,372845.2,445.303
8422.6,1354573.3,2174.721
9270.9,1426182.6,2837.944
2331.1,142432.2,157.135
3550.4,296484.7,394.57
2612.9,219174.0,228.116
6255.4,773065.8,1164.393
4657.3,483514.7,661.438
3102.3,268638.9,314.327
4332.2,418320.9,556.649
3457.1,278227.1,357.343
8216.7,1162932.0,1928.268
5240.6,564324.3,815.863
5306.8,580641.3,900.781
2089.3,156951.5,157.135
4007.6,375383.6,497.514
9590.2,1551175.1,2813.876
6987.0,935457.9,1528.714
1981.8,159459.7,157.135
3700.6,330707.1,407.833
2427.8,176525.4,199.365
8369.1,1226090.9,2084.811
4826.4,477003.9,639.262
2968.7,250347.2,282.783
4216.2,431002.7,539.68
2238.4,147883.3,157.135
2695.2,205653.9,219.0
4163.9,375986.6,540.675
5627.8,686444.9,1037.929
2156.0,150428.8,157.135
3734.7,336618.6,386.168
6246.5,761621.6,1184.599
2353.7,161889.0,162.994
4553.7,424948.9,631.532
4363.4,410446.5,553.697
7866.4,1158964.2,2090.327
3736.8,390606.0,436.148
3891.1,346652.7,457.216
6073.0,697271.6,1045.724
2664.7,171314.0,180.285
3799.7,320671.0,439.412
3312.0,290667.4,363.645
3683.4,373521.9,469.421
5547.3,694763.9,1040.216
4952.9,510075.5,820.612
2691.0,240148.0,287.172
4202.5,460113.1,586.173
7666.6,1077751.8,1745.162
2931.9,248936.7,268.66
4287.8,418471.3,590.187
3542.8,376835.7,449.34
4154.8,383545.0,499.033
2281.7,165146.6,157.135
7210.8,994276.9,1636.621
2738.8,219352.8,281.292
6058.5,809400.5,1200.346
3236.8,262304.5,318.199
3172.2,262488.9,317.143
6713.6,813847.3,1395.643
6268.5,824015.4,1169.609
4472.3,446203.4,621.175
5699.2,707531.2,969.581
3517.0,325284.1,416.09
3878.1,380131.0,521.498
3190.3,279138.9,308.044
6044.9,714443.3,1087.937
3155.0,255203.0,300.252
7473.3,978217.9,1737.744
3551.6,319191.5,407.042
4155.1,414451.2,533.776
5632.4,611863.5,967.689
4198.9,395729.0,535.222
4022.4,323502.6,412.965
3891.1,393965.5,512.475
6664.8,767042.4,1078.99
2975.0,257223.1,307.739
3944.0,356518.1,474.24
3911.7,462316.0,529.397
5860.7,684068.1,1053.868
4082.4,371813.5,484.435
8479.0,1261755.5,2254.685
3988.7,356928.5,462.799
3650.7,344793.5,433.503
3513.9,375429.0,457.425
2464.9,174797.4,181.701
2694.2,216534.6,227.681
3236.9,299575.3,342.332
6352.8,841362.2,1311.359
4098.2,399317.4,511.196
3253.6,309597.6,355.268
6799.7,835068.5,1410.809
8006.3,1233103.6,1832.708
7358.8,876593.9,1443.993
3065.0,226952.9,263.997
3368.7,273801.8,352.244
8574.4,1215060.8,2264.586
4431.7,491011.9,637.647
3600.8,377383.6,423.167
5651.8,618360.8,936.705
6057.1,779843.8,1182.322
3293.7,280025.1,331.264
4295.4,484825.2,626.592
6270.2,812900.9,1107.84
2527.4,204441.5,206.101
4289.3,398746.0,530.276
2535.6,200389.5,213.868
2667.2,219107.7,237.645
3434.4,278174.8,333.5
4830.0,515486.8,771.211
3370.8,312543.5,405.017
3018.5,279123.7,311.34
4317.5,440584.4,547.3
2653.5,189132.1,208.326
4711.1,534756.0,741.758
6285.6,881472.1,1306.672
4065.9,349331.0,492.561
3969.4,343548.3,445.917
4736.8,563381.8,709.39
2285.6,154808.4,157.135
5253.4,534823.2,809.221
15543.8,2975067.2,6395.01
3713.5,389271.7,475.603
3791.9,326414.7,476.966
5403.3,652318.9,955.969
8196.6,1135084.7,1977.186
5992.0,691444.7,1151.914
2263.6,153134.9,157.135
5152.7,571755.1,826.743
11519.8,2099130.0,4172.12
5273.7,587683.0,867.033
2674.0,180698.9,207.048
4403.4,446420.0,658.903
2424.5,169368.0,187.043
6396.7,925263.6,1417.955
2805.3,218693.5,243.009
4177.6,418512.2,557.399
3018.5,218607.6,263.001
3278.0,276246.7,338.006
7306.2,1082807.8,1739.137
4218.4,438885.5,570.678
3494.7,272573.1,334.549
2419.0,167900.6,208.618
2180.1,147448.7,157.135
2471.6,174414.2,191.528
4167.4,411218.9,574.602
6185.7,737760.6,1156.813
3253.0,290572.7,334.24
7773.5,1099928.2,1861.536
3074.8,264857.9,294.48
3697.3,318438.0,433.388
2511.8,196569.5,219.953
6134.4,688224.2,1166.669
8866.6,1515172.1,2846.492
2176.2,144740.1,157.135
3624.5,341443.4,397.214
7133.9,923543.0,1454.97
2505.7,165696.8,163.588
5047.3,564638.3,828.935
6457.4,836163.7,1405.065
4306.2,399476.9,559.192
5496.8,578441.7,818.038
8833.1,1363897.8,2170.186
8596.5,1435278.6,2524.239
3963.2,377514.1,499.451
3411.4,281356.6,341.861
2926.2,220875.7,250.143
6202.6,831725.4,1153.768
2309.2,175837.8,173.804
3777.9,344624.5,428.332
4420.2,430088.6,570.325
3214.5,293820.2,350.05
4824.0,491478.7,657.837
11949.5,2048864.6,4147.256
3777.1,354850.5,476.016
3557.9,318363.2,369.649
6355.3,771244.8,1190.001
4656.3,489899.3,636.848
7773.0,1099466.2,1674.745
4364.8,456919.3,599.545
3746.4,347255.6,429.767
2011.6,178973.0,157.135
2337.5,154095.7,157.135
2328.5,144415.6,157.135
5026.5,504115.7,712.771
2273.3,179757.3,175.143
7043.1,843104.1,1444.22
4308.4,393143.9,537.982
3608.2,361472.6,431.237
3033.9,229215.7,265.97
5348.9,594648.7,866.905
2760.8,251461.0,274.541
2812.2,204621.2,237.301
6396.8,800331.1,1368.055
4408.3,469414.7,698.713
3772.1,354221.5,434.466
5277.7,613267.9,880.405
4337.9,388941.3,528.819
4803.0,483618.4,714.884
3033.2,233254.0,271.822
9604.7,1608342.3,2784.971
3370.0,264228.0,329.09
7383.0,1056128.0,1839.869
3817.0,333954.2,450.897
5625.0,661349.3,1006.156
5638.6,653650.9,948.767
6553.4,932117.8,1323.059
2841.5,235383.7,266.663
6218.6,798793.1,1249.262
9185.2,1374559.7,2325.065
3440.5,350837.6,426.225
4263.1,397737.0,539.919
3477.7,320512.9,344.33
3637.1,319808.8,397.126
8811.8,1221105.6,2085.351
2830.7,215381.7,233.722
2838.8,221890.8,245.719
7675.8,1220668.8,1923.076
5340.9,581414.5,868.507
9868.1,1633565.7,2899.418
3408.5,301906.7,365.197
4173.7,456163.2,581.272
2983.9,258680.7,308.279
4361.4,431456.6,589.3
2107.0,158194.6,157.135
5284.5,633844.9,911.833
4223.7,473349.9,681.392
4127.9,412597.2,501.23
3656.5,322868.9,383.313
2858.4,224016.3,255.28
5895.1,625193.0,943.802
2690.2,191612.5,204.315
5119.7,575566.0,793.131
9384.0,1408164.8,2794.082
7332.0,1062981.8,1738.256
2286.4,157566.9,157.135
3273.0,251798.2,340.661
4950.0,530503.7,737.376
4072.3,396119.6,496.115
2303.8,167186.8,169.977
4986.5,534238.8,716.212
4032.8,391295.0,520.805
8845.1,1305725.4,2455.812
3548.4,310768.5,428.106
6471.8,897801.4,1345.806
2673.5,183191.0,189.104
2604.9,218752.4,229.286
5561.9,614810.3,939.21
6209.9,838149.9,1257.439
2542.9,200318.8,242.713
4219.4,389298.6,535.314
2290.3,165316.2,172.436
3847.3,368198.3,453.685
5956.4,746826.4,1030.633
3461.7,298827.6,369.782
3745.0,326507.2,429.555
2503.4,184571.1,211.229
3237.0,254650.9,311.355
8235.7,1389703.2,2165.31
3884.8,435789.0,556.807
2820.3,221786.0,234.085
3766.4,322921.0,407.391
2371.9,152496.3,157.135
2961.8,215596.5,231.86
7291.6,938283.0,1571.448
3938.4,359916.1,468.072
9144.6,1309710.9,2409.555
3795.2,368135.3,486.194
3766.9,392113.3,510.022
5190.3,580803.4,880.023
2352.7,154705.2,157.135
4322.2,463430.5,619.313
4081.7,384426.6,504.703
7609.3,1001255.3,1738.981
6086.8,749568.8,1142.402
2458.9,187942.3,210.566
6833.7,893784.0,1428.663
3614.9,357124.4,424.983
3038.3,209878.5,253.293
4629.9,506766.1,615.414
3707.9,350003.0,445.874
8151.4,1101882.5,1814.028
4752.3,480231.2,690.874
4152.2,483959.8,619.672
5855.7,711009.2,1084.945
6776.2,794086.6,1266.736
5422.7,644665.3,987.286
7220.2,986373.8,1648.137
4945.6,605253.6,857.472
4166.8,449901.0,600.979
6511.6,888228.4,1425.251
3750.6,364353.3,487.941
4040.2,393576.0,539.284
8766.0,1187013.8,2102.486
7844.0,1165616.1,1940.236
4202.8,411636.2,521.578
3555.6,310981.9,364.282
7049.0,1028202.7,1707.23
5457.0,683703.9,1000.755
4784.7,486549.3,677.072
3499.3,298170.1,405.066
4803.2,490465.3,685.922
4331.8,387430.2,515.921
2949.7,247653.7,307.371
4243.3,422895.5,582.567
4511.6,478271.2,650.249
3439.4,296963.6,387.965
5740.3,691924.5,1087.728
6734.8,992904.2,1483.449
6036.6,690543.5,1147.217
3680.0,331966.8,420.237
5756.5,614788.8,965.425
4212.4,405442.8,559.072
2597.1,178697.8,193.941
5233.3,587951.2,902.893
4130.8,452690.7,590.646
11479.0,2280107.4,4245.443
7488.3,1068401.9,1699.128
5632.8,666489.4,931.287
4789.6,438762.2,641.787
4415.9,439527.5,599.079
2810.4,214555.1,233.824
2361.3,159298.9,157.135
2786.7,248988.4,259.888
3974.9,409520.0,505.22
2497.5,159500.5,157.135
3395.8,321513.9,338.586
3774.6,342911.2,430.048
3882.9,343420.1,441.349
2967.0,263627.5,308.019
3470.0,306851.3,398.705
7860.0,1220621.2,2106.415
5425.9,562761.7,895.225
3212.7,271668.6,334.253
3990.5,380873.0,496.889
3990.0,412207.0,513.182
2809.8,257941.7,282.746
3105.3,232349.0,282.479
5722.1,852018.9,1185.399
3351.4,307683.5,374.332
2494.0,200041.2,217.289
3877.0,359099.6,507.087
4320.0,418793.9,577.41
2348.7,160728.0,157.135
3776.4,393278.1,508.066
5669.5,704364.7,1056.755
4569.9,541625.6,755.286
9795.4,1568288.1,3166.719
6784.5,892554.7,1439.029
7554.7,1093213.6,1687.75
11602.1,2570654.0,5014.311
5669.8,648615.1,967.244
4197.3,480879.5,598.764
5762.4,704252.4,1150.775
3270.6,265910.6,334.54
4375.9,471023.1,572.626
3134.9,271399.3,311.513
4591.8,510016.9,723.562
3129.6,262232.3,310.465
3009.7,246925.7,301.826
4945.1,529908.2,732.65
4035.6,369955.1,469.875
2327.8,152660.5,157.135
2271.2,147802.7,162.456
2691.9,193613.9,208.275
2748.3,220643.8,257.716
5185.9,497794.7,733.212
4283.6,491170.0,626.339
5787.4,886778.4,1238.879
5845.0,716786.8,963.079
6117.5,825414.5,1245.51
5245.9,584797.9,857.274
4266.9,456672.1,621.683
6994.8,829942.6,1273.369
6366.1,709140.1,1101.478
5058.4,544962.1,710.91
6843.8,820572.3,1462.367
2324.9,150270.4,157.135
3627.2,345531.3,415.45
3778.4,315099.9,410.35
6396.1,831684.2,1329.291
8200.7,1135804.0,1862.814
2236.3,169566.7,163.162
7116.2,932075.9,1637.155
2501.6,175675.0,204.256
2599.9,182952.8,209.294
3660.9,318738.7,434.692
3665.3,303027.6,406.265
2192.9,145269.3,157.135
5480.1,647400.2,886.418
5709.5,610770.5,907.762
6268.0,791106.5,1227.71
3749.8,288607.0,370.23
4207.1,402806.0,508.542
4396.9,431155.7,512.309
8047.5,1137067.1,2046.349
2091.7,166244.6,157.135
2701.4,219983.9,242.801
3997.6,402105.1,527.376
2539.8,202838.7,218.893
3372.7,345599.0,426.353
4046.3,404992.9,474.302
2910.2,268884.9,309.023
4352.6,428768.9,553.026
5744.1,587693.7,871.031
3601.3,358498.8,433.998
3457.4,284937.6,364.387
3761.8,361721.9,459.371
4211.1,460203.1,521.889
2131.2,134560.4,157.135
4895.6,545405.9,761.597
3563.5,303417.0,365.032
6780.3,892686.4,1451.171
4858.1,580064.0,845.376
6881.1,855117.0,1348.045
2581.6,206000.7,232.45
3529.4,318606.0,389.221
2535.2,175366.0,192.895
3090.3,281115.1,297.416
7490.7,886215.0,1440.184
7662.8,1074702.6,1741.017
2552.0,184678.7,208.13
3480.1,312152.8,362.898
3996.1,395379.6,493.756
5183.0,596342.4,841.673
2257.4,144872.8,157.135
2197.0,146878.0,157.135
5020.1,597216.9,779.023
2190.7,146796.7,157.135
3163.7,309910.1,366.271
4565.6,423930.3,598.292
4723.3,550434.0,733.946
3881.3,353049.8,468.36
3420.7,301366.4,390.991
5577.5,665937.6,1037.005
4397.3,468008.8,660.698
3270.2,269181.2,311.692
4351.1,411614.9,541.233
4773.4,485208.4,714.974
7992.7,1210379.5,2096.835
5242.3,627714.0,989.451
6881.6,904633.3,1397.256
3109.7,281454.3,320.973
3163.6,285187.7,344.126
3720.9,348669.9,434.308
3805.4,398353.4,467.661
2561.8,207373.2,233.009
6439.9,863732.2,1456.324
5912.3,728345.6,1069.927
3519.2,310625.4,410.387
5401.2,599140.3,880.603
4496.5,448566.5,628.342
5695.0,614800.2,937.823
2299.4,166182.6,177.694
3889.4,381221.9,466.874
4095.0,407549.6,501.035
5123.7,626836.2,867.873
3318.4,271495.9,316.394
2091.3,150556.2,157.135
2556.0,177152.2,219.577
3724.3,392023.6,499.821
4071.2,372232.7,552.765
8003.8,1076728.2,2039.356
5342.6,578203.1,839.735
4196.6,427558.7,560.682
3938.4,383316.3,511.498
5993.0,880921.0,1278.337
3068.8,280043.5,326.319
3909.9,361182.5,468.902
2729.1,212585.2,218.243
7117.9,1080691.4,1647.397
5024.0,528995.3,720.37
2958.1,244051.2,296.858
3841.6,361764.2,478.764
4956.7,517259.7,791.697
3926.6,339859.7,428.973
3312.2,269134.2,341.284
2921.4,258273.4,309.874
4866.1,504649.9,689.95
3808.3,287800.2,393.425
3369.6,280496.9,364.222
2301.1,164937.2,178.879
4364.4,419779.0,558.927
4109.0,347499.9,453.684
3713.5,320986.1,405.139
4148.7,439281.7,616.241
5692.9,603100.0,959.361
5509.6,612700.7,924.122
4914.4,565662.1,819.665
3904.8,337515.9,432.461
3309.2,279312.3,332.454
2828.0,208555.6,226.366
3083.8,282580.2,325.519
4185.0,392795.6,533.407
2871.9,222866.0,278.6
4289.8,453868.8,567.285
2937.9,219010.0,241.141
2111.5,145400.1,157.135
5382.0,688471.6,1016.186
3506.7,311012.0,358.209
2914.7,254449.2,267.436
2755.8,200256.6,217.438
4691.7,554475.7,738.319
7125.6,914386.9,1590.006
3570.6,308163.9,379.407
3777.9,342601.7,441.3
5858.5,812676.6,1245.238
2502.7,165303.3,157.135
9103.7,1440693.2,2562.036
10369.5,1846751.2,3763.711
2263.8,143172.6,157.135
3996.9,408186.6,485.35
3182.6,258388.8,294.137
3811.5,345156.4,424.142
3422.9,300476.3,374.754
5290.2,684748.5,1009.943
3977.8,354381.4,479.492
2650.9,226869.4,251.979
4002.3,337830.0,457.0
4883.0,547973.7,794.979
2601.4,180725.6,202.245
2177.6,129587.2,157.135
8943.5,1421870.4,2616.021
3054.8,252943.7,312.847
3978.6,362572.3,470.011
3395.6,309796.6,381.024
5255.2,622696.9,816.605
8151.3,1274734.8,2191.077
5114.4,591641.5,837.834
2238.7,156335.3,157.135
2353.8,171316.2,172.083
3353.1,316647.8,380.666
3772.3,341534.1,422.96
2211.4,158030.0,157.135
5809.8,601372.8,1016.133
2636.0,220605.0,218.761
7635.6,1135185.9,1749.189
8371.3,1308923.2,2277.207
3582.3,317854.2,429.826
4960.9,564438.7,747.862
2438.7,174746.9,194.536
5569.4,614672.2,867.896
3352.1,272314.1,351.41
2495.7,221994.4,218.599
3552.4,309094.2,415.828
3254.3,297516.2,360.719
3741.6,291940.7,403.994
6179.6,736948.7,1128.676
2970.6,236211.4,278.82
8317.5,1296946.5,2125.393
2387.4,166789.3,180.472
8109.1,1200790.9,1930.109
2769.9,197497.0,231.421
4200.6,394471.5,524.598
3328.2,288057.9,353.682
3469.0,328805.9,397.994
5795.9,683598.6,1001.512
7956.9,1091582.2,1758.412
6900.5,874103.9,1370.455
3697.9,318729.7,378.862
4429.8,431039.0,609.075
2868.2,246537.4,279.546
2645.4,228933.7,236.123
2720.8,175783.1,208.438
3179.8,309399.9,369.004
4799.0,486415.8,642.012
2166.2,164068.1,157.135
4331.4,402910.8,505.775
7505.9,1069270.0,1781.517
6610.2,843132.9,1296.732
3551.0,264611.9,327.617
2296.9,159541.2,170.324
4850.3,503697.8,760.54
2174.2,164280.3,157.135
6140.5,837606.8,1284.503
3700.1,333214.9,442.003
8359.2,1321534.6,2296.869
2126.4,161610.6,157.135
5866.0,760433.4,1100.354
3995.3,358208.7,484.176
3450.1,276488.7,402.081
2337.7,168830.7,174.075
5495.6,562306.7,848.58
5069.8,638637.1,905.377
9063.2,1327066.4,2212.972
5970.7,810696.5,1183.038
3242.5,297863.9,325.325
2869.9,222939.8,233.792
2508.2,180815.4,174.265
7538.8,1108844.7,1721.114
2904.6,260838.5,280.427
7190.6,1037525.9,1730.859
4934.3,526556.3,801.598
5033.6,560656.2,684.932
3556.1,329507.9,409.994
5402.1,651765.7,894.163
3894.8,385603.6,518.521
3362.2,331111.0,389.903
5414.8,554896.1,919.989
3806.2,357435.1,467.51
2932.5,238095.6,275.908
4904.6,603141.1,851.374
3970.6,405307.6,498.639
5294.2,519466.8,778.574
3289.1,308796.4,364.192
2602.1,195211.2,198.148
7157.8,1377791.6,2125.48
7379.8,1124132.3,1825.977
5405.1,691677.7,1070.301
3672.3,292562.7,384.103
3750.0,361454.5,412.164
6843.3,1012709.5,1599.543
3584.5,318326.2,394.767
3322.8,245545.7,315.345
9173.7,1277695.3,2373.905
3944.0,400664.8,505.236
7628.3,1274278.9,2183.384
2243.9,147437.6,170.116
5191.8,577099.6,797.161
10238.3,1406912.1,2786.507
4126.6,436670.8,537.767
3585.8,341216.1,424.404
2809.6,184241.9,204.865
6423.7,845237.9,1256.034
2852.5,248006.1,282.252
3914.4,402388.9,486.405
2586.2,181346.4,194.136
7630.6,1099934.7,1841.172
6717.9,830989.9,1331.653
3783.7,397455.5,511.831
2423.5,207076.5,207.123
7367.9,1050893.2,1810.292
3486.5,326611.4,390.935
2652.9,187865.1,215.456
2293.2,137536.0,157.135
3476.3,266720.7,311.956
2207.7,159649.1,162.577
3139.6,266466.4,317.829
5361.1,600304.4,956.587
3667.6,319093.4,387.964
4934.8,510268.9,699.317
2998.9,240208.7,293.099
4556.3,390192.3,553.338
8613.3,1363935.1,2468.86
3700.3,330387.9,396.471
5056.7,523732.8,715.701
2117.0,145937.8,157.135
7715.8,1074051.3,1787.386
3023.3,307657.7,357.404
6448.9,743202.8,1224.244
3720.8,370939.4,475.41
5348.2,634971.4,859.476
5519.1,578922.8,901.645
3561.3,316833.2,364.609
6574.7,877639.2,1265.751
3016.3,242706.3,284.798
5506.2,649823.3,982.784
3481.4,327791.6,383.362
4499.0,496885.7,695.867
3363.6,264220.5,361.813
4121.2,411405.4,546.604
2567.8,204985.2,220.82
4211.2,487313.8,640.953
3952.5,394159.5,544.06
2897.9,278817.7,339.725
3947.7,405721.0,502.252
4375.6,435151.4,584.902
2863.3,249256.2,319.489
3916.6,391962.5,473.277
2711.6,207118.1,233.474
10032.0,1918327.6,3476.864
6154.3,739049.1,1232.744
4757.4,474527.3,654.281
6302.6,874344.1,1350.27
2242.5,151845.8,157.135
2266.7,143749.5,157.135
3366.4,274657.7,380.565
2441.1,177623.9,172.856
3775.2,347983.4,433.88
4394.8,484554.5,619.671
6508.1,759108.5,1102.367
2689.8,198001.5,209.792
4487.1,509730.8,724.523
4046.5,414081.9,531.15
5187.9,538061.3,694.719
3186.4,287533.5,345.351
7153.6,1073976.4,1600.584
4117.2,347440.2,483.007
8573.1,1159576.6,2193.537
3067.9,252678.9,277.68
5677.2,620347.3,955.368
3993.2,426663.3,500.377
3469.0,346492.7,403.154
5364.6,651544.3,873.96
3564.3,345031.5,412.544
2192.9,145640.8,157.135
2372.1,140366.3,157.135
6720.2,979873.7,1463.959
7182.2,820978.3,1415.05
8832.3,1463163.4,2402.982
4031.8,409312.1,517.662
2257.0,173311.9,185.25
3756.0,312275.2,374.392
4104.1,412785.6,529.883
2486.8,207040.8,233.194
8260.1,1244461.1,1982.359
10054.7,1818430.5,3191.591
4773.6,549187.6,771.933
4222.8,385790.4,520.45
2189.9,185434.1,184.902
7405.4,980627.7,1825.715
4163.7,429958.9,558.327
3762.9,344759.0,415.885
5425.6,523797.4,773.735
3195.8,288116.6,327.478
4415.9,439515.4,591.0
2550.6,153702.7,164.179
6333.6,846686.3,1260.845
3992.0,354496.2,482.656
6203.3,882593.1,1335.862
4075.3,318462.1,446.461
3759.3,371954.7,470.448
2534.2,183622.2,197.638
5603.5,635967.0,968.492
2881.0,232085.2,259.201
3301.1,291404.3,354.759
4127.6,422296.7,525.47
4603.3,445172.5,578.908
2449.0,156000.2,157.135
3697.4,350053.2,435.912
5529.5,652880.2,996.579
3396.8,308982.4,387.046
4155.9,350660.7,438.051
4385.2,440688.0,598.444
4061.2,390200.6,474.346
2773.9,206969.8,228.824
4398.8,398482.4,509.871
6039.3,708440.9,1169.787
2559.4,213095.7,225.045
3785.2,305454.9,388.251
2427.9,155928.1,172.429
6081.3,797545.4,1121.153
4186.3,390580.3,487.367
2961.1,242987.2,264.613
4515.9,434635.9,565.554
2540.9,183396.6,199.031
2793.4,202755.1,228.275
2317.1,162368.9,161.858
2624.2,212968.9,222.233
7003.1,957185.1,1567.651
2993.7,276792.0,290.797
4983.4,535402.4,764.469
2864.5,217764.5,267.594
5647.0,599389.4,968.318
2746.3,189875.7,229.643
4185.6,402179.6,541.89
4211.5,409432.4,547.872
10206.0,1857932.6,3426.992
5209.0,600233.0,872.63
3009.9,284919.7,325.585
5359.5,624037.3,911.902
9297.8,1590026.9,2941.32
2244.4,148168.0,157.135
2828.0,249699.8,266.264
3421.7,318298.7,433.778
3779.8,310584.8,375.146
3540.6,320114.7,401.528
2559.9,179561.2,183.527
7044.7,988729.3,1627.668
2465.3,160058.7,166.828
3599.8,347194.2,446.793
6272.0,842381.4,1219.613
3864.3,392665.3,512.409
3055.7,234942.8,238.448
2349.5,170100.1,177.07
3850.1,345537.1,436.196
3066.7,243948.4,285.247
4434.0,470044.7,619.458
2371.7,157484.9,169.697
5987.1,681140.6,1010.983
4397.0,431471.9,576.267
4439.9,459874.0,611.82
7456.5,1031630.8,1677.097
3698.1,308012.6,368.937
2999.6,251915.1,292.513
3042.7,304170.7,337.648
3619.0,361152.4,449.57
3781.4,430070.9,487.914
2822.6,234914.1,268.805
2161.0,159999.1,157.135
3256.5,268903.2,334.084
4770.8,541490.6,701.649
4358.0,421969.4,585.965
6435.2,887557.5,1380.465
9349.8,1393850.7,2538.642
5668.8,668114.2,968.162
7598.7,964782.1,1599.792
5757.3,630928.9,973.985
8025.8,1189313.2,2082.792
9076.2,1426054.1,2333.35
6060.8,756650.0,1130.027
5608.0,591863.3,927.714
3871.9,370461.4,444.99
3998.8,372810.9,507.824
3581.0,334171.5,399.888
5221.1,614305.3,866.202
2954.3,259482.2,293.805
3472.4,388287.8,450.084
2174.3,146319.2,157.135
8247.6,1253575.3,2105.051
3904.8,369862.9,439.557
5068.5,520013.4,757.939
7270.8,987207.5,1699.834
4488.1,478925.5,668.781
7260.4,1032499.2,1681.518
2382.8,167535.7,193.007
9865.5,1930460.8,3624.624
5952.9,752021.3,1260.868
4697.0,488745.8,621.444
7815.9,1029438.8,1655.614
2629.7,207370.8,204.719
3629.2,343662.6,416.07
6916.3,1000447.6,1681.391
2221.1,146538.6,157.135
5248.5,581483.8,824.786
5234.5,563345.0,806.2
9287.7,1512035.2,2566.908
2346.3,145589.6,157.135
8448.2,1250264.9,1921.109
3209.1,297475.8,334.477
3818.0,297057.1,366.208
2303.5,199204.9,196.101
2555.2,190905.3,218.491
4846.4,524653.5,726.798
2668.1,183337.3,214.222
5466.6,707618.8,953.412
3066.9,240446.8,307.711
2737.2,170409.5,197.524
3232.3,275964.2,343.122
4493.1,531390.7,688.698
3909.9,351153.7,419.863
4286.1,411766.6,539.703
5651.7,659911.6,920.14
6370.2,799822.9,1256.113
3413.2,334786.7,408.929
2691.9,221771.9,226.31
3966.0,415310.8,558.231
4987.7,521870.0,767.2
2328.4,159820.7,161.781
2979.6,233951.9,256.135
3046.9,253190.9,294.08
3872.2,368145.9,444.062
2900.3,242639.9,284.328
5647.4,635569.5,928.208
2296.6,155392.1,157.135
2165.1,154715.9,157.135
3648.5,349916.9,401.162
3976.7,364136.3,455.725
2281.0,154355.7,162.576
3096.4,277969.6,321.973
3501.3,325114.7,380.028
3565.3,322931.9,382.408
4202.3,457675.4,593.389
3006.4,242465.6,308.055
7568.5,916414.5,1727.523
5141.2,584536.1,778.131
3216.8,243197.9,273.963
4359.4,425027.2,566.579
4092.8,448976.0,580.212
7233.3,964706.1,1397.442
3346.5,291749.0,323.629
5137.8,688923.8,974.428
3988.0,393447.0,543.038
7308.2,1008386.7,1746.745
7108.7,816679.2,1485.912
4022.2,469172.7,615.352
3659.0,357319.2,424.993
5170.7,589001.0,789.757
3392.5,368606.3,453.966
8286.1,1173714.5,2033.708
4366.4,409393.1,559.301
3354.5,295746.4,378.622
3242.3,295244.0,362.507
2421.4,174396.9,197.523
4595.2,625732.4,822.199
2898.4,221074.3,271.13
6416.8,804682.5,1272.135
2311.4,157890.4,185.206
4471.8,441051.4,581.722
6522.2,840297.2,1326.66
2258.9,149812.3,157.135
9068.6,1403722.4,2670.387
3546.6,304365.6,372.676
4554.5,426683.5,588.254
5061.2,574719.2,832.125
5644.4,705087.8,942.598
4706.2,481779.5,654.697
6210.5,782097.2,1172.913
5386.4,546608.1,797.73
8069.8,1197939.6,2170.149
4959.2,559983.5,799.827
8742.6,1610245.2,2557.429
6048.0,705476.7,1085.322
2211.3,155290.0,157.135
11381.1,2067960.8,4305.932
3465.0,240866.1,330.492
8025.7,1009307.2,1752.353
4076.7,458797.1,536.487
5932.8,817440.2,1234.704
3335.9,278791.9,301.449
5358.1,588951.8,869.344
3752.6,302239.1,428.119
7753.1,1048256.5,1874.271
4722.7,541839.1,747.679
5860.5,740705.7,1116.249
2296.9,152429.4,157.135
3877.7,368932.9,490.039
4905.6,546741.6,730.927
4473.9,450969.9,628.704
5769.9,755492.5,1139.164
3762.3,319308.4,390.944
4267.6,405583.7,546.081
6664.8,820405.2,1360.224
2285.7,149284.8,157.135
4823.0,642873.2,844.217
3502.1,341264.2,401.164
2661.6,233954.0,251.692
4703.1,478163.6,688.607
6788.8,822033.2,1411.852
6246.4,826403.9,1213.058
4056.5,383916.8,470.86
5477.3,708940.5,1063.385
5615.1,687756.7,1056.83
4010.8,351697.2,489.329
3123.4,267420.6,300.333
3001.3,282041.5,314.666
6008.1,664162.9,1031.407
4273.3,375025.9,507.493
2726.7,216990.3,225.953
2104.5,147692.0,157.135
5750.0,748112.0,1026.413
3323.2,279869.8,337.916
4617.7,485888.4,685.199
7106.9,892317.6,1425.866
2400.2,168860.3,182.834
4365.0,411376.0,506.271
3936.0,374854.5,457.55
4814.8,539980.3,713.003
6985.0,898242.5,1425.237
2542.5,166060.3,179.835
5329.2,577788.1,831.018
6173.4,762087.4,1205.631
3691.9,382017.4,451.803
3696.4,385213.0,469.975
4386.9,521915.8,735.594
4728.2,477367.3,693.214
5087.5,629418.7,839.469
5055.3,578826.8,825.333
2866.5,211175.3,237.953
6062.8,819118.8,1166.204
7054.0,828033.5,1344.483
4304.6,444221.7,609.972
2152.7,151024.6,157.481
3710.2,348100.2,478.652
4548.9,461011.5,614.078
2697.9,184238.3,208.723
3451.3,308453.9,392.765
2219.2,155776.5,168.617
5548.6,575063.4,856.512
4122.6,427240.8,600.158
2327.7,154405.7,157.135
4601.7,498257.1,696.938
4058.2,386938.5,501.653
5253.0,628246.2,796.024
3557.0,308613.5,382.952
2923.7,246118.4,275.209
3167.2,252460.2,282.089
3327.9,282078.1,340.268
4770.8,410807.6,533.052
4051.3,440859.1,591.516
3532.4,357617.6,450.225
3585.2,295907.8,373.267
3542.2,311384.8,395.54
11586.4,2018145.2,3961.73
2866.6,220698.6,282.116
3270.6,301076.4,334.881
15692.6,3729268.0,7465.005
4737.6,529669.3,737.116
2365.1,170011.3,172.658
5434.3,727527.3,1035.432
2876.9,208375.3,252.155
6244.9,753557.7,1092.327
3572.0,342052.3,442.939
3249.5,338081.7,368.343
8196.0,1119180.6,1920.388
4870.7,603580.7,828.746
6254.6,742993.2,1150.079
4879.8,591425.6,745.424
3359.6,292989.5,366.966
5543.6,629362.4,859.321
6903.4,900762.8,1391.254
4362.8,445582.5,585.247
7748.5,1293763.1,2242.622
5922.9,669999.4,1041.962
4264.0,403293.9,622.838
4482.2,496784.9,642.986
4319.9,426808.8,586.427
2662.7,189440.4,191.535
3900.9,384449.1,488.265
4220.1,490249.8,627.475
3664.7,318662.6,375.449
4819.8,439998.7,689.236
4249.2,418543.3,534.12
5923.5,648026.7,979.43
5718.8,650715.8,895.923
4217.8,459264.5,600.738
2227.9,170881.8,174.444
8696.4,1252889.3,2222.973
3818.9,349040.3,468.295
3928.1,371855.1,491.893
3403.3,293381.0,398.381
3435.6,283692.3,354.191
7736.1,1006849.2,1822.223
7098.8,910530.0,1604.341
4623.6,536267.5,751.137
4106.9,383635.4,481.455
5298.0,595778.3,864.714
4402.1,409500.1,557.199
3479.4,337743.4,450.405
4693.3,490008.8,689.475
3324.1,289096.9,367.939
4530.0,469560.6,643.389
4607.3,423218.1,618.954
5287.7,611607.8,853.51
3186.3,261066.2,318.774
5442.8,644808.1,930.527
2664.6,233303.1,252.914
3128.8,281334.5,330.966
3453.4,296261.9,342.813
2599.8,180871.9,221.291
6439.9,751805.0,1190.318
2858.2,226485.5,240.443
3193.7,261687.6,298.924
6867.6,986449.9,1444.022
3190.8,301765.1,331.495
3765.1,359954.5,451.161
2788.3,205864.9,232.258
5250.1,652884.1,1027.34
6041.0,674801.6,1038.817
5394.5,631628.7,952.384
5057.0,549601.8,809.686
4196.2,400945.6,557.105
3302.7,291284.0,344.072
2791.8,257675.2,272.234
6913.5,963520.5,1484.732
5695.0,645009.2,972.44
2847.6,269349.5,300.279
3941.8,417928.8,542.154
3752.9,329234.9,412.231
2668.2,192434.8,211.499
4442.3,444449.8,605.842
3363.3,316389.3,375.629
2864.6,218144.7,243.665
2145.8,148746.7,159.399
2223.2,146698.6,157.135
3339.1,319937.6,389.208
3923.0,387171.6,490.228
2755.8,224149.7,259.314
5474.4,575503.3,887.033
4049.3,408538.8,498.012
5039.3,611649.9,835.778
3965.1,322145.2,453.067
2864.0,257702.0,278.413
4272.5,426419.5,575.602
2397.1,179060.0,189.778
5231.5,600041.1,810.932
2874.1,237631.9,246.706
6232.1,760858.8,1100.43
3577.2,325752.9,399.689
5570.0,741412.2,1236.141
2554.9,175423.8,212.453
3310.6,270218.7,304.062
4702.7,547300.2,713.688
6065.3,817469.2,1348.513
8143.1,1156682.9,2011.381
4243.0,399856.0,542.824
8323.4,1271485.9,2308.831
3600.4,350476.1,415.718
6150.2,821899.8,1272.77
2854.5,215593.1,245.707
4851.1,599494.9,736.633
2133.6,141953.8,157.135
2599.5,199652.3,212.63
4789.2,513231.4,764.748
2552.9,170419.9,182.317
5030.0,531123.5,740.651
5859.1,749152.9,1090.038
3349.7,286009.8,350.525
2879.9,210449.1,240.463
3352.2,290796.7,358.274
2854.2,203490.3,241.072
4161.8,387090.6,483.901
4175.1,433627.2,570.05
3858.1,335883.6,410.277
8469.9,1174174.1,2023.983
3088.5,249345.0,294.029
7032.6,1041240.7,1611.324
2711.5,215309.3,226.855
4166.9,450320.5,556.741
6376.7,874545.3,1362.285
6585.1,888330.8,1306.641
3311.3,299029.9,374.189
5041.8,566865.6,821.213
4779.5,557575.2,737.215
3112.6,294817.8,339.784
5377.2,586922.7,862.509
8576.2,1262410.5,2355.339
5205.2,537117.3,767.85
5083.8,557352.6,828.716
5271.0,673089.0,902.476
2187.5,162126.0,161.748
4926.6,518385.8,760.781
2717.5,197259.4,231.374
3318.8,263240.6,326.378
9791.1,1569029.0,2998.201
4012.2,337201.0,428.094
3088.3,262648.7,289.148
6250.1,801968.8,1329.184
2672.2,243662.7,244.621
3485.9,286194.4,366.087
6489.6,834756.0,1436.645
4257.4,447773.1,543.438
2317.0,162924.2,157.135
5278.4,563351.5,813.912
3363.9,316003.6,381.433
7885.1,1102577.1,1816.056
3242.3,272683.2,322.119
6091.6,738945.8,1224.927
8304.3,1111020.9,2196.218
2955.3,221725.1,264.455
3679.8,387043.4,449.321
4837.0,564321.9,718.125
3064.8,227341.9,263.094
4735.6,454258.1,652.806
3744.5,351142.7,437.985
3736.9,349410.1,430.931
4078.9,425764.3,546.147
4120.4,369404.7,556.063
4104.9,521048.8,599.155
3242.6,287966.5,324.035
3357.6,277126.1,335.638
3884.6,357779.9,477.173
3874.8,408628.8,506.426
3433.0,309244.2,368.624
4912.7,495594.0,681.648
2317.2,156044.2,157.135
3040.8,248567.2,291.419
3961.9,341011.1,418.993
3223.9,239046.6,263.355
7728.5,1164266.7,1951.644
4077.1,411169.2,533.068
4511.3,481019.9,605.411
3242.7,270667.8,355.673
4200.6,380783.5,518.392
2514.3,183116.6,197.171
3873.2,345958.8,457.873
2737.5,214516.1,246.734
3540.8,357036.0,419.846
2064.8,151377.1,157.135
2752.4,176547.0,211.534
7653.6,1007230.0,1708.266
5866.0,685796.5,1025.228
7050.3,938890.3,1520.005
6518.5,1007066.5,1606.511
5200.6,632644.4,903.081
3370.0,296895.9,364.483
2576.5,193234.7,227.585
6061.6,820221.7,1322.945
4033.2,404555.0,553.07
11184.9,1970413.8,3918.223
3534.2,327493.8,391.198
9383.1,1457497.5,2574.511
4166.1,377062.5,462.705
7195.3,929341.5,1540.984
8038.9,1288989.3,2060.74
2907.9,214095.0,230.223
3154.8,294482.6,355.166
2479.9,211977.3,228.37
2402.6,175131.2,194.85
5523.0,553872.4,898.782
3800.5,342130.5,448.086
3989.2,429848.5,547.658
4966.3,575321.8,821.987
2127.2,151469.0,157.135
6530.5,879641.8,1480.98
3777.3,289871.4,396.276
5035.1,605946.8,806.346
5632.4,591163.0,865.826
6851.0,948238.8,1584.747
3994.9,361807.3,482.482
2255.9,162381.5,157.135
4331.2,434066.3,549.763
4475.8,434126.8,617.204
2801.8,217829.5,228.134
4433.7,437088.3,591.293
3382.1,307665.7,392.487
2449.5,165987.4,177.917
5333.9,593510.9,901.988
3156.3,260553.2,333.332
3566.7,320250.1,378.398
3518.7,293837.6,361.642
6593.8,915711.2,1421.015
3963.5,395550.8,507.996
3990.9,432993.5,559.585
3183.2,272029.4,368.094
4876.6,516658.1,762.403
7264.7,983093.1,1557.552
5184.9,570348.7,884.978
5706.0,635105.3,913.239
5174.3,552036.4,855.779
2324.3,164555.0,172.622
2837.8,246643.2,259.143
3913.0,364624.4,445.077
2935.2,228555.5,292.502
2647.2,210268.3,222.635
2187.1,167056.9,157.135
2322.4,193254.8,177.376
3690.2,347464.9,426.97
3955.6,357564.7,496.457
3096.1,245361.2,277.085
4216.5,456224.4,559.506
3507.9,299837.5,370.117
6385.2,851987.9,1264.393
4049.7,345887.6,460.906
5344.8,638969.6,920.231
4382.1,402959.4,618.452
2392.8,154598.7,169.612
3890.2,377489.4,488.035
2533.7,177238.1,193.96
4295.6,349869.1,481.215
2910.2,241510.2,287.995
5067.3,520631.0,714.28
2332.7,167760.8,177.974
4336.5,405379.5,531.284
5289.5,600610.4,832.773
6033.7,706475.5,1091.037
2985.2,261799.7,283.611
4074.6,385399.0,532.591
4275.7,496419.9,609.022
7624.0,1147589.8,1826.734
2233.1,151328.0,159.117
2852.3,219296.1,251.939
11956.4,2466952.0,5032.028
3663.8,345903.3,421.306
2351.3,161087.9,157.135
3355.7,257156.4,328.313
2237.5,155881.3,157.135
4988.9,420649.4,637.534
5533.6,668823.8,1008.337
2820.2,239181.6,251.825
3189.7,275319.1,359.276
5833.8,670375.5,1105.249
2401.2,154201.8,157.135
2364.3,183024.7,180.98
3506.4,351249.4,436.859
3124.8,224083.6,286.328
3686.9,304502.3,414.312
2538.6,178112.5,189.613
4402.2,433334.1,624.009
3695.9,366104.3,465.532
5061.1,576038.2,817.331
4529.3,444527.8,617.051
4428.3,500843.6,620.187
2317.2,162284.8,163.672
4877.6,584328.4,780.887
3637.6,338664.4,402.141
3820.5,356874.6,459.062
6060.5,779316.1,1222.007
3075.1,248037.5,294.021
6935.3,989791.1,1559.896
7496.0,983450.7,1681.696
5731.0,709022.9,963.065
2808.2,204951.8,238.212
2094.0,154153.1,157.135
6072.4,793453.3,1252.488
4166.4,420553.2,574.336
2931.5,276018.8,287.98
6416.1,834613.7,1351.848
2996.6,226239.6,262.202
3541.9,294602.9,373.015
4963.9,562707.2,801.48
2671.3,194273.4,214.003
3961.7,352746.8,480.688
6329.3,790979.7,1262.93
4658.2,472903.1,622.401
6578.7,941894.2,1434.764
6465.8,832437.9,1309.007
3930.3,403524.4,528.311
2147.6,149780.8,157.135
2478.4,191379.5,215.358
5343.0,625442.3,971.288
2242.9,141088.9,157.135
3539.2,313108.3,403.496
4633.1,520988.1,689.683
7299.7,1010847.6,1716.054
3479.3,271583.1,330.312
3012.7,259602.6,312.58
3806.6,411875.2,503.298
4550.4,479201.4,696.628
3829.0,367493.0,463.655
6366.4,784748.4,1222.996
3035.4,239958.8,275.728
4454.1,437898.1,578.412
4868.1,534961.9,751.633
3423.0,321793.4,380.277
6118.6,686918.9,1032.951
3881.7,480849.4,591.993
5629.4,667213.3,991.465
4495.4,416659.1,613.928
5125.6,526836.7,711.087
2963.5,271560.5,315.387
3116.3,267000.8,315.799
6338.9,870194.8,1408.38
4912.5,542558.5,876.213
2683.8,187809.1,230.22
4544.1,488471.5,607.412
2346.0,148108.8,157.135
3174.3,290193.0,330.599
6181.4,686594.5,1139.045
3854.7,350468.5,474.657
4381.6,446862.6,577.365
2341.1,151729.2,157.135
3461.8,319349.5,382.73
4889.1,497556.3,689.567
4695.5,534802.7,763.893
6182.2,719638.9,1140.265
3912.8,329323.3,443.191
3967.3,385920.3,459.411
2278.3,183426.8,179.449
3732.2,333120.1,445.245
2487.7,167960.1,189.946
2275.5,149879.8,157.135
2651.1,202285.3,218.962
7946.5,1049314.4,1771.01
3479.1,344756.0,422.167
4422.1,460169.9,626.813
3105.6,285860.3,347.102
2291.7,172065.7,157.135
6092.3,713064.9,1116.402
2555.9,165541.2,157.135
3404.6,300952.7,335.741
4050.7,396347.5,502.419
4529.9,421826.3,632.197
3010.9,251006.5,292.359
2247.2,148634.1,157.135
2991.8,239084.9,275.295
2793.6,234254.4,287.155
3016.2,252567.7,281.578
6065.1,786008.2,1147.365
2687.9,194097.5,197.433
4588.9,476867.0,669.151
4224.1,420474.9,596.465
6082.3,756808.7,1138.519
3884.4,401123.2,471.612
5591.2,669029.8,993.292
3622.2,366456.0,456.987
4837.7,523540.9,745.107
2184.3,148717.6,157.135
2216.2,157612.0,157.135
4899.1,507962.8,711.742
4732.2,539405.9,743.182
4905.6,557934.3,770.206
3379.6,290393.7,343.918
7368.0,1075617.6,1744.151
3768.5,285189.4,362.43
4889.9,501672.4,737.036
4941.0,586130.9,847.82
7898.2,1211340.4,2097.685
3463.5,317915.4,406.65
3038.7,265926.3,310.144
2284.0,159594.1,157.135
7307.5,1155769.6,1834.466
4778.8,563746.6,737.352
5134.1,502028.7,756.402
14051.4,2817377.2,6471.839
4784.9,486569.6,682.255
2260.4,173586.3,183.81
3720.5,348651.7,448.348
2662.9,207722.0,239.336
3525.8,305470.0,381.617
3333.5,316367.6,379.555
3503.9,256556.4,327.132
2182.8,183310.9,170.817
8123.5,1118866.7,1894.771
4774.0,511585.6,668.002
3777.9,336275.5,437.79
5557.2,671479.0,966.84
5320.9,545122.7,767.458
5040.8,499138.2,655.651
5340.7,616464.3,911.865
4340.2,471645.3,584.869
5236.2,572380.0,901.07
5282.1,682195.5,963.32
4444.7,447261.2,598.595
3776.5,330064.5,439.585
7098.6,1183918.9,1802.272
3432.5,322666.2,357.203
4838.7,464468.5,719.683
4713.2,527418.3,732.907
3112.3,279942.7,321.245
3001.4,243121.4,273.806
3778.8,343757.9,394.76
3404.9,311168.9,353.106
2342.7,158454.3,162.12
3039.9,294747.5,310.569
4474.2,498090.0,650.668
6973.1,889724.1,1456.336
4838.9,556746.5,820.764
2254.1,162290.8,157.135
5396.7,581792.7,880.314
3258.2,273679.4,334.833
4967.8,529763.7,756.413
4072.5,403819.3,519.079
3688.1,350161.6,449.511
3740.8,350912.1,483.502
4034.9,418193.7,515.623
7400.5,933413.3,1551.397
4223.6,437300.0,516.773
6241.6,818414.2,1259.27
5881.0,781830.7,1119.82
5253.2,635175.5,898.767
2196.5,162873.7,157.135
6482.4,846182.2,1291.227
3544.6,301520.1,363.008
5968.8,670756.5,934.729
2671.3,242155.9,239.77
2601.7,183968.2,202.025
9260.1,1489609.6,2581.768
2742.4,215949.8,242.794
6224.0,859648.3,1322.265
4333.4,433007.2,577.601
3755.2,274115.5,374.23
4056.5,385055.1,506.397
2344.0,181894.9,183.992
4038.2,381904.3,519.239
2523.7,208570.5,219.393
3486.9,313101.2,381.747
6097.1,720025.2,1106.716
4403.3,493474.7,644.389
1974.2,159295.2,159.009
5823.0,707898.1,1042.802
3993.7,419270.3,522.031
3187.2,285115.2,339.169
5355.6,596730.0,958.336
3881.7,352690.1,458.837
2513.3,172526.1,205.211
8930.1,1361705.6,2327.633
4215.5,414040.0,517.762
3911.9,398183.2,491.696
3399.3,315946.2,378.786
6607.5,899146.9,1358.843
3288.1,263767.0,343.933
2084.1,151690.8,157.135
3355.9,240806.2,303.839
7176.6,924991.8,1529.51
5609.2,742190.6,1026.662
3415.1,358721.1,427.49
7055.2,1003032.0,1587.89
5395.1,642542.7,959.314
3661.2,320775.6,423.521
3505.1,363101.9,459.317
4578.8,523297.9,684.609
2874.8,238997.8,268.547
4062.3,370894.7,526.936
4583.7,490995.3,673.226
2240.2,138595.0,157.135
4023.7,368871.4,450.733
3542.8,318066.4,411.255
5962.2,730670.0,1202.278
2086.2,158875.2,157.135
3433.1,321919.3,386.059
3181.8,296877.4,356.096
6252.0,829534.0,1138.167
3999.8,401807.3,506.921
8749.1,1234023.5,2232.617
5658.2,629674.5,895.274
3345.9,302933.6,377.227
4438.5,497775.8,636.886
3736.8,323135.1,394.691
5821.1,710072.7,1049.47
2439.2,157792.4,179.437
3055.8,236112.7,270.326
5089.2,535541.8,758.006
6807.1,838288.1,1409.925
2363.9,150829.1,157.135
7090.4,992513.0,1589.447
3943.0,365670.3,468.958
2219.7,142112.3,157.135
2328.6,150439.6,157.135
2173.7,148981.4,157.135
3790.0,399123.0,516.755
4084.8,385325.6,497.871
5063.1,589902.3,874.584
3131.3,274650.0,337.179
2750.4,196621.2,214.965
3596.0,321861.2,376.358
4085.6,414842.7,539.442
3970.1,498815.5,632.341
3037.3,254719.9,277.954
6033.8,771484.4,1085.644
3247.6,287177.4,318.194
2933.0,247081.5,260.483
3260.3,266386.5,339.113
6198.6,826867.5,1248.462
3705.7,390566.1,471.74
3003.8,274370.7,299.986
6011.5,699835.9,1107.437
9821.5,1646897.0,2952.182
4589.2,460008.8,621.685
6350.6,972761.3,1419.143
5805.2,728449.0,1210.064
3153.1,260698.2,322.261
3965.2,372016.5,536.418
2455.3,176380.2,186.763
3570.3,392822.9,445.094
3328.5,266763.1,316.967
3361.6,310318.6,379.464
3219.3,253746.3,286.892
3717.0,330757.5,416.579
4854.4,574639.3,806.237
4234.5,377990.6,476.825
2259.3,146195.5,157.135
3045.4,246300.9,287.766
2229.7,158272.7,157.135
4593.5,490820.4,639.149
5111.3,590945.6,787.666
4377.2,480329.7,645.614
2950.0,245287.0,278.349
4534.6,487339.0,640.59
3460.8,286995.3,359.452
2645.8,186171.5,209.798
5546.5,641877.9,954.677
5558.0,636477.6,1015.058
5847.0,753266.2,1127.962
3049.1,285013.2,321.558
6729.9,826466.1,1358.182
3267.7,297624.1,352.718
5276.6,591208.9,889.01
3357.7,273710.7,347.826
3734.2,384010.4,438.316
2235.0,145054.7,157.135
3489.6,309105.1,411.634
4284.9,429130.8,565.019
3420.8,311486.3,377.28
8263.4,1284231.8,2161.957
2679.2,209116.2,205.74
3322.6,267759.0,333.371
2773.7,217018.7,253.207
3236.5,301647.1,333.318
6601.0,815850.3,1205.524
7322.2,1080549.0,1727.795
3085.9,247395.2,298.472
3135.7,265722.4,293.176
2585.6,197636.4,206.627
6814.7,938204.8,1504.462
6231.4,800943.1,1295.784
3913.8,375892.8,482.045
2390.2,176730.2,170.43
2544.5,163230.5,183.168
4127.9,429369.1,602.423
5471.2,552845.9,817.428
2209.8,149408.1,157.135
3725.3,325172.3,405.25
7615.8,1192229.8,1934.571
3509.8,356072.9,440.609
7066.5,1049160.2,1744.032
5237.9,616836.1,885.824
2695.8,205292.7,219.121
3636.2,304758.8,414.712
3841.1,388737.8,473.302
2911.1,207861.2,243.67
2764.6,209521.3,240.285
7583.5,1075745.8,1768.277
3121.3,212384.9,238.839
6308.3,822162.5,1252.085
3333.1,304288.9,369.327
4122.8,388114.8,514.289
5277.2,620776.1,825.708
3249.4,281968.8,324.105
5169.3,586132.2,829.751
2372.0,157882.1,157.135
5150.5,513126.0,748.305
2225.0,170027.7,157.135
3634.5,327557.2,437.305
5865.1,698340.9,1045.12
5116.2,589447.4,866.931
2508.9,170538.5,184.39
2594.2,184099.2,204.55
3445.0,247079.3,301.402
4672.1,479034.7,610.038
2141.1,143593.6,157.135
3981.1,416943.5,519.461
4291.2,505481.2,674.81
3347.0,327265.8,417.944
5072.6,576869.1,801.758
4263.5,458813.3,628.76
3507.9,267208.8,339.314
2341.5,144416.4,157.135
4265.4,450827.5,584.623
2746.8,223186.2,243.559
3434.9,279088.1,329.429
5308.3,534656.8,772.458
6968.8,988872.2,1645.311
3856.8,384322.6,509.167
5047.3,524355.4,820.548
2322.9,158233.3,163.913
4419.5,481408.3,639.903
4061.6,386470.6,500.281
7249.7,966100.5,1413.874
3106.9,268707.5,339.641
3641.6,331442.2,432.124
5922.8,797587.8,1232.441
3807.9,381896.7,487.494
2583.2,178099.3,214.826
11097.6,2137798.4,4104.43
2701.5,202212.6,220.127
4005.2,345369.5,498.352
4755.4,497691.7,694.26
4496.1,456875.3,651.399
3753.1,346298.0,450.579
3740.3,332378.3,452.392
3680.4,351300.3,434.465
2650.4,212920.3,213.602
8999.1,1622700.2,2970.01
3782.9,311841.6,439.728
5019.9,596711.4,849.39
3522.7,319516.0,400.915
3327.5,301425.5,394.47
3352.7,303792.2,363.727
2260.5,159367.2,157.135
3900.8,349085.6,461.279
3307.4,283639.5,378.206
6659.6,770488.1,1349.63
2640.6,179015.6,200.141
3175.0,273806.7,329.746
2845.2,218601.8,254.523
6727.2,980603.0,1679.062
2777.1,235136.2,260.548
5181.2,588729.9,826.012
6276.3,755790.3,1147.46
3761.4,379522.4,466.7
2610.7,159464.3,173.1
2388.1,157286.3,174.875
5491.2,678912.2,1049.781
2588.7,172431.1,190.096
4551.6,465207.0,720.096
4335.5,419365.7,575.709
4583.3,539523.8,711.504
4680.3,564749.8,767.778
2915.1,225111.9,247.398
2729.6,214848.4,239.192
5840.0,682439.3,934.126
3044.4,253037.1,316.163
2100.3,145326.2,157.135
5206.3,643409.2,885.616
3021.3,205526.7,227.766
5099.9,523173.3,765.031
7323.1,1010175.9,1613.128
4211.7,395908.0,532.167
5986.4,729541.2,1171.384
4849.0,423345.0,594.306
7890.1,1132099.4,1887.042
2702.6,203939.4,223.071
4236.4,429593.3,521.562
5093.4,608987.0,903.208
3653.7,348688.0,450.336
6437.2,904283.4,1328.795
3572.2,318312.7,370.653
8931.3,1531060.5,2782.666
9583.9,1454589.2,2903.69
4540.1,461076.5,659.032
4793.8,542326.7,819.58
6471.8,864732.0,1371.722
2588.1,181538.3,201.68
2269.7,186152.4,182.382
7173.3,831947.6,1445.2
4649.5,450734.3,654.752
3781.8,350197.1,437.426
4106.0,413865.6,529.754
2139.9,134003.5,157.135
3687.2,324624.0,450.282
3060.8,243133.5,286.164
5763.3,774333.7,1100.288
6148.0,835646.9,1170.69
4973.1,568711.2,835.64
4879.5,512206.2,722.091
2283.0,146259.0,157.135
4857.5,604716.7,845.096
5280.1,648403.0,871.908
6350.4,951371.4,1432.183
8906.0,1566357.9,2894.374
2183.0,146246.9,157.135
3907.8,311764.4,383.897
3125.4,265809.7,288.661
4631.3,438557.9,603.335
4209.6,368767.8,530.728
3749.1,338112.7,434.763
6407.8,765759.3,1201.829
2555.5,179670.6,216.116
2737.2,206988.7,226.876
2834.9,212142.0,229.987
3634.3,348271.0,392.705
2617.7,169622.9,195.063
4036.4,402425.1,504.872
4090.3,377641.2,459.473
2951.7,247446.4,278.549
6324.5,668673.5,1061.694
4082.0,365289.6,500.445
6174.8,798130.4,1236.254
3603.4,354622.5,448.656
3917.9,383265.3,514.888
3134.5,297091.7,333.586
4060.2,390613.1,522.053
5174.1,576402.1,932.099
3645.9,303656.9,376.89
5057.9,572804.4,797.307
2953.3,241145.1,272.722
5295.6,664069.8,967.941
3136.8,296817.8,329.014
5269.9,655669.5,1042.964
4467.9,407656.8,551.471
7126.3,1153027.0,1788.607
2432.5,172410.1,207.137
2385.3,154144.0,159.779
3237.6,286132.3,319.525
2350.3,174218.0,172.015
2372.8,169664.3,172.276
5453.4,618500.9,866.411
4095.7,379006.3,523.261
3166.4,314723.7,356.692
3600.3,293774.1,384.365
3267.0,257295.2,324.45
8327.1,1182899.8,1985.228
2890.1,243094.3,290.238
2329.6,172469.7,180.898
5720.7,683392.4,997.238
3607.1,380733.9,441.232
8457.4,1522989.3,2714.888
3331.7,276473.3,343.565
5955.5,714475.5,1038.187
6287.4,771571.1,1255.886
3385.4,299417.3,344.916
3078.4,248775.5,288.509
5511.2,658722.2,954.244
5179.6,530548.8,834.437
2442.9,144071.1,168.449
2495.2,179414.3,211.46
2305.7,166419.4,157.135
4954.6,554879.2,848.333
3562.0,350761.8,425.15
4015.4,349205.5,460.711
2129.9,150689.4,157.135
2599.9,196780.6,216.693
3704.3,319365.3,357.187
3247.0,267216.5,305.399
4160.5,440328.7,577.33
5053.6,622229.4,840.224
10128.7,1675574.8,3269.984
4271.8,416884.7,516.625
6153.5,859619.6,1289.948
2803.0,245105.8,268.962
2300.2,151331.3,157.135
3314.9,312091.1,395.253
2155.5,146018.2,157.135
4096.5,388152.8,531.272
2979.6,231197.0,279.912
2116.7,155332.0,157.135
8342.1,1212134.4,2127.11
3364.1,289249.4,340.435
2177.0,156274.9,157.135
6271.3,677482.1,1082.783
3088.3,236998.7,291.854
6090.4,799287.8,1263.977
3244.4,240015.9,290.732
3217.9,270304.2,339.521
4729.1,544247.3,693.222
5089.6,543534.4,846.853
5710.2,726988.8,975.328
3866.0,383325.2,488.396
4971.9,591358.1,803.891
5483.2,676166.5,957.527
4342.2,469870.8,617.135
4027.0,396793.0,468.005
2170.4,149360.3,163.805
5194.4,584514.2,850.927
4171.2,394195.2,543.178
3441.7,281695.3,376.197
7108.1,882750.4,1470.278
2164.4,175101.7,166.127
8107.7,1145474.4,1975.122
3853.0,435769.7,515.686
4550.4,545280.9,678.129
3302.0,360452.5,381.87
2206.0,167753.8,157.135
3774.4,411658.8,469.156
4993.1,504907.1,687.61
5418.2,626214.6,905.441
3839.8,357581.5,447.579
2138.6,152509.3,157.135
2302.7,153654.4,157.135
9974.4,1560705.4,2744.025
2724.2,193373.4,217.668
6890.8,937737.1,1658.244
2752.9,223240.8,247.315
3813.1,343787.7,453.233
5137.0,581680.4,868.969
3249.3,234243.6,271.09
7613.5,1096885.4,1894.334
4205.6,444355.1,558.067
4803.4,534366.8,761.165
3702.7,357018.6,423.174
5631.4,618496.5,892.757
7755.5,1102964.6,1873.953
3841.9,370764.1,472.314
7859.1,1144706.6,2116.317
3351.9,274483.6,320.718
5527.7,683610.6,971.885
4939.4,576620.5,778.702
2419.3,187869.8,221.91
4431.3,425896.9,623.756
4033.2,391586.4,528.152
2693.4,247511.7,263.976
4911.0,509871.9,700.619
4242.6,423214.7,590.721
4281.1,355261.0,495.194
4206.3,370141.4,496.797
3828.9,363830.8,488.29
3721.9,330965.5,390.379
4610.8,460853.3,587.656
3082.7,250800.1,312.472
11437.4,2305066.5,4467.5
2124.5,166701.6,168.622
3278.0,258868.6,327.736
3205.6,287735.9,349.278
9452.4,1517612.8,2718.654
2346.6,172317.3,181.19
4702.4,483655.7,740.038
4416.1,472956.2,641.385
4437.4,512444.7,686.977
6575.4,961387.7,1422.006
6475.9,847874.6,1398.69
3405.4,291279.4,365.045
4437.0,448963.9,613.885
2141.7,154745.7,157.135
4444.2,428819.7,568.674
2948.5,247301.8,276.876
4025.4,335584.4,451.801
2257.1,155565.2,157.135
4823.7,500805.7,727.59
2192.0,151419.8,157.135
4445.9,479767.4,591.672
2496.2,169292.6,195.391
3003.0,228272.7,264.732
6938.7,790803.2,1331.489
5030.2,589335.8,843.242
6654.2,885036.1,1325.569
7842.3,1103645.5,1845.379
3048.2,241820.3,281.636
7347.2,1124553.1,1757.2
2226.8,158218.5,161.159
5392.0,674724.9,957.891
3269.7,301869.4,352.787
2716.0,190318.6,248.071
5212.5,592664.2,861.481
5801.3,697586.9,1124.383
6012.7,692929.0,1097.805
4466.0,494997.5,624.284
4338.7,427790.6,583.937
4997.8,618075.1,802.758
4631.1,453845.9,670.654
5032.3,537613.3,812.186
4576.9,474346.9,618.844
5638.0,677623.9,1035.513
2269.3,154870.4,157.135
3678.4,365785.7,472.319
2407.3,162873.0,172.121
4467.2,471294.3,656.186
7635.1,1164287.1,1971.772
3225.4,304516.8,358.304
4096.7,471095.9,581.727
5436.9,645417.6,965.943
2373.6,149536.5,157.135
3226.9,278539.0,344.701
4332.5,545007.3,704.306
2268.4,157864.8,157.135
2636.5,193945.0,238.945
6578.6,738699.7,1274.916
6019.2,733224.0,1178.23
4699.7,515500.0,709.892
6116.6,705847.0,1068.933
4567.7,471877.7,624.407
4862.6,567705.2,821.428
3443.4,350254.3,407.101
3986.7,448348.5,576.389
3514.7,267327.0,315.393
6568.2,957344.1,1453.451
7905.3,983225.4,1789.481
6975.3,970398.7,1596.433
3320.1,309840.1,377.871
2784.8,223068.5,243.422
6747.2,837009.3,1469.339
5253.4,561127.2,813.858
4819.2,504802.5,684.204
3091.6,272500.0,315.072
4579.3,558938.9,739.884
2515.4,206576.1,218.944
4815.5,600673.1,875.191
7044.7,1007319.3,1595.113
7880.5,1134337.3,1954.552
5193.6,636789.5,929.319
2226.0,170889.3,172.375
4421.6,453618.5,615.526
9436.1,1619546.4,2944.895
2855.1,239930.4,260.716
3931.8,399315.0,500.573
7294.8,1059237.4,1640.268
5122.8,669547.1,863.332
10885.9,2051774.6,3874.681
2820.9,243894.3,290.855
2736.8,216972.4,236.465
6715.7,902313.4,1408.073
2505.9,190940.6,200.274
4074.8,380006.3,448.035
4005.6,352753.2,497.972
6164.6,842115.4,1209.978
5339.4,652526.8,861.341
5345.9,553013.4,758.846
3509.9,318126.2,379.604
6099.9,865716.9,1397.76
16610.3,3673087.9,8380.524
5212.3,647346.5,916.495
3938.9,440643.8,568.94
2592.3,179750.6,184.471
3353.5,273864.1,314.096
3615.8,364830.7,441.96
3178.0,294995.8,341.249
4086.0,376423.5,518.267
8074.2,1313224.5,2200.325
6717.9,981719.5,1434.464
3725.1,360886.5,461.944
2471.3,197999.6,198.282
6621.7,905662.0,1542.623
4141.0,387293.8,504.675
2345.8,147697.3,157.135
5423.3,678972.0,932.249
6168.7,841854.0,1199.973
2292.5,151754.3,157.135
2931.3,249445.7,270.139
4188.3,404890.7,480.311
5211.9,641756.4,948.986
3435.8,288955.2,346.473
2908.8,242858.1,268.492
5237.3,613386.1,943.388
3701.7,297634.0,359.972
5592.7,632014.9,812.644
2589.4,190695.3,214.363
2412.1,174706.6,176.549
5436.4,668762.1,964.996
4468.1,467273.8,643.522
5663.5,733707.2,1104.182
3132.4,309994.2,341.801
3193.1,246498.2,276.627
7059.6,997325.2,1571.929
2240.0,165218.0,157.135
6550.2,884191.9,1439.436
7009.9,890081.7,1521.801
5441.5,761458.5,1050.056
3002.7,258702.4,301.612
2802.8,247286.1,271.893
3953.9,336552.3,443.263
2269.9,177111.9,184.892
2645.7,203858.2,241.874
4881.9,608599.6,882.751
5122.7,589074.6,886.04
2628.3,194752.5,225.336
5580.0,609753.0,905.365
4863.8,478439.0,757.159
7386.2,1000007.4,1772.725
5201.6,600855.6,830.575
6150.1,806072.6,1232.21
5453.5,516033.7,771.185
5923.1,773925.4,1156.529
2473.2,167093.3,186.076
4021.4,383716.8,475.96
3924.1,388146.6,508.788
3728.6,336598.4,431.389
4789.7,530558.0,750.83
5334.6,684900.9,875.415
4805.3,496337.2,720.23
3783.8,361241.3,455.251
2900.7,259050.7,290.185
6850.3,773990.4,1271.149
4816.3,463157.1,695.965
2543.7,201445.4,231.029
3716.5,367012.6,449.149
2099.5,149923.1,157.135
4273.2,404862.3,540.208
3769.0,368682.7,447.454
3242.4,265498.3,330.459
7481.7,1107089.6,1882.744
2532.3,176127.1,206.789
5605.6,641470.0,927.724
10288.3,1658379.7,3058.645
6524.6,834318.5,1250.907
3791.8,370443.7,511.85
2568.2,190860.5,210.502
2384.3,156056.9,175.17
3361.6,303279.7,376.824
2899.2,276846.1,301.808
2904.4,247733.0,293.995
3804.3,302965.8,403.619
3738.8,362267.5,483.498
4978.1,505010.0,776.257
2466.0,168928.0,193.621
3085.0,266663.8,302.967
3782.9,335975.9,461.632
3897.9,358482.8,448.499
8576.7,1309723.5,2306.373
4376.2,452802.8,633.093
2240.1,154252.4,157.135
4595.3,500209.3,735.436
5189.0,593562.6,815.011
3780.9,356633.3,474.664
2444.3,179589.6,197.466
8470.3,1212561.5,2165.212
2612.3,207886.5,221.678
5258.5,629884.1,894.235
4641.1,399490.7,616.877
5006.8,597268.7,852.05
8292.5,1102703.8,2077.693
5322.4,565287.2,825.572
3418.5,277745.5,334.695
6961.2,802518.4,1280.202
3088.4,273268.3,315.716
4215.7,461163.1,599.0
2507.5,167325.8,185.183
2797.9,197478.0,228.314
4041.9,413075.3,547.226
4832.4,469855.8,706.336
2492.9,148914.7,157.135
5013.8,590113.6,783.848
3047.7,218913.7,271.257
7288.9,898150.5,1472.557
3919.5,309749.3,395.361
2624.0,214462.6,212.282
4429.5,409230.3,558.101
2737.1,216499.7,250.899
6820.6,861675.7,1459.863
4014.8,400657.1,525.251
3564.8,367975.7,464.616
4864.6,560907.1,845.885
2772.9,220042.5,233.587
2474.8,176744.2,185.771
4620.5,543574.7,729.633
2792.1,193815.6,216.42
2509.2,199388.4,216.36
5784.0,679338.7,1030.495
4965.9,604078.1,801.592
2476.1,179421.5,191.135
3300.6,268691.5,318.775
2926.4,218487.5,253.44
8599.6,1226273.7,2197.318
6025.0,726552.5,1089.645
3277.7,317967.4,374.012
5393.5,560907.9,835.313
2267.6,168050.0,176.001
3102.9,261866.7,305.32
4203.1,436079.3,571.325
4972.2,492004.2,755.896
3853.5,358965.8,485.367
4487.2,438739.6,641.189
4499.4,421764.8,559.241
3632.4,344394.3,460.181
3626.3,322645.4,413.552
3291.4,286506.4,372.382
4609.2,455625.8,632.935
4683.8,493220.1,731.083
4433.1,472520.2,616.037
2410.2,191787.9,203.082
2877.1,211828.5,234.723
4812.8,509979.0,724.085
7434.7,933776.0,1718.964
4491.6,431666.7,593.645
3292.6,295542.6,376.788
4364.2,468389.1,629.072
2602.2,198412.4,210.036
6453.3,946183.6,1507.687
4123.2,480944.4,610.224
3019.3,252716.3,306.106
3650.2,348721.0,458.99
3259.3,300185.1,343.335
7078.5,940370.4,1511.004
3881.2,347081.3,446.064
4676.8,485312.1,595.058
5144.4,596500.3,833.653
3050.5,245963.0,289.01
4413.6,438294.0,613.733
4622.9,510585.9,654.988
2271.4,154095.5,157.135
4694.3,471747.3,643.613
4161.7,402062.7,506.016
4396.4,454907.8,583.001
4403.5,421054.8,540.321
4540.9,494521.1,646.98
6835.0,969794.2,1542.593
2495.3,192401.8,202.933
3545.0,309550.9,398.5
5118.7,673575.9,898.458
4839.9,513206.7,773.58
4698.1,546730.9,760.279
12565.4,2210019.5,4829.845
5308.2,591901.1,861.249
6005.0,806638.8,1306.199
3517.4,330666.1,409.926
2946.3,214697.9,235.864
3692.0,311635.3,407.54
5543.9,632604.3,931.896
4687.9,557952.3,728.737
4862.8,486224.6,726.64
3746.0,334087.4,441.734
3404.6,328434.2,388.464
3726.3,357887.1,454.183
5369.4,643513.1,941.342
5402.5,724477.2,1033.798
2583.7,201108.9,233.344
5511.5,637676.9,970.512
3038.9,254838.6,310.763
4877.1,532303.0,766.132
3546.8,378232.6,449.773
7929.8,1009030.5,1854.416
3752.4,288024.2,374.848
4575.4,419544.4,606.311
5459.1,634900.2,856.03
2946.2,220989.7,259.595
4010.4,375775.4,495.087
3682.8,310968.9,423.522
3202.7,283698.2,347.014
3518.5,314858.8,368.365
6559.7,830384.0,1286.43
3151.6,270698.3,324.107
5243.1,533378.1,828.751
4511.5,482377.7,676.534
2269.4,163854.3,170.309
5195.7,532417.4,797.794
2352.0,166287.3,168.055
5214.5,627345.4,870.99
3284.9,281144.0,348.87
4128.8,417374.7,528.579
2253.9,172838.6,185.005
4164.7,458774.0,579.449
5643.7,805636.5,1108.189
2953.3,225280.2,273.995
3341.8,281270.6,321.864
5002.4,572865.7,757.353
4857.1,519561.6,772.765
2173.2,148185.7,157.135
8931.5,1425616.7,2664.24
5477.2,559156.9,803.85
5425.9,616340.7,920.667
3887.6,361347.4,467.673
2054.5,159034.6,157.135
5115.5,562570.8,904.345
3248.3,264863.1,332.94
4987.2,587855.0,813.874
3761.4,357405.4,440.15
4519.2,442677.1,636.055
3062.9,249791.0,281.146
5371.8,746901.7,1053.701
2421.9,185614.2,201.488
10059.4,1619175.2,3207.233
9811.2,1770300.6,3187.596
7792.2,1250239.9,1957.159
6861.7,871593.2,1467.57
3833.4,379840.1,490.444
6588.9,896865.9,1344.227
4017.4,378440.5,485.869
2241.3,139750.4,157.135
7707.4,1078815.3,1763.2
5903.7,789293.1,1303.976
3941.5,368174.5,511.932
2584.8,166668.2,195.599
3116.9,291162.3,327.349
2147.8,146274.8,157.135
5950.1,748657.1,1124.5
2233.9,156988.1,157.135
4489.9,485566.3,661.564
3131.2,235845.6,266.004
2326.1,162637.0,166.278
4338.6,470067.5,636.217
3372.1,310778.9,401.191
5821.8,658676.0,1031.686
2362.6,175878.6,189.025
3282.4,244137.4,285.181
2274.1,155818.0,157.135
2286.1,161145.1,157.135
8517.9,1298325.8,2236.395
9895.5,1473063.3,2814.755
3854.3,381085.3,565.764
2794.2,226491.9,270.297
3776.3,308788.5,412.785
6169.8,677895.8,1061.53
3161.2,290839.9,346.853
4181.4,468588.9,635.848
4092.6,435712.6,519.657
3313.0,284213.3,331.968
3325.1,313722.1,343.569
4588.0,501280.6,665.033
2559.8,225148.5,238.93
4829.1,526153.9,755.59
3348.7,279928.6,359.028
4208.2,424948.0,581.781
6609.8,976503.4,1601.652
3908.9,348087.1,458.473
6128.2,689013.4,1101.825
2165.5,155720.8,157.135
3355.7,281117.9,359.38
4050.8,377463.9,536.874
8698.5,1307943.0,2473.699
2280.0,150732.2,157.135
4013.1,358068.2,485.856
7672.2,1012376.3,1698.331
3106.4,248688.0,278.884
3724.7,359170.8,442.27
5233.0,479688.5,685.946
4683.2,422444.5,609.199
7480.0,1067427.1,1854.389
4920.5,552372.2,753.611
6444.5,985160.7,1530.741
3538.3,323059.5,392.806
3242.0,263732.6,289.066
4170.0,377371.1,437.702
2549.0,185088.7,206.298
5032.2,588959.7,775.194
3583.5,308118.9,384.701
3374.1,273191.3,305.531
4803.0,572048.5,784.714
2866.2,173480.4,208.872
5503.7,626875.5,976.915
3215.8,276673.5,357.078
6437.1,773165.3,1336.18
3377.0,324750.3,382.581
5360.4,667236.1,873.674
4111.9,443715.1,606.775
5545.9,674935.6,956.196
4386.3,462855.4,573.671
2372.1,154105.8,157.135
6305.0,766186.6,1183.747
4175.1,373710.9,489.206
5482.4,684162.8,992.0
5482.4,652656.6,915.73
2737.0,248843.9,281.532
2813.6,226757.4,251.19
5404.2,609269.7,890.339
3685.9,304033.7,411.191
5595.7,765800.9,1116.687
3744.2,334680.5,454.79
6110.4,798778.8,1197.773
4763.8,546207.8,738.478
4724.1,455292.9,662.174
3484.2,305141.1,388.398
4505.3,517093.4,633.185
6479.9,860389.0,1373.029
4171.9,363701.5,502.581
5297.5,586869.7,805.55
4112.3,396848.2,545.013
4815.6,394101.0,580.487
7936.1,1248141.1,2105.596
6904.4,829855.2,1382.887
4061.6,428183.2,559.722
4595.0,441389.3,624.08
3166.4,263788.0,298.213
3660.0,361388.7,456.711
4604.7,429367.8,673.706
6203.4,706137.2,1042.068
5349.3,639605.8,960.303
2655.7,210180.8,214.754
6139.4,766582.7,1153.786
3936.0,392631.5,488.777
2561.7,204472.7,236.992
7237.5,910864.2,1541.402
7372.3,1027030.1,1707.375
4749.6,466058.5,649.371
5487.7,675987.6,929.52
5581.5,651596.1,974.515
7278.8,926065.1,1616.968
5267.2,614201.0,944.072
2547.1,178494.6,180.09
9047.3,1450561.8,2652.247
6187.5,787069.8,1239.256
3504.4,303932.3,348.215
2725.5,196907.9,228.988
4960.9,495716.7,788.617
3713.8,320619.1,419.556
4785.7,501276.8,684.983
5487.4,638495.5,955.814
3374.6,257000.5,332.603
2477.1,205104.5,213.572
4823.8,517608.6,716.502
3403.2,289414.8,341.582
4443.2,449200.8,590.629
2174.3,157795.1,177.835
3672.8,345452.0,428.467
5192.2,664222.6,934.145
5491.6,626389.7,855.574
2928.0,249657.0,278.135
2674.8,193397.3,204.781
3916.9,370773.1,531.739
5203.5,574363.6,825.169
4812.5,495563.5,727.767
3712.9,306802.7,347.476
4829.6,513285.2,667.452
7826.9,1005636.6,1761.999
4813.4,455894.2,619.415
2261.0,154415.7,157.135
4417.3,477395.7,618.445
9232.3,1375131.9,2726.253
2464.5,156304.4,186.035
3701.7,408858.7,537.755
3730.4,304845.0,437.486
4285.9,429252.3,567.205
4391.5,467382.3,614.002
6084.5,888086.6,1315.744
4203.0,409866.5,562.154
6429.9,919506.3,1469.677
4183.6,383376.8,477.531
3512.2,301198.8,395.944
2873.3,272224.6,306.173
2217.1,154615.2,157.135
4733.1,463974.1,655.699
9415.3,1515696.1,2748.409
4738.5,534198.1,759.563
5244.7,648112.4,913.151
3420.3,301263.1,376.375
3638.6,345891.5,431.186
5777.7,732214.4,1160.929
9155.3,1394733.5,2649.866
7055.8,1053834.0,1741.658
5871.3,643305.8,1004.655
4326.0,426234.4,540.112
4271.7,472066.8,621.703
2931.0,237042.2,286.058
2241.6,159066.0,163.427
2591.7,186296.5,211.739
4212.1,381530.1,546.526
3700.6,321881.2,414.939
2300.4,154840.9,160.648
4283.4,401137.9,509.469
3602.9,328478.9,406.191
2418.0,196668.2,204.025
3300.6,300238.3,389.6
3833.3,319429.7,405.366
3252.9,292059.0,319.417
5985.2,660627.7,1107.939
2276.0,149101.1,157.135
2249.9,144553.2,157.135
4163.2,397282.1,526.419
4184.8,416777.0,567.317
5016.4,535399.4,727.204
3220.2,286456.0,340.048
2722.7,207516.3,250.558
3807.8,386902.7,521.94
3387.8,301146.3,367.814
8031.2,1129217.1,1832.551
3520.8,366833.8,404.298
3785.0,400674.0,502.998
11206.6,1877383.2,3859.913
3680.7,351440.1,448.761
5439.4,578196.9,821.932
5534.8,591711.8,883.872
5214.9,656789.2,946.611
4560.0,430681.4,662.982
4286.7,466346.7,613.798
4061.9,417033.5,569.244
3232.6,274638.5,330.053
4814.0,531367.6,682.516
9224.0,1390110.6,2692.819
6519.7,885798.5,1392.9
4228.5,506709.3,670.737
5617.3,701056.7,1046.458
2943.1,210863.3,260.597
3486.8,362078.0,425.6
6302.0,729844.7,1127.012
7268.4,1017122.9,1740.563
3018.5,239793.5,282.084
3309.5,287553.8,355.57
9389.3,1539440.1,3045.529
4323.4,429493.9,567.378
8318.1,1258909.8,2282.222
4295.9,473053.4,620.271
4103.3,481495.2,640.242
3806.2,356603.4,410.449
5975.6,727347.4,1122.214
7381.8,922905.8,1568.207
2760.4,190856.2,227.998
3705.7,355929.3,395.206
5776.5,746485.7,1097.637
3671.2,355723.6,472.976
3453.3,316986.3,352.774
6169.6,821376.9,1184.461
6256.5,762160.2,1277.585
3511.9,288509.9,365.432
4506.5,456048.7,623.031
2576.0,174105.5,198.251
2734.4,223660.9,255.131
4467.2,449415.8,580.282
4137.5,381413.4,538.485
2890.5,217800.6,240.865
3183.1,267499.5,294.843
2734.4,205541.8,222.544
4886.9,534806.6,757.621
2299.8,147498.4,157.135
2841.8,217381.1,232.343
2290.4,143793.3,157.135
4877.2,530908.8,735.933
2300.1,152703.5,157.135
4052.7,432263.4,538.625
8405.1,1119011.4,1967.952
7498.3,1148617.2,2022.475
2238.6,143327.1,157.135
4534.1,495989.2,667.766
2673.8,207160.5,236.614
2557.6,177674.1,200.717
3731.8,358095.8,479.145
7305.7,907834.4,1412.808
4929.2,557668.4,851.259
2948.8,239971.8,295.041
5206.5,659623.0,926.708
2253.3,151247.3,157.135
3141.8,258430.9,286.187
2994.2,231168.7,270.283
4473.1,421043.9,559.234
3643.0,354017.0,445.853
3962.9,391682.9,468.453
3762.5,381818.7,456.068
4161.1,430267.2,534.594
5310.2,549546.0,811.385
4055.7,419571.5,592.171
3946.0,346197.5,417.502
4776.5,555657.9,725.76
5345.5,722748.0,1021.702
3176.8,279909.8,335.407
4006.0,399570.5,500.484
6347.8,878904.6,1339.209
2414.2,198099.4,215.881
8488.5,1293945.4,2248.159
2314.4,169664.5,178.434
3649.2,308039.6,397.469
2669.8,209638.7,244.126
10801.9,1584195.9,3061.651
3405.4,267151.1,349.952
3365.9,291936.7,350.66
3608.0,314580.2,389.421
3948.3,442320.1,567.077
3509.3,345012.2,402.927
4159.5,392618.2,471.705
2207.0,163718.1,157.135
4171.0,399932.7,549.778
4039.6,376975.6,532.615
6584.4,819279.5,1212.496
6857.4,997635.1,1507.831
3603.6,383399.6,451.319
6294.6,694220.9,1013.588
2481.2,178084.0,216.089
5545.2,668677.9,974.431
3137.0,284570.6,330.99
2465.0,198561.6,202.086
3634.4,381505.8,452.09
7031.2,1033491.1,1623.105
4571.9,436868.7,607.482
6921.0,997910.7,1753.687
3178.3,253729.9,287.161
6510.4,756159.2,1221.6
3206.6,283041.0,310.402
4497.3,425108.7,629.573
4508.7,473590.5,625.202
5647.0,623129.5,894.753
4215.8,465735.7,642.6
3123.2,237334.9,289.379
5654.8,636996.5,1067.305
8486.2,1190545.6,2119.635
3151.4,267792.4,327.982
2299.6,161226.4,157.135
4696.9,531168.1,785.133
3341.7,330767.8,402.039
3858.5,344867.7,472.384
5415.0,586921.8,821.946
3473.6,266711.1,363.449
3745.1,373802.5,422.749
4062.1,372670.7,484.328
7271.7,897989.6,1716.307
4238.4,393781.9,537.905
2426.7,172750.2,193.953
2492.3,179198.8,200.274
4289.4,430019.6,587.37
2536.3,186979.3,211.291
2229.6,146408.7,157.135
5225.4,569130.2,876.231
5233.8,648524.6,911.498
3503.2,335294.2,390.241
4628.2,477659.7,665.215
4218.3,451557.5,610.975
5296.7,558009.3,853.155
5111.9,593327.1,854.759
2253.3,154272.5,157.135
3611.5,339092.4,432.52
5250.6,570211.3,796.98
3598.4,312031.0,377.156
3975.9,388748.2,540.57
5647.0,689484.8,961.449
4473.1,417418.9,560.409
7223.4,1150864.0,1769.917
6215.2,845488.0,1302.046
4011.9,409281.7,477.182
3580.6,373671.3,447.574
2167.0,154251.1,157.135
3440.0,312823.5,403.558
2440.6,161537.1,176.416
4345.2,474177.5,627.497
4296.7,444973.1,593.863
5249.3,608795.0,919.879
7511.0,1027021.2,1618.139
3906.6,394374.2,514.028
9681.6,1816173.9,3298.579
4235.2,442921.1,633.198
2477.9,180827.6,182.644
3359.5,285707.0,333.777
3696.5,334239.5,388.794
4932.2,615803.6,846.108
2764.0,216444.9,244.705
3993.4,327640.6,412.943
3783.5,394501.6,461.123
3335.2,295555.2,365.88
5661.9,701245.9,1009.663
5404.6,593895.8,880.326
6674.1,773803.2,1344.249
3489.2,304147.1,402.089
6480.5,887042.0,1383.776
2330.6,172078.9,174.897
2268.2,166940.0,171.493
2384.8,193839.2,197.402
4409.1,410674.2,528.939
6526.4,836091.6,1383.609
3161.3,279722.5,323.17
3329.4,296914.1,357.551
3733.6,338406.7,441.138
5237.5,593027.1,833.05
3308.7,295400.0,357.283
3449.6,275377.1,341.574
2433.7,166666.8,177.539
3220.8,297190.8,331.191
6394.5,916424.9,1356.103
4426.8,428515.7,564.944
3013.3,249176.0,289.223
6398.3,826845.0,1421.777
3362.4,299156.0,327.609
7034.0,1053206.3,1648.791
7448.1,1027449.2,1627.21
3779.6,370433.4,549.269
2202.8,152821.2,157.135
10768.1,1740690.7,3322.817
4777.4,531724.2,717.345
3673.1,317643.2,404.409
5794.0,733003.9,1134.556
5498.8,649407.3,924.671
6931.2,896781.6,1510.114
3159.7,253804.6,307.864
5040.6,496355.2,678.652
2669.7,199270.6,201.895
5516.9,640547.5,898.252
4181.1,416245.4,515.407
4412.7,481370.5,658.468
3780.3,392562.9,466.615
3473.6,312130.2,428.879
2737.4,253063.6,260.796
5423.1,742108.3,992.731
7439.1,1070174.1,1744.125
3109.1,291492.4,335.233
5099.4,570937.0,820.201
4833.7,523459.0,743.782
3917.8,390323.3,528.464
2376.2,152135.6,157.135
2293.7,177847.1,183.917
3119.4,247095.4,279.793
2042.7,168435.5,157.135
7165.7,997351.0,1633.022
4517.2,471030.9,706.118
3932.9,426322.9,512.501
2403.4,143477.0,157.135
2204.7,148302.3,157.135
3906.0,405198.0,524.037
9217.9,1456190.0,2569.524
3040.1,237363.7,298.989
5822.5,673094.4,1053.199
3246.8,272831.5,356.628
4036.1,427946.3,548.927
6459.7,929459.0,1397.399
3669.9,301317.0,397.281
3066.3,269657.9,301.054
6938.7,1046389.5,1646.288
4189.0,398902.4,544.661
6363.1,732669.8,1265.036
3172.3,243944.1,302.235
7065.2,962420.6,1631.237
4548.5,515839.5,654.562
4951.5,526736.8,745.344
4138.3,414395.7,583.783
3453.5,291138.4,349.353
4086.2,374820.0,524.315
3271.5,308791.6,367.515
5754.3,707726.1,1137.686
3750.3,336889.9,445.77
2187.2,155436.7,157.182
2304.0,166456.5,157.135
2210.0,170223.4,157.135
5305.6,566074.3,863.915
2483.5,184946.3,207.565
4607.3,498471.9,668.669
4550.7,463492.6,586.114
3957.6,344596.7,498.349
4769.2,533423.3,747.52
4207.5,432682.0,596.468
2233.8,138520.9,157.135
3794.7,303928.0,404.494
4592.3,511825.4,739.55
7897.8,1156054.6,1969.156
7528.1,1248880.3,2043.814
2320.8,169213.3,175.016
3586.7,335022.9,396.075
2098.5,152712.8,157.135
7405.9,1029632.2,1787.068
6217.6,762134.6,1187.629
4731.0,519624.5,696.445
4428.8,469191.8,600.225
6855.0,967804.5,1597.357
6735.2,834483.2,1393.622
6361.5,858940.8,1335.048
5054.2,550391.3,758.611
3236.5,339943.1,396.234
5502.3,634567.5,974.26
5699.7,655258.6,1013.435
3994.0,367674.3,450.255
3559.3,312769.9,395.589
6500.2,812802.4,1308.702
8110.9,1246257.6,2007.344
3176.5,230579.2,287.007
3619.1,374391.9,424.619
4450.1,486833.1,696.639
4664.2,572124.4,777.125
3399.8,284313.1,344.63
8806.8,1366785.4,2395.595
4794.5,518683.4,737.759
4944.7,588585.7,805.685
8361.3,1222834.0,2166.659
3438.6,291234.9,365.603
4019.6,414035.2,488.911
2359.0,178702.2,191.213
3552.4,346331.0,456.939
2162.2,142285.7,158.145
5232.7,711754.7,959.243
4575.7,510547.5,736.512
3891.4,371205.9,419.959
3584.0,382793.3,484.209
5659.0,658772.3,969.827
2681.1,194127.6,210.21
4615.4,510161.6,618.928
5477.2,563224.2,922.592
2356.7,154152.1,157.135
5783.2,614392.4,911.821
2208.6,150892.5,157.135
3967.5,373884.8,477.555
2690.9,186591.1,205.586
7027.8,1016848.5,1663.863
2538.5,189634.0,206.628
2180.2,142814.2,157.135
4392.1,444674.1,584.594
3205.9,317785.5,376.171
2367.7,148430.9,157.135
5159.6,616894.8,802.078
2288.9,163040.9,157.135
2448.7,214092.1,227.77
3108.8,288020.7,330.259
5992.5,672508.6,1002.211
6838.4,977097.1,1491.403
5947.9,881677.0,1276.894
3875.7,377616.8,464.019
2297.0,148221.6,157.135
4886.1,514042.7,719.415
7346.2,1063260.6,1717.442
7030.2,924857.3,1419.083
4787.9,537483.7,762.453
2585.5,180739.5,201.305
3324.6,308842.2,343.814
8860.0,1320094.2,2494.688
2274.1,153213.5,167.62
2538.0,178734.4,208.179
5981.8,701209.0,1122.21
3394.6,322688.3,370.916
2613.7,199224.8,202.566
7403.0,1068184.0,1798.751
5239.1,552452.6,761.291
3423.1,312816.4,385.968
2671.8,180186.2,208.526
9690.7,1674408.5,2733.842
4073.1,422111.9,514.782
7197.7,1003159.5,1618.997
5689.2,682423.5,1078.83
3244.8,282934.0,345.037
3352.6,277819.5,347.258
7305.5,1022137.1,1684.191
7723.6,1043894.8,1706.327
2195.2,149929.7,157.135
5019.9,530613.5,817.719
3640.8,411887.8,476.163
2764.9,208089.1,228.306
4642.4,484870.4,648.324
2466.7,164195.9,176.938
3529.0,274091.7,360.514
3057.0,238254.2,275.877
3453.8,285405.1,350.957
4068.3,396109.6,495.637
2798.2,217639.9,231.597
7155.4,1146897.3,1865.494
4770.3,578097.9,781.322
8006.3,1393367.8,2229.863
4030.7,368184.2,461.48
3174.6,296913.5,337.369
8095.2,1274977.2,2165.841
3238.0,250787.9,329.504
3618.4,354115.4,454.757
5545.6,609808.1,937.989
2278.8,182341.0,193.632
5192.2,608706.5,931.396
5210.3,601051.1,840.142
6484.7,953094.2,1460.31
6161.0,754691.8,1075.714
6912.4,1003639.5,1496.834
4089.5,342854.2,480.323
2928.0,216191.4,261.967
9558.0,1806319.7,2875.253
2148.1,160404.5,157.135
2386.9,161388.3,166.304
5222.6,577236.2,827.896
8549.0,1138107.8,1945.03
4559.2,410681.8,611.68
6015.9,733594.6,1174.728
2261.5,151658.3,157.135
3398.1,279901.2,351.027
2341.9,148111.6,157.135
5900.1,752487.4,984.748
2221.0,150601.9,157.135
2325.9,178103.3,187.476
4667.4,564437.3,794.493
5988.9,817584.7,1235.434
3743.1,352814.9,461.894
5460.6,615386.8,831.269
5393.1,578941.3,809.855
3893.2,326702.2,441.349
2761.4,196593.9,217.287
4987.6,571285.8,827.739
4923.7,587964.9,860.527
5627.2,730816.0,1079.17
4271.6,505339.8,675.156
2440.5,193402.0,204.742
5288.7,635443.1,915.799
4111.3,401693.6,524.442
3382.2,263355.7,355.814
3530.1,344203.8,414.056
3165.3,262878.1,301.017
5691.5,675949.8,1074.673
2308.5,162720.6,167.433
2619.3,217929.4,235.755
3738.5,343398.9,402.82
7836.0,1162393.8,1927.498
6421.2,802793.9,1227.946
2129.3,159902.0,157.135
7093.2,942199.3,1560.101
7201.4,975452.7,1557.68
2346.2,182059.1,203.835
2342.4,161214.8,157.135
3775.6,352570.1,495.34
6477.6,859876.5,1297.268
8334.0,1117789.2,1892.879
2989.0,239636.8,260.251
7799.0,1191315.6,2154.636
2219.6,153196.5,157.135
3701.2,316726.5,390.268
3342.9,312625.7,375.109
6408.2,798599.2,1328.921
6788.8,954469.2,1494.814
6140.7,675338.6,1132.816
2229.9,162093.6,176.803
5931.5,645685.6,1052.199
4893.2,579346.4,791.309
2234.5,155590.7,157.135
2215.5,156026.3,157.135
6359.1,841489.9,1211.93
3797.0,350859.8,454.095
2578.9,180222.1,186.366
3909.2,351210.5,443.937
4583.7,504058.5,704.037
4173.9,405132.1,491.115
2264.2,169239.8,157.135
8795.3,1321322.3,2399.53
6335.8,797456.5,1179.39
3424.1,327676.9,400.681
3433.4,336500.3,413.903
4727.9,511029.4,701.458
2529.9,190062.0,211.258
5056.1,412025.9,680.954
2318.3,183292.6,179.649
3978.2,369476.2,496.014
2571.3,186198.7,204.73
2735.6,192563.9,213.232
7621.7,1112254.7,1977.808
3923.6,420941.7,550.694
4697.3,456597.6,620.545
2242.7,147141.7,157.135
3318.3,274475.5,324.512
5092.4,538076.2,761.387
4604.6,475256.3,613.944
2202.0,142622.8,157.135
4328.1,439472.6,620.411
4373.2,525784.9,705.467
6587.2,887122.4,1477.399
3145.9,250807.3,309.635
2173.6,148073.4,157.135
2612.6,209475.6,235.132
2631.6,196396.4,216.874
5802.0,637002.7,950.669
2230.5,144863.8,157.135
3259.8,311652.9,365.811
7637.4,1072613.4,1656.569
3973.2,365558.6,528.087
6221.3,660170.3,1081.165
2212.1,160351.0,157.135
2244.7,164961.5,157.135
7761.7,909107.7,1671.922
4032.4,445112.0,569.648
4084.7,464413.6,570.594
2570.3,186471.4,213.22
4231.9,462320.3,569.449
2862.1,189537.2,208.499
6362.1,874133.9,1366.425
11642.3,2241798.9,4730.662
4783.6,574993.0,775.462
3193.3,277176.8,314.739
2279.9,166244.2,157.135
2173.1,163899.4,157.135
7652.3,1090396.9,1838.158
2917.5,240849.6,229.068
3524.0,337225.4,389.394
5389.9,627553.0,890.318
8008.3,990399.0,1733.735
3666.7,326071.9,447.019
3367.0,286904.2,378.92
4127.6,400130.5,556.223
3106.8,286148.3,316.598
3014.9,283354.2,330.632
4850.7,506324.8,731.71
4441.4,448077.6,609.584
9574.8,1561976.9,2925.789
4925.2,552933.1,747.788
6565.4,804748.0,1327.646
2517.6,204199.9,221.427
5107.9,570141.1,801.653
3122.5,240743.3,293.182
4495.6,559283.5,722.088
5717.9,614876.4,914.453
3968.1,393394.2,546.557
10299.9,1972392.1,3653.804
7323.7,1007951.6,1659.488
6708.6,872809.8,1355.867
5735.7,617585.6,972.034
8504.7,1299584.2,2174.49
2243.0,176703.1,164.908
7128.7,909241.4,1584.092
2706.2,215062.7,236.181
3277.9,267518.8,333.167
5137.6,657682.0,825.408
6582.2,943282.8,1418.431
2531.7,192995.2,207.219
3086.4,270549.4,347.369
4393.5,405806.5,567.96
3836.0,368506.1,451.807
5256.7,648581.9,1044.943
16841.9,3432234.6,8370.586
4828.2,524835.9,736.111
2926.8,250878.9,290.31
2326.1,176869.1,184.673
3487.0,317546.1,403.964
2695.3,228629.8,246.09
4778.6,518348.5,765.286
5247.8,552834.9,755.768
3441.3,300181.9,361.47
9864.2,1483379.7,2599.653
3065.8,264340.4,290.252
3985.6,362321.3,476.848
5103.6,584833.8,878.796
5814.6,653934.7,1077.458
6815.3,824710.2,1470.053
4978.3,523094.1,741.575
6228.4,784048.1,1224.618
3169.8,246949.3,307.18
5990.6,692738.4,1100.297
5812.9,774154.3,1088.52
7396.6,1109299.7,1777.017
2176.5,143185.7,157.135
2960.5,218175.1,252.736
5625.0,694572.7,1019.25
2265.1,147805.9,157.135
4951.2,527986.9,780.519
6535.1,779511.1,1233.425
2991.7,291554.9,329.951
3477.8,321827.1,371.206
2520.9,193060.5,220.919
3363.9,292677.6,344.858
3331.0,291315.5,353.006
2925.1,245094.1,302.822
3076.8,245144.0,289.73
3696.5,315564.5,422.017
3612.2,353515.3,417.921
8659.3,1448406.4,2377.537
3508.7,304182.8,382.135
4920.6,483826.3,692.841
3198.2,290934.3,329.816
3355.4,290899.9,326.455
2232.1,144243.4,157.135
2354.4,151384.1,157.135
2489.0,183308.5,198.487
4284.5,433630.6,608.801
6033.8,816830.8,1249.804
2232.5,147263.8,157.135
3172.9,273494.7,337.291
2491.8,165003.1,174.49
3547.7,313393.4,424.311
6132.0,722740.1,1249.397
3493.1,314220.8,366.246
4203.5,374146.2,505.301
7562.9,1138266.5,1696.333
5126.8,593543.0,759.358
2998.6,239110.3,284.544
4345.0,498551.7,596.763
3172.9,246075.0,269.488
5179.3,508328.1,736.8
5175.1,490516.1,795.335
2462.1,171617.0,174.452
4538.3,448893.6,604.621
3713.7,379200.1,477.563
5081.1,562292.8,814.363
6064.8,646190.6,1026.013
5097.9,533132.5,771.416
3607.1,341092.6,411.21
6322.2,717892.2,1113.901
2917.1,223943.3,259.782
2473.8,158373.6,181.133
2269.2,153205.9,157.135
4059.3,361940.5,496.172
3007.5,246794.0,270.795
5052.6,498715.0,723.428
2367.1,150270.6,157.135
3092.0,293901.8,311.651
5009.6,533876.0,766.965
2839.1,201604.8,228.949
4793.6,536698.7,730.165
3098.2,255675.6,335.138
3888.7,417250.3,511.326
5022.2,617517.7,848.177
5889.9,759614.9,1131.515
4116.7,358911.3,565.657
3067.3,233811.6,272.444
3360.2,279596.1,362.967
5555.2,638526.9,877.234
2588.0,218437.4,230.538
3750.0,363905.7,454.839
3512.4,293933.6,384.7
4048.7,403579.3,483.064
2848.2,206123.7,232.773
2187.9,166916.1,157.135
5244.6,567535.1,798.806
5634.2,764511.5,1141.898
2314.8,149038.9,157.135
4493.6,544845.0,706.814
6436.4,829707.8,1256.884
5435.3,631842.9,848.692
3579.5,308751.9,375.272
2616.6,217381.0,245.447
4146.9,434529.2,560.433
4646.7,504808.0,641.071
4365.7,448049.7,567.171
3842.3,358910.2,454.082
2418.9,181530.9,219.408
5082.9,547484.8,738.112
5219.6,504684.8,767.327
4459.8,456470.1,617.261
4312.4,427549.5,574.155
8202.3,1101096.6,2031.976
3368.5,272699.8,317.43
6917.2,1018601.3,1474.631
3016.8,245531.4,290.585
6486.6,850274.3,1283.258
6713.9,997511.9,1418.6
3631.2,346018.3,414.585
7435.6,1131068.9,2002.25
5040.7,548149.2,766.203
3007.1,232930.2,258.902
3660.8,337903.8,388.353
6700.1,882994.9,1308.121
5914.8,632023.0,1104.724
2683.5,193900.3,223.804
4051.8,364677.8,469.29
4592.1,433872.1,618.606
3534.4,239853.6,348.754
10286.2,1765425.2,3510.84
4369.4,465339.0,633.816
3933.1,374721.1,499.513
6358.3,820752.0,1370.816
3345.5,317002.4,391.162
6248.4,779743.6,1182.445
2271.6,148977.1,157.135
3437.3,320026.5,364.252
6325.0,789614.2,1222.801
7255.8,1054757.7,1861.017
2935.4,229868.9,281.532
2821.7,223175.9,256.297
5146.0,610217.5,829.445
2998.7,257090.7,317.775
3533.5,346864.3,422.843
5716.3,707731.8,1063.954
3423.7,311426.7,338.646
2259.0,155513.9,157.135
2519.9,167092.4,183.993
4082.6,418022.5,529.256
2235.6,158495.1,157.135
3698.2,324038.1,413.214
2315.4,153942.7,170.981
7717.3,1183708.5,1968.611
9211.8,1621963.8,3005.945
2604.7,187583.8,223.775
4685.8,478455.2,645.724
2918.5,208774.2,242.125
3497.6,304020.4,409.186
7885.2,1258193.1,2245.926
3513.6,315942.1,360.446
3651.5,353642.3,416.935
2648.4,228597.9,245.638
5726.2,849574.3,1322.353
2151.0,157120.4,157.135
3355.8,302399.3,367.453
3830.8,367771.5,505.966
3218.5,249837.5,308.18
5601.8,677688.3,1052.985
6635.8,932008.3,1383.218
2543.6,169993.0,168.255
9543.9,1462679.0,2837.276
2292.2,160350.0,166.74
6842.6,900525.7,1483.208
4458.3,437527.9,592.408
3409.2,281673.3,349.853
3328.5,329855.3,377.488
3965.7,391406.4,511.036
4327.2,462884.7,621.051
2788.6,223691.0,250.108
4000.5,327040.1,434.813
3070.3,244901.2,282.128
2496.4,192875.1,197.203
3089.7,254421.5,271.72
2590.3,180096.2,207.821
3231.0,283010.5,374.22
5198.9,530718.5,743.956
4263.2,457411.0,578.668
8272.7,1455616.9,2577.519
2096.9,157785.6,157.135
5164.8,506174.2,766.391
3845.4,390660.2,527.75
5991.1,606906.4,1013.131
5471.6,630867.5,935.285
3934.2,323019.6,459.657
4335.9,478302.6,603.405
3091.8,267821.3,288.242
5299.3,598834.0,860.933
2232.0,141400.2,157.135
5355.0,673119.1,981.907
4106.8,432816.7,515.312
3122.7,299485.0,354.576
3862.0,365632.1,435.306
3862.7,352624.0,461.809
7021.3,884604.1,1493.611
13543.4,3208200.3,7110.563
6386.3,798266.6,1403.253
3188.7,311383.0,332.903
5410.5,605052.9,872.177
5161.6,645321.2,903.33
3116.6,215454.5,249.101
2432.8,164395.7,190.065
3824.7,412728.6,498.922
5616.0,637045.7,1006.651
2152.0,155192.2,157.135
2914.7,257153.3,293.675
5359.2,581259.8,832.932
4241.7,395428.2,542.981
7381.4,990214.8,1643.906
2435.1,153677.1,168.346
10750.0,1899324.9,3494.934
2142.0,156930.0,157.135
2299.8,152345.7,157.135
3814.6,374614.7,500.682
2538.0,214058.9,210.436
4015.6,365844.4,508.882
3943.4,353376.5,494.74
3515.2,351418.4,448.394
2799.6,229585.0,266.279
4860.2,558984.1,744.065
3509.0,336975.1,406.549
6668.6,816750.3,1277.803
4002.2,365411.7,453.995
2648.8,220186.6,241.298
2240.8,169423.3,157.135
4061.6,362855.0,457.028
2437.2,170708.6,188.782
2333.5,169333.6,176.886
5230.9,493453.4,803.14
2211.1,152260.1,157.135
7595.2,1050920.7,1638.509
4255.4,457318.6,597.148
3939.2,395029.1,506.8
2779.5,212219.6,228.041
5582.6,692473.5,972.101
4099.2,429098.7,523.799
2871.4,263045.8,302.028
4366.7,448238.0,616.765
2314.1,135849.3,157.135
2166.5,160153.3,157.135
2675.9,199506.7,212.871
4755.0,505364.3,695.85
4048.4,385983.6,523.65
6583.9,826217.2,1222.711
2782.4,218393.2,250.141
5095.7,578870.7,834.286
3870.2,370956.1,478.99
2803.4,222914.2,245.536
4921.3,484580.5,716.208
3751.4,394597.5,497.825
3283.3,257403.7,316.22
4167.3,397456.6,543.101
3965.4,384925.1,472.983
4226.5,344971.0,463.864
3390.3,320685.7,376.507
2299.8,173475.3,183.421
4244.0,386869.5,557.634
2998.9,255441.3,274.936
2804.9,210604.2,230.71
3629.5,349610.4,432.45
5313.3,675805.0,948.616
4141.7,486350.0,609.742
3123.3,287122.6,342.201
3192.4,285659.9,331.291
5254.9,614483.1,876.427
2428.0,149916.6,157.135
5265.8,618443.9,998.295
2265.7,154156.6,157.135
2244.0,172207.1,167.799
3351.2,295865.6,346.887
9582.7,1537722.5,3018.038
8372.6,1247187.6,2028.981
5660.3,621610.8,927.795
4696.3,453759.9,699.795
2367.9,160471.7,157.135
4487.1,422460.0,595.726
3462.6,307119.9,337.251
2935.3,250425.3,271.861
4518.1,437341.1,594.788
3277.4,302333.4,359.164
5602.0,791517.6,1057.879
2439.2,160328.2,157.135
4032.6,425204.3,557.744
2817.8,262429.1,258.522
3211.2,309226.9,377.406
4466.2,501592.9,671.12
2503.4,185885.8,213.365
4250.3,409299.2,599.325
3796.4,344126.2,442.449
3199.8,261994.2,308.302
3247.0,300477.2,359.32
3720.2,337534.0,463.541
3131.7,252216.9,282.773
4387.2,385813.0,528.037
3841.2,344945.9,419.584
2990.6,282855.5,320.798
8132.3,1093929.8,1890.715
5202.3,498609.0,733.694
3272.6,337895.6,385.684
4525.4,459428.5,590.517
2726.1,208071.4,229.506
3382.3,325096.6,369.242
3607.1,327045.6,405.652
2516.7,173718.3,192.222
5002.9,488798.0,717.39
3483.8,287415.1,349.315
3333.8,330863.6,394.247
3166.2,297412.1,331.993
13514.3,2700709.6,5699.843
3331.8,277480.5,307.798
2004.4,150883.7,157.135
2181.5,146663.8,157.135
5219.9,611871.9,968.138
6628.5,923923.2,1541.486
3229.5,242086.3,303.076
6697.3,1009633.8,1471.681
5018.4,660094.9,954.416
3762.0,352607.3,450.675
3991.3,368884.0,425.623
4088.8,421490.0,607.415
5944.8,700054.1,1064.856
5106.1,571592.9,723.16
3104.7,256914.1,304.297
4114.6,404367.2,456.256
8842.7,1493602.3,2591.931
4790.8,502481.0,642.845
6088.0,749583.5,1057.901
5072.7,567054.2,811.224
4298.6,465973.0,654.42
4101.5,426924.4,573.094
5341.3,679611.0,1082.101
5590.0,634175.5,936.927
4631.8,474478.5,649.447
3099.5,278515.8,300.168
4749.7,528763.3,716.352
4199.4,431482.7,497.426
3652.2,294588.9,409.536
11761.9,2118612.4,4547.291
2248.7,149823.1,157.135
6525.8,800229.8,1136.739
2959.2,228294.1,261.967
4241.4,404839.9,583.579
11483.0,2071589.5,4160.896
2824.6,202746.4,241.742
3001.5,234139.9,292.972
3975.7,437443.7,517.668
2903.1,227806.5,265.25
6200.5,714032.1,1070.535
3400.4,282315.8,341.268
5232.0,602675.5,889.374
2476.4,162927.5,179.873
2236.3,150158.4,157.135
3777.8,351260.4,436.552
2258.3,163719.5,157.135
6924.1,1117147.7,1784.741
1978.9,143490.6,157.135
2714.4,215444.5,227.505
4665.5,535253.6,732.737
3021.6,265873.1,327.306
2163.2,153903.7,157.135
9646.8,1534754.9,2717.494
2768.6,210371.2,234.212
3893.9,361325.1,448.22
3824.6,335049.8,443.572
5244.1,699169.3,930.656
5078.4,489763.9,762.087
2997.9,241805.2,269.65
3566.7,330487.1,403.777
3738.0,357145.4,437.279
5703.8,626251.2,960.101
2476.6,199839.2,204.771
9624.9,1462676.2,2670.053
3078.1,231255.6,284.752
4072.2,376876.2,521.337
2722.3,190692.2,206.151
2299.7,160055.1,184.427
2820.4,249275.5,259.496
2689.3,225658.9,240.159
3507.9,335814.5,376.003
2887.7,232109.0,238.53
5199.6,615935.3,919.654
3401.9,231371.2,279.342
2775.8,196791.6,255.473
3538.5,304487.5,382.509
6097.1,829387.6,1168.624
4464.1,441174.9,624.292
3802.9,371492.9,484.496
2393.8,154570.7,165.43
2491.8,195257.0,209.042
2274.4,187238.1,187.386
6615.1,860828.8,1505.148
5361.5,526881.7,805.153
3035.7,247428.5,262.189
3003.9,288613.3,333.159
3027.2,232117.8,269.979
2641.6,246291.7,257.116
4913.7,503112.5,760.828
3467.6,348443.9,416.431
9795.0,1526395.9,2809.247
6914.7,924046.2,1438.16
7202.8,826494.8,1508.34
5292.8,609173.3,901.895
3420.1,316283.7,373.466
4896.6,586716.4,849.979
3407.1,340413.9,396.36
8186.6,1217392.0,1953.34
4880.4,495228.1,727.242
4560.9,494055.4,648.645
4523.7,413472.8,581.643
7821.4,1232734.5,2134.393
2360.1,164141.9,165.336
8176.0,1256043.4,2309.84
4021.8,369306.4,451.884
2369.8,157661.9,169.055
3136.5,239438.3,286.357
2173.6,157993.7,157.135
5802.6,585184.7,889.121
2913.0,196084.2,227.394
4449.6,470172.7,601.471
6764.4,836296.1,1309.656
3079.5,241369.0,305.475
3486.4,351506.2,423.004
2494.9,169297.3,183.655
3368.2,290546.7,383.934
12149.0,1856534.2,4179.164
5830.0,691609.1,982.783
3707.5,323314.1,424.156
3216.6,253594.4,320.694
4178.8,402132.4,507.294
4353.7,453245.8,583.041
3396.0,293758.7,374.547
4761.9,589734.2,804.826
2891.6,239926.5,243.486
2818.2,230842.6,242.519
5296.4,539436.3,707.538
2541.8,191436.0,204.718
5548.2,626486.4,944.794
4116.1,395557.7,519.019
2294.4,155907.0,157.135
4108.6,403436.5,573.464
2228.6,146753.4,157.135
5585.2,582854.5,918.032
3647.7,345055.5,429.666
8891.9,1325955.9,2333.784
6316.6,773065.4,1244.918
2708.2,210496.6,223.326
2340.8,144747.7,157.135
2987.0,237691.7,285.69
2357.1,189416.8,196.219
8437.3,1360810.5,2286.596
3937.1,382168.5,520.68
5467.0,739295.4,1113.981
3627.4,320406.8,417.273
3831.3,353044.9,454.253
4201.0,394829.7,511.401
6097.9,840274.6,1280.766
4649.4,497247.5,674.916
2791.8,205258.0,223.931
7678.6,1079708.9,1941.159
3710.2,337959.8,414.663
3625.5,306791.0,363.705
2075.0,157853.8,157.135
5334.4,581339.3,875.429
4458.7,447288.0,569.555
4194.9,399758.6,569.056
3672.2,302187.2,379.483
3324.2,272507.3,330.259
3779.1,296160.1,389.788
5040.8,531856.3,762.584
5693.2,611201.5,878.764
3768.0,314837.9,435.833
5670.6,723692.3,1128.001
3859.6,348612.7,492.652
3473.6,320309.7,349.705
4606.8,459825.0,616.065
2333.7,167697.3,175.548
4823.9,470568.2,633.334
2204.1,157188.9,157.135
2751.1,216719.9,229.338
2274.7,141040.2,157.135
3610.5,381803.1,455.922
7782.0,1202741.2,1921.113
4287.3,369998.4,477.754
5104.3,602625.8,881.934
10810.4,1562047.7,3495.353
4591.8,488140.4,727.111
2892.1,250858.8,283.372
2998.7,283644.2,316.616
4244.1,415367.8,525.305
3058.0,265196.2,315.259
3433.0,307593.7,334.85
5950.0,794548.1,1161.502
6210.5,760665.9,1200.427
2272.6,170090.1,157.135
2754.6,223630.8,271.533
3417.1,275765.7,361.227
5275.3,576796.6,850.868
6779.0,805396.1,1319.039
11681.6,2244133.2,4633.082
3278.2,308577.2,360.741
3548.4,305689.2,375.557
5481.0,584845.9,843.686
3031.4,258629.7,302.974
3674.5,325642.6,468.646
3413.4,283993.2,375.766
2146.7,149598.8,157.135
4363.2,415550.1,579.846
3636.3,351825.8,453.268
7090.8,974668.6,1462.555
4130.3,400260.4,527.355
2565.6,166871.5,190.994
3342.4,325786.0,426.429
2083.7,166126.8,157.135
2641.6,197989.7,197.861
5129.1,621302.3,876.21
3487.9,315673.3,430.142
5878.2,736862.6,1104.229
2257.3,155462.9,157.135
3682.6,342836.8,431.837
3437.5,286352.4,357.892
6086.6,728090.2,1134.301
5419.1,598279.8,902.918
5586.6,571989.0,880.987
7600.2,1157920.8,1818.338
3516.9,330002.2,390.257
7226.2,933377.8,1539.783
2742.8,207822.1,226.313
2549.7,203347.3,219.722
5513.9,731250.4,963.036
2275.0,159309.8,157.135
5027.7,603841.8,833.008
4165.7,428168.2,569.693
5952.9,781821.1,1245.46
3555.0,412860.1,500.467
4117.5,428824.5,549.286
5042.7,533338.5,791.451
2994.6,267138.0,307.79
3248.5,264769.4,297.173
4744.3,489499.1,769.541
4188.4,375138.8,512.779
3526.3,313510.0,378.113
4311.7,344709.5,491.142
7938.8,1024584.1,1897.916
3226.1,296827.3,367.388
3524.0,302642.7,358.901
2392.6,156665.3,157.135
3742.2,421623.2,507.408
5462.4,613953.8,891.437
5923.9,673698.3,1030.032
4232.2,402099.9,572.872
5451.6,727282.8,1134.287
5421.9,664554.1,946.481
6251.7,851909.0,1287.401
6458.8,765196.3,1160.612
7665.4,1132130.1,1860.688
3753.8,382493.7,457.919
2338.3,170797.0,180.182
5409.2,657588.5,896.361
5609.3,638554.5,984.861
7453.4,1097562.4,1860.714
6920.5,892775.3,1474.459
8751.9,1460049.8,2518.237
4729.0,567481.7,865.227
4602.3,456564.3,631.342
2392.8,149363.5,171.964
4663.5,503032.2,673.0
3213.3,298397.2,336.361
4437.0,480198.3,622.601
4316.2,431848.8,548.606
4818.4,565893.6,767.87
4066.6,389370.5,485.418
5614.8,754343.4,1115.42
2250.6,157774.7,157.135
4415.9,437907.4,611.898
6905.3,860541.9,1383.734
8368.0,1341408.0,2369.726
5313.1,631075.7,947.039
7620.0,1096925.8,2041.222
4276.1,419668.3,601.601
4133.0,405711.6,526.239
4707.0,589287.3,804.409
4009.3,399696.6,523.677
3055.1,277587.1,279.483
3306.5,274272.6,346.615
2618.2,199839.3,214.253
4760.2,600351.6,803.736
4088.7,425356.0,529.869
3538.1,327918.9,392.718
3230.8,293083.1,332.538
5039.2,555956.3,788.771
5527.6,719542.6,984.777
2544.3,205940.4,211.106
2333.0,167249.3,185.991
6241.6,752779.1,1133.078
2235.5,152681.2,173.334
5127.2,614842.0,816.209
8429.2,1148221.6,1932.411
8200.2,1216454.8,1936.036
5614.4,640695.5,951.561
5491.7,576209.4,929.532
10073.7,1950858.6,3223.657
2156.3,153511.7,157.135
3354.7,282285.6,361.13
5885.7,732621.5,1040.287
3623.0,356606.9,400.065
6950.1,881381.7,1425.948
4223.1,388371.9,508.636
4281.8,441041.4,583.837
3686.3,317240.5,420.77
3068.3,276134.9,344.59
3587.4,307556.7,337.826
4483.2,473672.0,653.265
3069.7,233000.3,281.244
5901.1,723608.1,1131.887
5224.4,643607.9,888.813
6303.9,736805.0,1273.435
2466.8,195818.1,211.377
2024.4,172489.0,157.135
4273.1,441930.5,523.258
13430.6,2670134.4,5429.52
6561.5,967267.6,1456.647
3327.7,298919.6,335.834
5011.1,523061.3,739.197
5328.6,670236.4,943.706
2393.4,181180.7,174.279
7387.6,908814.0,1583.253
3606.1,369883.6,458.757
4024.6,384486.2,488.026
4186.2,408622.1,535.187
6986.9,837936.3,1320.597
3082.1,248886.7,285.672
2199.0,154934.3,157.135
4599.6,521362.6,681.107
2423.9,156186.1,157.135
3568.4,326776.2,411.903
6748.6,825103.0,1366.429
5111.2,567949.0,837.267
6494.1,794242.0,1216.202
5489.5,576485.3,865.574
10783.0,1985432.5,3662.674
3171.9,279932.6,326.811
4715.4,547936.5,723.648
3196.3,292332.1,368.841
6032.7,711672.1,1135.172
3999.0,407239.8,499.609
7905.8,1220451.4,2097.862
3065.9,281446.6,342.291
7263.7,1027043.1,1631.832
5259.0,606546.7,846.798
4097.3,368183.5,511.47
4887.2,608657.6,812.898
4612.5,464156.2,648.073
4682.9,548282.9,699.464
3891.7,327748.3,444.402
2962.2,258743.5,298.281
3738.3,319574.0,400.78
2374.7,138166.7,157.135
5763.5,711967.8,1034.816
2524.6,163982.8,194.032
3862.4,342884.1,440.56
5092.3,642471.2,885.109
5620.5,669797.5,1032.69
2252.0,145770.8,157.135
4270.4,392720.9,487.567
4688.2,531780.4,760.487
4455.3,405686.7,547.503
6969.2,1014960.4,1550.984
2930.3,222315.1,270.738
2347.1,149044.1,157.135
6141.1,704900.7,1008.777
3347.2,266248.1,340.566
2342.1,166665.7,157.135
3694.9,357544.2,462.064
6568.7,924630.8,1415.391
2326.8,185206.4,189.689
10260.5,1791405.8,3449.688
2982.1,227726.5,267.253
4268.1,422524.7,563.164
2679.1,189034.3,196.555
4511.3,391429.0,542.931
3850.8,345815.3,471.378
2182.0,165041.3,158.073
13365.9,2386142.5,5119.418
3520.5,296085.0,352.219
3407.7,288125.5,352.468
6211.0,741863.6,1146.42
8676.8,1385076.9,2265.533
6184.1,824090.5,1301.47
2398.6,181277.2,199.42
4445.0,453377.3,623.806
2217.6,148717.7,157.135
5942.0,692386.5,1085.87
2223.8,148747.5,157.135
2761.7,259204.0,274.828
3750.4,413976.2,523.674
5035.2,524237.4,751.508
3582.2,355366.7,425.455
7466.8,984691.0,1785.914
5348.1,683599.2,940.405
5108.5,647245.3,882.744
2398.0,202652.1,194.935
8441.7,1259536.0,2065.19
2928.4,243813.7,274.858
8441.6,1309093.4,2129.713
9518.6,1429049.7,2678.857
5087.9,546234.9,793.617
6395.3,776230.3,1206.107
2236.8,163312.7,157.135
3989.3,338248.7,448.673
6584.3,776492.9,1276.26
6162.1,735226.6,1106.012
2407.5,189008.1,196.462
3668.6,319825.2,414.361
2077.3,157707.7,157.135
5104.3,559466.9,732.367
2180.4,161943.2,157.135
6320.3,844554.1,1305.715
6230.9,854314.3,1361.868
3370.4,321579.2,358.222
4987.6,560678.3,799.149
4027.1,364799.2,440.754
4662.2,516035.9,638.042
2521.2,199217.3,208.277
4912.7,568942.5,867.069
2040.3,143347.5,157.135
2145.6,150256.1,157.135
3688.6,383432.3,475.89
3805.5,357217.1,442.839
4533.8,532834.9,653.863
3147.5,269157.8,311.067
8410.8,1328328.1,2399.79
4386.0,419547.5,597.576
4240.4,493471.2,633.417
4408.7,454481.1,615.479
6327.9,708812.5,1178.147
5079.0,581018.9,835.194
4970.3,506483.0,749.7
5079.0,629875.8,950.114
2058.9,152556.1,157.135
2264.9,145760.3,157.135
4132.4,371994.9,493.811
3737.6,339558.8,447.708
5624.2,561297.4,837.75
3888.3,385600.7,533.565
5027.4,568671.0,839.139
2487.6,171485.4,192.408
4144.9,409403.0,520.5
2325.4,170328.2,178.16
4577.5,545362.3,717.103
2291.6,167596.2,157.135
4727.1,518390.2,695.168
2229.8,158805.2,160.706
3571.7,324422.1,385.431
5828.7,729682.0,1079.956
4453.4,464706.2,630.615
2219.8,152285.4,157.135
3015.7,246584.9,305.382
2154.5,159042.0,157.135
2189.0,152270.4,157.135
4290.2,464348.0,577.249
4751.9,601419.4,824.68
5068.1,515465.1,748.847
5213.2,628389.7,853.298
3897.1,349527.3,520.011
3904.5,369646.9,421.206
2656.2,187455.7,221.109
3244.3,308994.6,368.259
2555.0,174472.0,181.013
3068.7,245570.9,265.689
4084.1,417046.0,564.034
3846.8,333308.9,477.473
13794.5,2840788.4,6206.346
2202.9,166280.1,177.481
3936.2,333347.1,474.675
2381.5,160236.8,166.677
3588.2,295447.4,384.11
3557.6,330621.1,396.916
5964.1,681780.9,1037.264
3257.7,330445.6,365.425
4068.5,349373.3,450.007
3331.3,309940.8,371.167
2262.9,160509.5,169.751
3070.5,242429.0,310.417
3413.7,309766.5,385.925
4177.3,435966.8,557.212
5071.3,591560.7,823.783
3737.0,339130.4,434.583
3572.5,316358.6,428.469
2250.4,157503.2,157.135
4862.2,578970.9,811.126
3178.8,266615.3,299.652
5683.1,639240.4,958.681
6943.9,859903.0,1516.824
3691.1,364247.2,451.243
2739.4,206869.4,230.156
3917.3,424586.7,518.008
4709.2,501975.5,695.388
3576.6,325903.6,407.145
3616.6,284152.7,333.248
4882.3,558790.3,826.832
4488.1,534238.2,784.032
3464.6,318665.6,397.173
2087.2,145649.4,157.135
4770.6,531169.5,758.427
2847.8,268959.8,282.889
4296.6,484259.3,624.023
4161.8,448162.0,593.043
2323.3,164812.2,157.135
4213.8,404773.9,560.48
5248.7,631786.5,794.818
5290.9,589963.3,877.374
4446.3,477305.6,577.111
2208.6,168543.3,157.135
7286.4,835475.7,1469.466
4914.0,561520.8,731.205
2438.9,181688.6,199.076
3049.5,234161.3,278.269
4490.2,477042.6,632.572
5330.5,590031.2,908.041
3369.8,299704.4,354.319
5872.8,650339.3,1021.21
2053.9,153865.1,157.135
2647.3,218539.8,226.632
2297.4,155484.9,157.135
2874.7,220463.0,254.735
7172.5,1087527.4,1770.142
8517.4,1406258.9,2756.843
4807.6,446572.2,634.29
3135.8,259608.3,313.856
3970.5,360951.7,439.144
5104.7,554330.8,768.865
2165.6,156644.8,157.135
2935.5,276393.4,330.984
7151.6,970685.8,1668.76
2677.2,219754.2,226.039
3076.6,238529.8,287.093
3929.5,412302.1,530.639
4612.8,477823.5,659.601
3199.2,275198.5,317.271
4384.5,408154.0,558.623
5156.9,624458.6,856.959
9167.9,1518998.8,2550.876
3928.7,387792.9,474.237
4162.1,392899.6,507.84
7317.9,1048721.2,1797.999
2896.5,323546.7,337.266
2373.8,162207.3,180.575
4478.2,491617.5,642.345
6019.3,814661.8,1249.806
4449.5,503682.9,702.34
3840.3,379558.2,485.541
2269.1,153388.5,163.397
4006.5,393869.2,500.901
6129.6,900710.3,1418.357
2316.8,206544.5,194.196
3873.6,360699.4,431.042
3469.1,319984.2,384.204
3084.5,262762.2,299.216
4281.1,514974.2,641.142
4884.6,507545.4,750.478
4792.3,524379.3,744.167
2689.3,193866.3,238.945
2108.5,156829.8,157.135
4386.9,494662.1,648.66
3606.2,274881.5,349.228
8452.0,1407057.5,2309.886
9012.2,1301590.7,2397.505
9042.4,1420295.0,2611.696
2763.0,219678.4,246.117
5010.9,625839.4,830.731
6125.2,672439.4,1059.289
5630.1,662346.9,967.398
3432.3,331143.3,394.586
6734.9,939576.9,1471.936
4266.8,412763.3,525.227
3840.9,451676.5,582.128
2263.4,148337.0,157.135
5413.8,660094.1,882.773
3570.5,336583.8,425.635
4958.5,533660.4,763.579
4583.5,498330.1,634.558
4184.1,435904.8,607.448
4149.1,394981.7,506.036
5677.4,641170.9,989.672
3748.5,399426.3,447.269
2282.9,175832.2,162.503
5286.6,574560.4,830.454
3235.8,243887.2,273.545
2455.7,170506.8,180.588
2795.9,203528.0,230.354
4616.1,483451.4,659.702
4241.0,375418.0,485.735
2108.2,141342.9,157.135
3265.9,316745.0,385.391
6585.7,848962.2,1347.138
3498.0,303975.5,364.945
3448.6,358430.8,459.478
6220.0,770255.7,1216.825
5589.9,698485.6,996.787
6354.2,794491.4,1196.173
2274.2,163534.7,157.135
7643.3,1254733.2,2122.825
5057.5,597479.7,876.842
10667.7,2018498.2,3816.787
3070.8,218958.7,279.491
2269.2,169424.4,157.135
3997.7,407756.8,528.09
3678.3,373897.5,420.534
5097.3,584211.8,889.127
6839.8,757064.0,1248.551
4036.7,385410.6,489.36
3827.0,349056.8,432.447
5329.9,570332.9,800.079
3838.2,342519.4,427.038
3567.6,311593.0,399.197
6160.4,725380.2,1211.096
7147.7,914762.5,1449.117
6331.1,755233.8,1257.678
3705.7,335286.7,458.459
2418.4,149633.8,157.135
3707.9,371771.4,465.918
2809.0,271238.4,285.028
4035.3,386690.4,472.909
3028.2,279022.0,305.703
4123.4,408139.8,516.324
2890.8,208636.8,227.214
2308.4,198716.4,187.038
6677.1,824233.3,1406.446
2933.6,209867.3,240.326
4199.8,393764.5,525.167
5959.9,774621.4,1133.082
6498.9,687342.6,1096.952
5607.5,694316.0,996.272
4690.5,500969.8,670.169
5843.6,664973.8,940.984
7390.2,1009612.5,1587.677
5112.9,568633.6,739.502
2156.5,152134.1,157.135
3468.7,292378.2,342.921
5446.7,604521.4,920.26
3080.6,254615.5,316.736
7919.5,1242723.4,1937.396
4014.0,369059.8,498.963
4557.2,436734.6,562.365
6528.0,848949.4,1299.696
3679.3,377344.8,453.089
